histoTH1F    hist100
histoTH1F    hist101
histoTH1F    hist102
histoTH1F    hist103
histoTH1F    hist104
Analysing dataset eos.mc16a_13TeV.346564.PoPy8_NNLO_30_ggH125_tth30h20_unpol.D3
Adding ../eosNTUPR21_v03/mc/hadhad/mc16a/nom/group.phys-higgs.Htt_hh_V03.mc16_13TeV.346564.PoPy8_NNLO_30_ggH125_tth30h20_unpol.D3.e7610_s3126_r9364_p3978.smPre_w_15_HS/group.phys-higgs.21107367._000001.HSM_common.root
h_metadata->GetBinContent(8) = 5.66527e+07
nentries chain       49523 
histoTH1F    hist10000000
histoTH1F    hist11000000
histoTH1F    hist12000000
histoTH1F    hist12000101
histoTH1F    hist12000102
histoTH1F    hist12000103
histoTH1F    hist12000104
histoTH1F    hist12000105
histoTH1F    hist12000106
histoTH1F    hist12000107
histoTH1F    hist12000108
histoTH1F    hist12000109
histoTH1F    hist12000110
histoTH1F    hist12000111
histoTH1F    hist12000112
histoTH1F    hist12000113
histoTH1F    hist12000114
histoTH1F    hist12000120
histoTH1F    hist12000121
histoTH1F    hist12000122
histoTH1F    hist12000123
histoTH1F    hist12000130
histoTH1F    hist12000131
histoTH1F    hist12000132
histoTH1F    hist12000133
histoTH1F    hist12000134
histoTH1F    hist12000135
histoTH1F    hist12000140
histoTH1F    hist12000141
histoTH1F    hist12000142
histoTH1F    hist12000143
histoTH1F    hist12000144
histoTH1F    hist12000145
histoTH1F    hist12000230
histoTH1F    hist12000231
histoTH1F    hist12000232
histoTH1F    hist12000233
histoTH1F    hist12000234
histoTH1F    hist12000235
histoTH1F    hist12000236
histoTH1F    hist12000237
histoTH1F    hist12000330
histoTH1F    hist12000331
histoTH1F    hist12000431
histoTH1F    hist12000531
histoTH1F    hist12000332
histoTH1F    hist12000333
histoTH1F    hist12000334
histoTH1F    hist12000335
histoTH1F    hist12000435
histoTH1F    hist12000535
histoTH1F    hist12000153
histoTH1F    hist12000154
histoTH1F    hist12000155
histoTH1F    hist12000161
histoTH1F    hist12000162
histoTH1F    hist12000163
histoTH1F    hist12000171
histoTH1F    hist12000172
histoTH1F    hist12000173
histoTH1F    hist12000181
histoTH1F    hist12000182
histoTH1F    hist12000183
histoTH1F    hist12000191
histoTH1F    hist12000192
histoTH1F    hist12000193
histoTH1F    hist12100101
histoTH1F    hist12100102
histoTH1F    hist12100103
histoTH1F    hist12100104
histoTH1F    hist12100105
histoTH1F    hist12100106
histoTH1F    hist12100107
histoTH1F    hist12100108
histoTH1F    hist12100109
histoTH1F    hist12100110
histoTH1F    hist12100111
histoTH1F    hist12100112
histoTH1F    hist12100113
histoTH1F    hist12100114
histoTH1F    hist12100120
histoTH1F    hist12100121
histoTH1F    hist12100122
histoTH1F    hist12100123
histoTH1F    hist12100130
histoTH1F    hist12100131
histoTH1F    hist12100132
histoTH1F    hist12100133
histoTH1F    hist12100134
histoTH1F    hist12100135
histoTH1F    hist12100140
histoTH1F    hist12100141
histoTH1F    hist12100142
histoTH1F    hist12100143
histoTH1F    hist12100144
histoTH1F    hist12100145
histoTH1F    hist12100230
histoTH1F    hist12100231
histoTH1F    hist12100232
histoTH1F    hist12100233
histoTH1F    hist12100234
histoTH1F    hist12100235
histoTH1F    hist12100236
histoTH1F    hist12100237
histoTH1F    hist12100330
histoTH1F    hist12100331
histoTH1F    hist12100431
histoTH1F    hist12100531
histoTH1F    hist12100332
histoTH1F    hist12100333
histoTH1F    hist12100334
histoTH1F    hist12100335
histoTH1F    hist12100435
histoTH1F    hist12100535
histoTH1F    hist12100153
histoTH1F    hist12100154
histoTH1F    hist12100155
histoTH1F    hist12100161
histoTH1F    hist12100162
histoTH1F    hist12100163
histoTH1F    hist12100171
histoTH1F    hist12100172
histoTH1F    hist12100173
histoTH1F    hist12100181
histoTH1F    hist12100182
histoTH1F    hist12100183
histoTH1F    hist12100191
histoTH1F    hist12100192
histoTH1F    hist12100193
histoTH1F    hist12200101
histoTH1F    hist12200102
histoTH1F    hist12200103
histoTH1F    hist12200104
histoTH1F    hist12200105
histoTH1F    hist12200106
histoTH1F    hist12200107
histoTH1F    hist12200108
histoTH1F    hist12200109
histoTH1F    hist12200110
histoTH1F    hist12200111
histoTH1F    hist12200112
histoTH1F    hist12200113
histoTH1F    hist12200114
histoTH1F    hist12200120
histoTH1F    hist12200121
histoTH1F    hist12200122
histoTH1F    hist12200123
histoTH1F    hist12200130
histoTH1F    hist12200131
histoTH1F    hist12200132
histoTH1F    hist12200133
histoTH1F    hist12200134
histoTH1F    hist12200135
histoTH1F    hist12200140
histoTH1F    hist12200141
histoTH1F    hist12200142
histoTH1F    hist12200143
histoTH1F    hist12200144
histoTH1F    hist12200145
histoTH1F    hist12200230
histoTH1F    hist12200231
histoTH1F    hist12200232
histoTH1F    hist12200233
histoTH1F    hist12200234
histoTH1F    hist12200235
histoTH1F    hist12200236
histoTH1F    hist12200237
histoTH1F    hist12200330
histoTH1F    hist12200331
histoTH1F    hist12200431
histoTH1F    hist12200531
histoTH1F    hist12200332
histoTH1F    hist12200333
histoTH1F    hist12200334
histoTH1F    hist12200335
histoTH1F    hist12200435
histoTH1F    hist12200535
histoTH1F    hist12200153
histoTH1F    hist12200154
histoTH1F    hist12200155
histoTH1F    hist12200161
histoTH1F    hist12200162
histoTH1F    hist12200163
histoTH1F    hist12200171
histoTH1F    hist12200172
histoTH1F    hist12200173
histoTH1F    hist12200181
histoTH1F    hist12200182
histoTH1F    hist12200183
histoTH1F    hist12200191
histoTH1F    hist12200192
histoTH1F    hist12200193
histoTH1F    hist12300101
histoTH1F    hist12300102
histoTH1F    hist12300103
histoTH1F    hist12300104
histoTH1F    hist12300105
histoTH1F    hist12300106
histoTH1F    hist12300107
histoTH1F    hist12300108
histoTH1F    hist12300109
histoTH1F    hist12300110
histoTH1F    hist12300111
histoTH1F    hist12300112
histoTH1F    hist12300113
histoTH1F    hist12300114
histoTH1F    hist12300120
histoTH1F    hist12300121
histoTH1F    hist12300122
histoTH1F    hist12300123
histoTH1F    hist12300130
histoTH1F    hist12300131
histoTH1F    hist12300132
histoTH1F    hist12300133
histoTH1F    hist12300134
histoTH1F    hist12300135
histoTH1F    hist12300140
histoTH1F    hist12300141
histoTH1F    hist12300142
histoTH1F    hist12300143
histoTH1F    hist12300144
histoTH1F    hist12300145
histoTH1F    hist12300230
histoTH1F    hist12300231
histoTH1F    hist12300232
histoTH1F    hist12300233
histoTH1F    hist12300234
histoTH1F    hist12300235
histoTH1F    hist12300236
histoTH1F    hist12300237
histoTH1F    hist12300330
histoTH1F    hist12300331
histoTH1F    hist12300431
histoTH1F    hist12300531
histoTH1F    hist12300332
histoTH1F    hist12300333
histoTH1F    hist12300334
histoTH1F    hist12300335
histoTH1F    hist12300435
histoTH1F    hist12300535
histoTH1F    hist12300153
histoTH1F    hist12300154
histoTH1F    hist12300155
histoTH1F    hist12300161
histoTH1F    hist12300162
histoTH1F    hist12300163
histoTH1F    hist12300171
histoTH1F    hist12300172
histoTH1F    hist12300173
histoTH1F    hist12300181
histoTH1F    hist12300182
histoTH1F    hist12300183
histoTH1F    hist12300191
histoTH1F    hist12300192
histoTH1F    hist12300193
histoTH1F    hist12400101
histoTH1F    hist12400102
histoTH1F    hist12400103
histoTH1F    hist12400104
histoTH1F    hist12400105
histoTH1F    hist12400106
histoTH1F    hist12400107
histoTH1F    hist12400108
histoTH1F    hist12400109
histoTH1F    hist12400110
histoTH1F    hist12400111
histoTH1F    hist12400112
histoTH1F    hist12400113
histoTH1F    hist12400114
histoTH1F    hist12400120
histoTH1F    hist12400121
histoTH1F    hist12400122
histoTH1F    hist12400123
histoTH1F    hist12400130
histoTH1F    hist12400131
histoTH1F    hist12400132
histoTH1F    hist12400133
histoTH1F    hist12400134
histoTH1F    hist12400135
histoTH1F    hist12400140
histoTH1F    hist12400141
histoTH1F    hist12400142
histoTH1F    hist12400143
histoTH1F    hist12400144
histoTH1F    hist12400145
histoTH1F    hist12400230
histoTH1F    hist12400231
histoTH1F    hist12400232
histoTH1F    hist12400233
histoTH1F    hist12400234
histoTH1F    hist12400235
histoTH1F    hist12400236
histoTH1F    hist12400237
histoTH1F    hist12400330
histoTH1F    hist12400331
histoTH1F    hist12400431
histoTH1F    hist12400531
histoTH1F    hist12400332
histoTH1F    hist12400333
histoTH1F    hist12400334
histoTH1F    hist12400335
histoTH1F    hist12400435
histoTH1F    hist12400535
histoTH1F    hist12400153
histoTH1F    hist12400154
histoTH1F    hist12400155
histoTH1F    hist12400161
histoTH1F    hist12400162
histoTH1F    hist12400163
histoTH1F    hist12400171
histoTH1F    hist12400172
histoTH1F    hist12400173
histoTH1F    hist12400181
histoTH1F    hist12400182
histoTH1F    hist12400183
histoTH1F    hist12400191
histoTH1F    hist12400192
histoTH1F    hist12400193
New file starting, run_number =    284500, analysed so far =         0 
Analysed so far:          1 events from          1 files, Run Number=    284500
TUPLE  33.402683  
 54.786838  71.468158  -60.504807  108.490215 3
 54.510191  71.107279  -60.199286  107.947964 
 0.000000  0.000000  0.000000  0.000000 
 70.604134  7.941873  -66.754826  97.489609 1
 46.140147  5.274837  -43.377939  63.548424 
 24.319906  2.650829  -23.240660  33.743610 
 3.503817  
 0.162183  0.172762  0.290652  0.501631   0.780254   1.092914   1.401899   1.669942   1.864713   1.962719   1.952139   1.834250   1.623270   1.344648   1.031988   0.723002   0.454959   0.260189 
 103.458450  
TUPLE  0.718627  
 -30.822785  40.587855  -32.836047  60.626925 1
 -30.102809  38.165185  -31.425426  57.882098 
 -5.184309  8.301370  -6.166554  11.568683 
 -39.599503  5.313562  -115.657268  122.364040 0
 -38.075230  5.109031  -111.205364  117.654060 
 0.000000  0.000000  0.000000  0.000000 
 5.967478  
 0.759775  1.001095  1.261900  1.510733   1.717581   1.857496   1.913601   1.879129   1.758239   1.565510   1.324191   1.063386   0.814552   0.607704   0.467789   0.411684   0.446156   0.567047 
 126.848763  
TUPLE  36.744804  
 44.395918  33.670171  -88.372929  104.472257 1
 40.629537  30.782831  -81.222464  95.892909 
 5.188483  3.965875  -9.981253  11.928627 
 -31.514930  42.824811  -16.420958  55.648927 2
 -20.293969  27.529519  -10.472934  35.769001 
 -8.816440  12.027855  -4.695142  15.637012 
 1.887671  
 0.777251  1.012681  1.274580  1.531358   1.752044   1.910021   1.986233   1.971489   1.867566   1.687001   1.451570   1.189671   0.932893   0.712207   0.554230   0.478018   0.492762   0.596685 
 115.287537  
TUPLE  31.800991  
 -17.786993  43.818941  -172.283891  178.656698 0
 -18.514855  45.612059  -179.333932  185.967574 
 0.000000  0.000000  0.000000  0.000000 
 40.019572  24.964895  -70.605011  84.911011 1
 30.582246  18.443221  -53.965235  64.712381 
 7.602215  5.376900  -13.402158  16.319950 
 2.354767  
 1.750241  1.524535  1.260388  0.989663   0.745011   0.555942   0.445260   0.426315   0.501393   0.661436   0.887143   1.151289   1.422015   1.666667   1.855736   1.966418   1.985363   1.910285 
 136.483322  
TUPLE  33.402683  
 22.265462  64.962043  6.238411  68.954591 1
 1.890943  5.518704  0.659585  5.872503 
 21.113819  61.600339  5.785967  65.375001 
 -18.797397  45.852118  86.246169  99.469395 1
 -14.993118  35.531663  66.860577  77.185807 
 -4.503277  12.025644  22.592991  25.987633 
 5.604878  
 0.774398  0.652852  0.587842  0.587210   0.651032   0.771610   0.934400   1.119768   1.305356   1.468778   1.590325   1.655334   1.655966   1.592145   1.471567   1.308776   1.123408   0.937821 
 114.265450  
TUPLE  33.402683  
 -152.184689  -17.522684  -170.105398  228.917170 3
 -148.914819  -17.146174  -166.450474  224.002776 
 0.000000  0.000000  0.000000  0.000000 
 -76.535065  21.182813  -208.275547  222.901394 1
 -66.434728  18.416274  -180.839697  193.534875 
 -8.041956  2.196841  -21.834352  23.372127 
 4.071592  
 0.121726  0.182281  0.274482  0.387209   0.506865   0.619017   0.710139   0.769239   0.789190   0.767585   0.707030   0.614829   0.502102   0.382446   0.270294   0.179172   0.120071   0.100121 
 112.322868  
TUPLE  33.402683  
 -111.232556  14.069907  -49.395910  122.517753 3
 -110.993495  14.039668  -49.289747  122.258205 
 0.000000  0.000000  0.000000  0.000000 
 -5.414032  34.704444  6.729736  35.763103 1
 -2.408232  14.390252  2.520524  14.807142 
 -2.656015  18.072028  3.774421  18.652535 
 5.936900  
 0.317846  0.336040  0.334395  0.313107   0.274746   0.223939   0.166812   0.110257   0.061095   0.025255   0.007061   0.008707   0.029994   0.068355   0.119163   0.176289   0.232844   0.282006 
 129.631699  
TUPLE  31.800991  
 46.732225  161.018605  -77.892676  184.873365 1
 35.550958  122.076402  -58.823270  140.095379 
 11.953564  41.603176  -20.356653  47.834334 
 54.933891  33.550676  -38.204463  74.852930 1
 43.355296  26.632333  -30.216261  59.177738 
 10.469164  6.240763  -7.216635  14.165047 
 4.796967  
 0.113720  0.013056  0.021598  0.138315   0.349131   0.628616   0.943062   1.254542   1.525485   1.723214   1.823878   1.815336   1.698618   1.487803   1.208317   0.893871   0.582392   0.311448 
 107.476418  
TUPLE  31.800991  
 15.443426  71.591909  84.331850  111.694949 3
 15.645434  72.528373  85.434963  113.163137 
 0.000000  0.000000  0.000000  0.000000 
 -65.128153  22.696562  194.181801  206.066450 1
 -17.597997  6.360350  52.253442  55.503020 
 -45.586731  15.658943  136.133969  144.415471 
 4.837681  
 1.822298  1.590655  1.289525  0.955229   0.628088   0.347560   0.147481   0.051983   0.072585   0.206802   0.438446   0.739576   1.073872   1.401013   1.681540   1.881620   1.977117   1.956515 
 131.464325  
TUPLE  33.718788  
 118.879344  42.262058  -444.932848  462.475534 1
 82.544282  29.213483  -309.641467  321.783846 
 31.295587  11.257023  -116.429997  121.087145 
 17.286576  -30.272511  -57.827998  67.522796 2
 4.102814  -6.608466  -13.388722  15.484904 
 15.560258  -27.825801  -52.389264  61.357040 
 4.249634  
 1.399608  1.073586  0.741793  0.444249   0.216842   0.087000   0.070385   0.169000   0.370951   0.651880   0.977902   1.309695   1.607239   1.834646   1.964487   1.981103   1.882488   1.680536 
 163.132690  
TUPLE  33.402683  
 -2.008698  83.303106  -102.070676  131.764431 2
 -1.416101  63.932975  -77.923746  100.804565 
 -0.704648  24.016817  -29.840474  38.312280 
 59.830399  47.673734  -86.777064  115.683709 1
 13.097635  10.238921  -18.992565  25.241247 
 49.880862  39.943260  -72.350447  96.530668 
 5.811508  
 1.251906  0.987032  0.728189  0.506598   0.348986   0.274364   0.291731   0.398994   0.583214   0.822173   1.087047   1.345890   1.567481   1.725093   1.799715   1.782347   1.675085   1.490864 
 107.009087  
TUPLE  33.718788  
 33.834282  -29.261191  1.634354  44.762116 1
 1.721909  -1.508714  0.188513  2.301349 
 33.498349  -28.951121  1.512789  44.301394 
 20.571944  27.702810  -58.521505  67.936861 1
 11.763419  15.870346  -33.459737  38.856394 
 6.872125  9.224846  -19.553238  22.686367 
 3.636578  
 1.594943  1.489011  1.394855  1.323831   1.284507   1.281625   1.315533   1.382141   1.473415   1.578346   1.684278   1.778435   1.849458   1.888783   1.891665   1.857757   1.791149   1.699875 
 119.911049  
TUPLE  31.800991  
 19.450840  47.647296  -17.734933  54.434620 1
 4.818662  12.067945  -4.553139  13.769726 
 13.520695  32.856453  -12.168256  37.555830 
 25.125403  -19.069753  -37.081363  48.682326 1
 12.778959  -10.014942  -19.261370  25.191680 
 9.806751  -7.127228  -14.071783  18.574258 
 2.476872  
 1.235289  1.436516  1.632013  1.798201   1.915034   1.968422   1.951923   1.867529   1.725419   1.542733   1.341506   1.146009   0.979821   0.862988   0.809601   0.826099   0.910493   1.052603 
 138.163666  
TUPLE  31.800991  
 84.580144  9.573860  -44.689779  96.138629 1
 12.084771  1.075963  -6.433035  13.733274 
 73.024738  8.557817  -38.536442  83.011591 
 9.649853  -39.181136  -12.229244  42.164386 1
 8.146026  -34.918505  -10.965727  37.495685 
 1.387192  -3.789050  -1.115702  4.188581 
 0.684861  
 0.748028  0.921494  1.058389  1.142199   1.162817   1.117755   1.012449   0.859601   0.677645   0.488529   0.315062   0.178168   0.094358   0.073740   0.118802   0.224108   0.376956   0.558912 
 114.827484  
TUPLE  33.402683  
 59.313471  30.790766  46.533648  81.434265 0
 62.088811  32.231499  48.711007  85.244775 
 0.000000  0.000000  0.000000  0.000000 
 -48.018858  24.456959  75.868366  93.058920 1
 -17.166157  9.133089  26.759706  33.078567 
 -33.715141  16.781763  53.631223  65.533691 
 1.290430  
 1.996279  1.996172  1.989847  1.978065   1.962249   1.944306   1.926399   1.910690   1.899072   1.892947   1.893053   1.899379   1.911160   1.926977   1.944920   1.962827   1.978536   1.990154 
 147.642776  
TUPLE  31.355324  
 -13.070278  96.509783  300.384456  315.778073 1
 -6.960933  52.413809  162.776645  171.148817 
 -6.048365  43.645710  136.206376  143.156298 
 -26.491896  65.566276  69.884180  99.421103 1
 -17.087609  43.467601  45.607222  65.279835 
 -10.838668  25.648697  28.060773  39.531729 
 0.772695  
 0.401884  0.455865  0.571211  0.734009   0.924623   1.120062   1.296754   1.433386   1.513479   1.527373   1.473391   1.358045   1.195247   1.004633   0.809194   0.632503   0.495870   0.415777 
 120.350563  
TUPLE  0.008312  
 -113.816496  54.984583  87.574223  153.774978 1
 -66.685674  32.029936  51.249515  89.996823 
 -42.891079  20.906439  33.062511  58.050596 
 -38.774262  -24.152130  10.659347  46.908319 2
 -8.975519  -5.134541  2.503232  10.639977 
 -30.343469  -19.356899  8.305865  36.938813 
 3.615611  
 1.479861  1.738894  1.915551  1.988525   1.949014   1.801783   1.564592   1.266048   0.942160   0.631994   0.372961   0.196304   0.123330   0.162841   0.310072   0.547264   0.845808   1.169696 
 132.606491  
TUPLE  31.800991  
 -37.299978  -49.970000  25.225295  67.265183 1
 -6.968629  -9.652215  4.682860  12.793581 
 -30.249996  -40.208796  20.487418  54.328280 
 -57.298629  -3.496406  135.345478  147.016177 3
 -57.185402  -3.489490  135.078021  146.729483 
 0.000000  0.000000  0.000000  0.000000 
 2.761526  
 0.567765  0.533240  0.582161  0.708628   0.897387   1.125671   1.365945   1.589230   1.768593   1.882400   1.916926   1.868005   1.741538   1.552779   1.324495   1.084220   0.860936   0.681573 
 122.894287  
TUPLE  31.355324  
 -4.095346  57.946109  41.725209  71.522839 0
 -4.010315  56.742981  40.858874  70.037958 
 0.000000  0.000000  0.000000  0.000000 
 31.596145  -6.985246  139.361968  143.069453 1
 21.149929  -4.218913  91.739462  94.240475 
 9.701590  -2.601712  44.338160  45.461856 
 5.816562  
 0.816487  0.913734  1.041437  1.184193   1.324783   1.446251   1.533945   1.577288   1.571053   1.515991   1.418744   1.291041   1.148285   1.007694   0.886227   0.798533   0.755189   0.761425 
 130.115219  
TUPLE  31.355324  
 -10.086007  79.957028  -195.434272  211.398695 1
 -0.980906  6.206142  -15.284210  16.525886 
 -9.166744  74.239583  -181.344547  196.166785 
 -29.806396  -14.885788  -38.037407  50.565326 1
 -5.054161  -2.809134  -6.949356  9.041505 
 -28.360611  -13.878617  -35.692674  47.654228 
 1.908835  
 1.403571  1.617446  1.797132  1.920956   1.973984   1.949819   1.851376   1.690528   1.486677   1.264410   1.050535   0.870849   0.747024   0.693997   0.718162   0.816605   0.977452   1.181304 
 135.546783  
TUPLE  33.402683  
 76.354287  -85.379747  -134.104271  176.362224 1
 69.195213  -76.504063  -120.664297  158.747414 
 3.647899  -4.949476  -7.273157  9.524785 
 -7.205722  -64.076555  -240.922629  249.402166 0
 -7.465850  -66.389736  -249.620002  258.405691 
 0.000000  0.000000  0.000000  0.000000 
 3.393625  
 0.366127  0.318485  0.265969  0.214913   0.171476   0.140896   0.126862   0.131067   0.153003   0.190024   0.237666   0.290182   0.341237   0.384674   0.415254   0.429288   0.425084   0.403148 
 143.217545  
TUPLE  31.800991  
 71.442130  44.357795  41.075558  93.588425 3
 73.273116  45.494638  42.128281  95.993312 
 0.000000  0.000000  0.000000  0.000000 
 18.669969  -37.629177  0.293117  42.007245 1
 6.700154  -13.728793  0.336859  15.280863 
 12.790534  -25.554539  -0.030857  28.577113 
 1.673653  
 1.301245  1.580475  1.787301  1.896777   1.895698   1.784194   1.575714   1.295405   0.977075   0.659120   0.379890   0.173064   0.063588   0.064667   0.176171   0.384650   0.664960   0.983290 
 154.232895  
TUPLE  33.718788  
 2.579884  -58.357474  163.357900  173.487908 1
 2.132484  -48.194360  134.771990  143.145914 
 0.390890  -8.884832  25.007669  26.542320 
 -19.378918  -30.623580  20.045977  41.414820 3
 -19.356183  -30.587652  20.022459  41.378468 
 0.000000  0.000000  0.000000  0.000000 
 5.802474  
 0.402868  0.211249  0.120387  0.141241   0.271295   0.494863   0.784980   1.106653   1.421083   1.690346   1.881965   1.972827   1.951973   1.821919   1.598351   1.308234   0.986561   0.672131 
 85.216705  
TUPLE  36.744804  
 85.251985  18.236872  32.761663  93.133298 1
 9.128492  2.017648  3.645632  10.035456 
 78.912664  16.815877  30.187889  86.147020 
 -37.522588  28.679915  22.813176  52.449244 1
 -10.962924  8.270849  6.321169  15.118508 
 -25.983574  19.968733  16.141752  36.530410 
 2.926278  
 1.313264  1.411520  1.452967  1.432607   1.352896   1.223448   1.059875   0.881908   0.711012   0.567800   0.469544   0.428097   0.448456   0.528168   0.657616   0.821189   0.999156   1.170052 
 172.981705  
TUPLE  36.744804  
 -197.383809  113.707004  1067.278945  1091.317551 1
 -119.164366  68.543217  644.982400  659.469965 
 -71.649128  41.378834  386.769982  395.520976 
 -70.444365  -25.887849  306.017302  315.085986 1
 -74.132148  -27.195289  322.229806  331.763811 
 -10.389177  -3.865760  44.939182  46.286363 
 0.472729  
 1.477042  1.734985  1.902274  1.958730   1.897546   1.726099   1.465070   1.145942   0.807207   0.489721   0.231778   0.064489   0.008033   0.069217   0.240664   0.501693   0.820821   1.159556 
 123.211914  
TUPLE  44.201973  
 -103.746425  14.908744  319.307490  336.069732 1
 -39.173500  5.936574  120.492138  126.839192 
 -68.701488  9.565472  211.522110  222.605063 
 9.954148  -30.732038  137.020806  140.777287 1
 4.845069  -15.456884  68.619245  70.505391 
 6.110217  -18.366028  82.182437  84.431137 
 3.285786  
 0.572014  0.290369  0.093455  0.005021   0.035736   0.181893   0.425865   0.738225   1.081297   1.413702   1.695347   1.892262   1.980695   1.949981   1.803823   1.559851   1.247492   0.904420 
 122.631577  
TUPLE  35.796818  
 56.492884  -87.274937  23.513670  106.589180 1
 33.831973  -53.042877  14.226029  64.502315 
 22.560768  -34.077355  9.245962  41.901795 
 18.469656  24.379069  -8.813352  31.829897 1
 12.488232  16.147894  -6.060402  21.294562 
 5.211035  7.214298  -2.385336  9.214609 
 4.191081  
 1.110924  1.253163  1.346297  1.379093   1.347596   1.255605   1.114215   0.940480   0.755355   0.581168   0.438930   0.345796   0.312999   0.344496   0.436487   0.577877   0.751612   0.936738 
 124.853142  
TUPLE  36.744804  
 19.108997  -47.598510  -14.343593  53.258901 3
 19.029650  -47.400862  -14.284033  53.047341 
 0.000000  0.000000  0.000000  0.000000 
 -40.295387  -13.930254  -3.342609  42.766146 1
 -6.081006  -2.308685  -0.749792  6.549071 
 -34.013772  -11.552215  -2.576176  36.014515 
 1.000604  
 0.033355  0.097149  0.229103  0.413300   0.627524   0.845937   1.042193   1.192623   1.279082   1.291141   1.227347   1.095393   0.911196   0.696972   0.478559   0.282302   0.131873   0.045414 
 95.179955  
TUPLE  31.355324  
 -60.908856  -94.680567  30.777361  116.711373 0
 -60.530354  -94.092198  30.586103  115.986183 
 0.000000  0.000000  0.000000  0.000000 
 -66.021270  -45.609635  -37.203525  88.448568 1
 -14.082439  -9.294968  -8.179005  18.751723 
 -50.607297  -35.394793  -28.274189  67.921557 
 0.613543  
 1.286423  1.091853  0.909960  0.762682   0.667783   0.636709   0.673208   0.772879   0.923698   1.107476   1.302046   1.483939   1.631218   1.726117   1.757191   1.720691   1.621021   1.470201 
 113.735085  
TUPLE  31.800991  
 -10.717844  63.293884  -1.439099  64.211050 0
 -10.638135  62.823164  -1.428396  63.733661 
 0.000000  0.000000  0.000000  0.000000 
 -29.613799  -17.142320  16.102569  37.817046 1
 -3.654780  -1.918454  2.027808  4.601018 
 -25.546538  -14.985096  13.850474  32.696063 
 5.642863  
 0.860010  0.661827  0.464550  0.291973   0.164912   0.098692   0.101300   0.172422   0.303480   0.478665   0.676849   0.874126   1.046703   1.173764   1.239984   1.237376   1.166254   1.035196 
 117.170776  
TUPLE  36.744804  
 -41.911887  48.684457  144.930719  158.529795 1
 -21.733963  26.113854  76.936051  84.103947 
 -13.960324  15.348304  46.494305  50.913650 
 -24.170286  -20.414426  20.799805  37.862692 1
 -21.674533  -18.279460  18.634174  33.928984 
 -2.724548  -2.328209  2.362522  4.294584 
 3.870881  
 0.504426  0.561587  0.629087  0.698784   0.762270   0.811890   0.841658   0.847983   0.830103   0.790174   0.733012   0.665513   0.595816   0.532329   0.482710   0.452942   0.446617   0.464497 
 124.436287  
TUPLE  33.402683  
 55.737652  23.836586  -83.640214  103.298374 1
 3.770180  1.616569  -5.414278  6.794221 
 55.386589  23.682225  -83.356676  102.843938 
 9.805570  47.557244  -2.623935  48.628445 1
 6.763610  34.278131  -1.898163  34.990845 
 3.012696  13.137190  -0.717941  13.497991 
 0.050611  
 1.952143  1.980157  1.926832  1.798601   1.610930   1.386455   1.152250   0.936566   0.765415   0.659442   0.631428   0.684752   0.812984   1.000655   1.225130   1.459334   1.675019   1.846170 
 114.901207  
TUPLE  31.800991  
 112.582308  -158.835284  -15.686795  195.318967 1
 13.516920  -19.055445  -2.014197  23.449809 
 99.490505  -140.379605  -13.731833  172.607577 
 42.999085  4.511542  12.118770  44.901447 2
 19.372791  2.162102  5.524590  20.261300 
 23.469359  2.332974  6.549949  24.489892 
 1.479909  
 0.459041  0.722510  1.025132  1.330408   1.601516   1.805757   1.918496   1.926135   1.827753   1.635216   1.371748   1.069125   0.763850   0.492742   0.288501   0.175762   0.168123   0.266505 
 121.495354  
TUPLE  31.800991  
 -77.782610  -28.735710  -84.054180  118.071929 1
 -55.276827  -20.610775  -59.614461  83.870347 
 -22.785142  -8.228142  -24.741601  34.627013 
 -48.805777  -48.560961  -213.076925  223.923976 3
 -47.967044  -47.726430  -209.415167  220.079268 
 0.000000  0.000000  0.000000  0.000000 
 1.173102  
 1.132908  1.215368  1.242889  1.212153   1.126866   0.997315   0.839126   0.671379   0.514306   0.386853   0.304393   0.276871   0.307608   0.392895   0.522446   0.680635   0.848382   1.005455 
 115.447121  
TUPLE  33.718788  
 -74.553227  12.630035  -88.699538  116.556036 1
 -36.012516  6.606247  -42.986306  56.465793 
 -34.851595  5.398816  -41.324116  54.327540 
 5.279664  -45.826752  -66.812960  81.190749 2
 2.815998  -23.668139  -34.607594  42.021610 
 2.056105  -18.621033  -27.047763  32.903264 
 5.948744  
 1.465456  1.357116  1.215650  1.058122   0.903533   0.770527   0.675147   0.628898   0.637357   0.699505   0.807846   0.949311   1.106839   1.261429   1.394435   1.489814   1.536064   1.527604 
 118.779205  
TUPLE  33.718788  
 96.343781  57.080501  -108.116571  155.658282 1
 22.147056  13.172202  -25.121702  35.987753 
 78.820697  46.647846  -88.183863  127.142187 
 5.604900  44.475730  -46.895852  64.874697 1
 4.938740  39.779389  -41.970543  58.037375 
 0.930809  6.796381  -7.139621  9.902000 
 4.714547  
 0.044061  0.058925  0.081675  0.109567   0.139236   0.167104   0.189810   0.204614   0.209732   0.204546   0.189682   0.166932   0.139040   0.109371   0.081503   0.058797   0.043992   0.038875 
 98.851204  
TUPLE  33.718788  
 23.443125  -132.697865  28.545386  137.743031 1
 12.226722  -68.286020  15.035806  70.982873 
 10.414665  -59.873693  12.533353  62.051813 
 40.303334  -24.199009  6.569431  47.466917 1
 31.951040  -19.191457  5.447024  37.667898 
 7.307571  -4.380277  0.952118  8.573924 
 6.044058  
 0.771324  0.467989  0.228355  0.081324   0.044632   0.122703   0.306122   0.572765   0.890471   1.220920   1.524255   1.763889   1.910920   1.947612   1.869540   1.686122   1.419479   1.101773 
 136.596603  
TUPLE  33.718788  
 79.169648  -23.831977  52.160783  97.757576 2
 34.756766  -10.535994  23.166038  43.078124 
 44.890714  -13.439822  29.309562  55.271406 
 17.552066  35.795005  -26.778752  48.025608 1
 9.309658  18.216274  -13.987433  24.782456 
 9.103415  19.334644  -14.104938  25.606017 
 3.576975  
 0.358642  0.270573  0.192476  0.133770   0.101536   0.099663   0.128375   0.184210   0.260433   0.347851   0.435920   0.514017   0.572723   0.604957   0.606831   0.578118   0.522283   0.446060 
 142.475143  
TUPLE  33.402683  
 -103.980950  56.048738  -144.354649  186.525504 0
 -105.630370  56.937822  -146.644504  189.484355 
 0.000000  0.000000  0.000000  0.000000 
 -77.482100  -56.887466  -146.593899  175.298120 0
 -76.626796  -56.259500  -144.975687  173.363106 
 0.000000  0.000000  0.000000  0.000000 
 4.140981  
 0.291482  0.215635  0.141120  0.076923   0.030788   0.008280   0.012112   0.041824   0.093830   0.161859   0.237706   0.312221   0.376418   0.422553   0.445061   0.441229   0.411518   0.359511 
 153.720612  
TUPLE  31.800991  
 -3.024921  -47.906626  20.856237  52.337153 0
 -0.488542  -7.737189  3.368399  8.453896 
 0.000000  0.000000  0.000000  0.000000 
 25.316755  16.157130  53.911376  61.712457 0
 24.781198  15.815337  52.770919  60.407136 
 0.000000  0.000000  0.000000  0.000000 
 5.970109  
 1.451004  1.568234  1.614368  1.583843   1.480339   1.316340   1.111628   0.890894   0.680761   0.506575   0.389345   0.343211   0.373737   0.477241   0.641239   0.845951   1.066685   1.276818 
 106.356895  
TUPLE  33.402683  
 54.035339  142.021730  16.204084  152.815451 3
 53.238841  139.928289  15.965231  150.567816 
 0.000000  0.000000  0.000000  0.000000 
 45.662227  -4.429248  12.072904  47.438510 1
 3.622148  -0.451261  1.055152  3.802160 
 46.339871  -4.395068  12.154599  48.108760 
 3.456007  
 0.548544  0.736740  0.975783  1.236840   1.488425   1.700192   1.846599   1.909987   1.882711   1.768061   1.579865   1.340822   1.079764   0.828180   0.616413   0.470006   0.406618   0.433894 
 135.266037  
TUPLE  53.569981  
 -100.681650  82.575037  87.516210  156.890148 1
 -28.878450  22.848695  24.477973  44.217851 
 -80.731805  67.049205  70.799305  126.592970 
 -18.491880  75.648351  138.470412  158.866855 0
 -18.262563  74.710238  136.753244  156.896814 
 0.000000  0.000000  0.000000  0.000000 
 1.747907  
 0.255433  0.338855  0.428971  0.514911   0.586309   0.634553   0.653825   0.641800   0.599929   0.533261   0.449838   0.359722   0.273783   0.202385   0.154140   0.134868   0.146893   0.188765 
 122.936592  
TUPLE  33.718788  
 -27.269398  -57.168813  221.961371  230.821887 0
 -26.181487  -54.888067  213.106236  221.613306 
 0.000000  0.000000  0.000000  0.000000 
 -39.173307  9.436127  70.652769  81.335124 0
 -38.935997  9.378963  70.224759  80.842520 
 0.000000  0.000000  0.000000  0.000000 
 2.410256  
 1.605308  1.750083  1.822072  1.812592   1.722788   1.563491   1.353913   1.119335   0.888048   0.687950   0.543176   0.471186   0.480666   0.570470   0.729767   0.939345   1.173923   1.405210 
 114.241180  
TUPLE  31.699320  
 117.503952  49.199023  -523.379346  538.659133 1
 101.907185  42.890257  -454.442837  467.699647 
 17.359983  7.047026  -76.790151  79.042869 
 28.488595  -22.273031  -92.074982  98.921637 0
 28.435742  -22.231709  -91.904159  98.738211 
 0.000000  0.000000  0.000000  0.000000 
 2.582834  
 1.727606  1.835208  1.834801  1.726434   1.523178   1.249549   0.938550   0.627692   0.354470   0.151838   0.044237   0.044644   0.153011   0.356267   0.629896   0.940895   1.251752   1.524974 
 93.092667  
TUPLE  33.402683  
 -68.198620  -59.088052  -38.917851  98.270284 1
 -57.069821  -49.404169  -32.527745  82.193735 
 -10.181626  -8.863237  -5.849595  14.712527 
 -38.449323  13.258103  17.328277  44.208561 0
 -37.912479  13.072988  17.086333  43.591528 
 0.000000  0.000000  0.000000  0.000000 
 2.475488  
 0.250253  0.291304  0.423460  0.630781   0.888261   1.164844   1.427170   1.643599   1.788026   1.843031   1.801979   1.669823   1.462502   1.205022   0.928440   0.666114   0.449685   0.305258 
 105.640434  
TUPLE  33.402683  
 9.000015  -140.276314  -2.399930  140.585220 1
 1.396037  -18.502018  -0.291569  18.557427 
 7.198707  -115.457707  -2.000294  115.699278 
 59.000959  -30.498129  20.379112  69.473428 1
 37.827961  -19.533916  13.126409  44.551662 
 20.359282  -10.543595  6.971644  23.964344 
 0.866493  
 0.189226  0.385775  0.659165  0.976423   1.299281   1.588800   1.810058   1.936368   1.952496   1.856497   1.659948   1.386558   1.069301   0.746442   0.456923   0.235665   0.109355   0.093227 
 142.112976  
TUPLE  44.201973  
 35.788271  -36.102831  -2.013012  50.875013 2
 2.136511  -1.886737  -0.029252  2.853908 
 35.875848  -36.459731  -2.108860  51.194810 
 9.003945  46.100438  -1.072173  46.983731 1
 4.922701  27.603244  -0.607783  28.045694 
 4.421087  20.237188  -0.504858  20.721073 
 0.492382  
 1.170095  1.315173  1.483043  1.653459   1.805867   1.921882   1.987513   1.994843   1.942988   1.838202   1.693125   1.525255   1.354838   1.202431   1.086416   1.020785   1.013455   1.065310 
 120.983482  
TUPLE  33.402683  
 48.463289  -18.094554  -47.330318  70.116063 1
 2.722514  -0.999292  -2.444846  3.795711 
 48.595836  -18.161244  -47.673788  70.457039 
 6.819029  -30.413032  12.148153  33.451895 1
 6.064387  -25.567111  10.268373  28.211928 
 0.692240  -4.567608  1.768611  4.948580 
 2.998599  
 1.521386  1.616111  1.640050  1.590316   1.472907   1.301985   1.098165   0.886031   0.691169   0.537084   0.442359   0.418420   0.468154   0.585563   0.756485   0.960305   1.172439   1.367301 
 113.336990  
TUPLE  0.874500  
 -55.764544  44.585018  -88.004847  113.324142 0
 -53.646395  42.891511  -84.662090  109.019752 
 0.000000  0.000000  0.000000  0.000000 
 -24.487420  -22.959208  -41.732130  53.556789 1
 -16.319800  -15.747876  -28.263676  36.237913 
 -8.795249  -7.799796  -14.538080  18.696717 
 1.492656  
 1.502573  1.412822  1.332721  1.271932   1.237787   1.234404   1.262191   1.317797   1.394515   1.483091   1.572842   1.652943   1.713731   1.747877   1.751260   1.723473   1.667867   1.591149 
 118.292763  
TUPLE  31.355324  
 141.521769  12.675866  147.279537  204.646892 1
 27.488781  2.518658  28.339663  39.561758 
 126.916697  11.311180  132.347751  183.716456 
 16.544075  -34.437763  53.301939  65.580200 1
 3.839865  -7.820325  11.533345  14.454742 
 13.184836  -27.617902  43.317087  53.037502 
 0.797988  
 0.244514  0.449210  0.725496  1.040049   1.354929   1.632157   1.838294   1.948479   1.949420   1.841005   1.636309   1.360023   1.045469   0.730589   0.453362   0.247224   0.137040   0.136099 
 107.580231  
TUPLE  0.305674  
 -74.778601  86.505650  21.457466  116.342123 0
 -78.151314  90.407285  22.425255  121.589542 
 0.000000  0.000000  0.000000  0.000000 
 -86.842838  63.647524  102.813556  148.873480 1
 -41.249213  30.215947  49.257774  70.998935 
 -46.621091  34.184607  54.772196  79.637461 
 4.632406  
 0.737415  1.024078  1.323454  1.599433   1.818729   1.954891   1.991496   1.924128   1.760914   1.521540   1.234877   0.935501   0.659522   0.440226   0.304065   0.267460   0.334827   0.498041 
 130.526428  
TUPLE  31.800991  
 66.739173  41.282832  114.155623  138.527599 1
 56.712335  35.140498  96.957575  117.694241 
 6.724057  4.099334  11.548733  13.978875 
 2.290816  55.517789  264.134636  269.915874 1
 1.440469  34.276699  161.883610  165.478971 
 0.814754  20.378586  98.147538  100.244242 
 5.470850  
 0.715041  0.409431  0.172023  0.031450   0.004669   0.094909   0.291286   0.570115   0.897763   1.234713   1.540323   1.777732   1.918305   1.945086   1.854846   1.658469   1.379640   1.051991 
 114.677872  
TUPLE  33.402683  
 43.709117  35.193452  13.354188  57.683622 1
 17.789297  14.032501  5.072547  23.218966 
 27.318482  22.287506  8.709451  36.316734 
 -25.750579  33.712772  -31.750359  52.988005 1
 -14.079141  18.630804  -17.917882  29.434657 
 -14.753895  19.117533  -17.633133  29.901557 
 6.151140  
 0.423795  0.487482  0.566211  0.650483   0.730137   0.795563   0.838870   0.854836   0.841534   0.800569   0.736881   0.658153   0.573880   0.494227   0.428801   0.385493   0.369528   0.382830 
 124.272575  
TUPLE  33.402683  
 -1.882464  59.292550  -69.032661  91.020099 1
 -1.460481  42.924646  -49.975158  65.895327 
 -0.137453  7.405969  -8.623372  11.368731 
 -56.877282  -16.420964  -102.792721  118.621317 1
 -41.266146  -11.929041  -74.231343  85.764261 
 -11.726282  -3.370337  -21.540386  24.756237 
 4.899671  
 0.847771  0.541172  0.294324  0.136999   0.088174   0.153737   0.325781   0.583555   0.895967   1.225336   1.531935   1.778784   1.936109   1.984934   1.919370   1.747326   1.489552   1.177140 
 117.799881  
TUPLE  0.718627  
 17.311183  59.880142  -65.979948  90.767075 3
 17.202061  59.502689  -65.564046  90.197235 
 0.000000  0.000000  0.000000  0.000000 
 54.738170  28.713597  -224.631881  232.981157 1
 50.325594  26.115647  -206.180079  213.833900 
 3.071797  1.894626  -12.949551  13.443759 
 2.066076  
 1.071781  1.090268  1.134803  1.200014   1.278036   1.359458   1.434460   1.493995   1.530882   1.540673   1.522186   1.477651   1.412440   1.334418   1.252995   1.177994   1.118459   1.081572 
 118.523590  
TUPLE  31.800991  
 -28.139574  -67.900421  -78.720890  107.699960 1
 -24.729916  -59.288177  -68.544971  93.941946 
 -2.944417  -7.489615  -8.874393  11.980692 
 47.436877  -55.900042  -28.104155  78.516976 1
 32.788991  -39.963648  -19.798599  55.355353 
 17.455512  -19.244926  -9.968945  27.829124 
 1.411195  
 0.602228  0.644976  0.704463  0.773514   0.843802   0.906847   0.955046   0.982585   0.986143   0.965291   0.922543   0.863056   0.794005   0.723718   0.660673   0.612474   0.584934   0.581376 
 113.840591  
TUPLE  33.718788  
 -71.602436  56.939784  141.410954  168.422403 1
 -54.280217  43.441241  107.363544  127.907910 
 -18.836197  14.702489  37.037435  44.076698 
 -48.394726  -35.452443  53.502545  80.383130 0
 -45.938217  -33.652882  50.786764  76.303022 
 0.000000  0.000000  0.000000  0.000000 
 2.272470  
 1.007974  1.289198  1.547464  1.751623   1.877050   1.908616   1.842515   1.686718   1.460018   1.189758   0.908535   0.650268   0.446109   0.320683   0.289116   0.355218   0.511014   0.737714 
 117.261162  
TUPLE  33.402683  
 -76.328185  -0.324558  -10.329311  77.024618 0
 -80.038339  -0.340334  -10.831397  80.768745 
 0.000000  0.000000  0.000000  0.000000 
 -32.668223  62.227097  -0.705214  70.284577 1
 -22.138515  42.072817  -0.553492  47.545364 
 -8.144905  15.611664  -0.100240  17.609424 
 0.897150  
 0.975302  0.893518  0.864365  0.891358   0.971241   1.094380   1.245923   1.407590   1.559883   1.684432   1.766216   1.795370   1.768377   1.688493   1.565354   1.413812   1.252145   1.099852 
 100.450249  
TUPLE  31.800991  
 -2.789532  98.929085  80.313138  127.455661 3
 -2.799496  99.282457  80.600014  127.914404 
 0.000000  0.000000  0.000000  0.000000 
 35.402995  -0.300898  13.188765  37.781028 1
 18.378997  -0.517304  7.153643  19.729400 
 16.840429  0.217965  5.966736  17.868064 
 1.501593  
 1.078950  1.309308  1.527300  1.706631   1.825672   1.870065   1.834455   1.723137   1.549538   1.334597   1.104238   0.886247   0.706916   0.587875   0.543482   0.579092   0.690410   0.864009 
 122.501617  
TUPLE  33.402683  
 -20.141763  88.764578  29.189494  95.586963 0
 -19.939917  87.875043  28.896978  94.629162 
 0.000000  0.000000  0.000000  0.000000 
 -40.721370  7.088009  24.495823  48.047010 1
 -8.530711  1.775792  5.472899  10.290703 
 -37.343905  6.209196  22.122844  43.847005 
 5.121420  
 1.772094  1.694203  1.538933  1.325011   1.078241   0.828385   0.605580   0.436700   0.342114   0.333230   0.411121   0.566391   0.780313   1.027084   1.276940   1.499744   1.668625   1.763211 
 110.200386  
TUPLE  33.402683  
 -7.182625  -43.820919  -29.644226  53.391415 0
 -6.993948  -42.669806  -28.865515  51.989087 
 0.000000  0.000000  0.000000  0.000000 
 -37.253353  -22.360419  40.963038  59.714079 1
 -26.648612  -15.836946  29.303924  42.657904 
 -10.743255  -6.606612  11.811421  17.279836 
 3.605973  
 1.073344  0.749780  0.463127  0.247958   0.130227   0.124133   0.230412   0.436244   0.716804   1.038252   1.361816   1.648469   1.863638   1.981370   1.987463   1.881185   1.675352   1.394792 
 111.693298  
TUPLE  31.800991  
 39.023636  11.239921  -118.340064  125.114151 1
 23.598528  6.981794  -71.880021  75.976265 
 18.975129  5.280623  -57.225535  60.520414 
 -8.664656  -38.276459  -116.304234  122.747051 1
 -1.631618  -8.604224  -25.889798  27.331227 
 -7.151737  -30.196588  -92.007698  97.100031 
 6.036799  
 0.566708  0.851659  1.164607  1.467804   1.724681   1.904255   1.984866   1.956792   1.823418   1.600832   1.315880   1.002933   0.699736   0.442859   0.263285   0.182674   0.210748   0.344122 
 109.464134  
TUPLE  33.718788  
 74.790499  -68.705345  62.637862  119.321184 1
 61.794584  -56.883383  51.767290  98.661855 
 12.483895  -11.351605  10.441748  19.843258 
 35.857991  -24.522891  -15.602356  46.158436 2
 31.521545  -21.536801  -13.693863  40.558389 
 3.380875  -2.332584  -1.492709  4.378621 
 4.303940  
 0.723782  0.469597  0.291969  0.212324   0.240268   0.372431   0.592871   0.875001   1.184791   1.484876   1.739061   1.916689   1.996333   1.968389   1.836227   1.615787   1.333657   1.023867 
 132.192368  
TUPLE  36.744804  
 43.164989  75.151799  -257.462008  271.657311 1
 21.824491  38.505009  -130.806623  138.091767 
 21.575382  37.055727  -128.056381  135.044729 
 -37.739331  27.900351  -137.754445  145.529976 1
 -31.963292  23.731486  -118.151199  124.677828 
 -10.156415  7.407232  -35.592288  37.747172 
 2.060567  
 0.519455  0.448802  0.466052  0.569124   0.745587   0.974156   1.227262   1.474378   1.685697   1.835731   1.906384   1.889134   1.786062   1.609599   1.381030   1.127924   0.880808   0.669489 
 101.783997  
TUPLE  33.718788  
 47.465224  60.085043  -39.619154  86.213904 1
 13.616162  17.289120  -11.044050  24.623243 
 32.684075  41.321194  -27.602691  59.477867 
 -18.513239  29.074017  -25.883783  43.104625 1
 -9.844134  15.962235  -13.883531  23.333920 
 -10.359655  15.766696  -14.363847  23.711800 
 1.215621  
 0.958038  0.725912  0.491048  0.281775   0.123334   0.034836   0.026954   0.100639   0.247004   0.448395   0.680521   0.915385   1.124658   1.283099   1.371598   1.379480   1.305794   1.159429 
 101.581726  
TUPLE  31.800991  
 30.150372  76.061966  -44.520810  93.148109 0
 19.905512  50.216705  -29.392987  61.497268 
 0.000000  0.000000  0.000000  0.000000 
 -39.236827  -1.361281  -7.257287  39.925554 0
 -39.142126  -1.357995  -7.239771  39.829435 
 0.000000  0.000000  0.000000  0.000000 
 4.358072  
 1.265818  1.261687  1.301795  1.381303   1.490622   1.616567   1.743945   1.857395   1.943231   1.991102   1.995232   1.955125   1.875616   1.766297   1.640353   1.512974   1.399525   1.313688 
 127.778313  
TUPLE  31.800991  
 21.389340  41.125976  -4.801442  46.603687 1
 14.459883  26.917890  -2.926953  30.696051 
 6.953146  14.253638  -1.879806  15.970733 
 -40.376607  8.434626  -56.399653  69.873701 1
 -11.213727  2.084692  -15.844195  19.523104 
 -30.957841  6.724895  -43.062730  53.460538 
 2.769793  
 1.683888  1.841123  1.890990  1.827473   1.658234   1.403684   1.094527   0.768051   0.463635   0.217995   0.060759   0.010892   0.074409   0.243649   0.498198   0.807355   1.133831   1.438247 
 133.498825  
TUPLE  31.800991  
 68.747536  3.306547  -237.241784  247.023928 1
 20.802806  0.658462  -72.276938  75.214131 
 48.540305  2.676736  -167.020100  173.951309 
 33.949930  37.192944  -49.067052  70.309945 0
 33.677640  36.894644  -48.673518  69.746176 
 0.000000  0.000000  0.000000  0.000000 
 1.256543  
 0.371892  0.479783  0.663379  0.900537   1.162652   1.418108   1.636095   1.790319   1.862180   1.843008   1.735118   1.551521   1.314363   1.052248   0.796792   0.578805   0.424581   0.352721 
 101.609398  
TUPLE  33.718788  
 -84.296981  138.282040  139.550221  213.780654 1
 -11.185964  18.319058  18.379778  28.258617 
 -69.214560  113.571191  114.720025  175.641035 
 28.781211  76.146871  56.990668  99.371225 1
 8.253648  22.283342  16.730178  29.061803 
 20.501260  53.793930  40.208398  70.219813 
 1.958947  
 0.495011  0.768994  1.067222  1.353725   1.593946   1.758911   1.828722   1.794960   1.661697   1.445006   1.171023   0.872795   0.586292   0.346071   0.181106   0.111295   0.145057   0.278320 
 121.242142  
TUPLE  35.796818  
 -26.007205  94.460327  13.192154  98.859300 1
 -11.917045  43.845481  5.894229  45.817066 
 -8.051445  28.681715  4.234785  30.090168 
 31.589445  -5.852098  -24.082590  40.151105 1
 18.837700  -3.732235  -15.126443  24.446212 
 14.622972  -2.466517  -10.382698  18.103416 
 4.825949  
 0.225072  0.401982  0.659299  0.965986   1.285052   1.578013   1.809534   1.951690   1.987334   1.912167   1.735257   1.477940   1.171253   0.852187   0.559226   0.327705   0.185550   0.149905 
 137.352844  
TUPLE  0.001334  
 31.202217  -36.630845  -22.079550  52.942456 0
 30.865829  -36.235932  -21.841512  52.371875 
 0.000000  0.000000  0.000000  0.000000 
 -42.105340  -4.590694  3.199386  42.475525 0
 -41.792650  -4.556601  3.175626  42.160316 
 0.000000  0.000000  0.000000  0.000000 
 4.174599  
 0.939729  0.811997  0.716263  0.664073   0.661721   0.709492   0.801624   0.927004   1.070510   1.214832   1.342563   1.438298   1.490488   1.492839   1.445068   1.352937   1.227557   1.084051 
 137.005203  
TUPLE  33.718788  
 33.944564  -36.310005  -39.493753  63.485483 0
 33.683278  -36.030512  -39.189753  62.996962 
 0.000000  0.000000  0.000000  0.000000 
 26.004956  23.006689  -87.742204  94.362386 1
 6.677040  5.791621  -21.054843  22.835316 
 19.130794  17.040673  -66.022263  70.818989 
 4.305867  
 1.193789  1.480350  1.714282  1.867367   1.921143   1.869123   1.717581   1.484795   1.198843   0.894216   0.607654   0.373723   0.220637   0.166861   0.218882   0.370424   0.603210   0.889161 
 132.141449  
TUPLE  36.744804  
 41.267776  -59.042601  181.450181  195.226090 2
 23.097243  -32.054960  99.824456  107.358952 
 15.327021  -22.919369  69.123087  74.429120 
 34.353560  2.701058  32.511687  47.375865 1
 5.589959  0.565404  5.654209  7.972257 
 28.459455  2.111740  26.569639  38.991845 
 2.447052  
 1.836609  1.945855  1.987409  1.956260   1.856163   1.699193   1.504282   1.294939   1.096415   0.932654   0.823408   0.781853   0.813003   0.913100   1.070070   1.264981   1.474324   1.672848 
 122.981071  
TUPLE  16.396685  
 -177.527521  -45.822864  163.624797  245.741388 1
 -13.684960  -3.387192  12.603424  18.910764 
 -174.078530  -45.077763  160.455731  241.000828 
 -29.126510  11.521281  -3.320724  31.497948 1
 -14.775122  6.258406  -1.344292  16.102747 
 -12.678954  4.601331  -1.785757  13.606442 
 3.574343  
 0.737801  0.720879  0.673377  0.601025   0.512551   0.418624   0.330575   0.259023   0.212598   0.196900   0.213823   0.261324   0.333676   0.422151   0.516077   0.604126   0.675679   0.722103 
 133.582611  
TUPLE  36.744804  
 -119.940859  -48.633561  -148.317771  196.848150 3
 -117.629010  -47.696138  -145.458953  193.058199 
 0.000000  0.000000  0.000000  0.000000 
 -24.632102  -46.858907  -1.422624  52.957733 1
 -5.945372  -10.155706  -0.212391  11.770743 
 -18.597898  -36.534220  -1.205103  41.013431 
 5.342289  
 0.836344  1.179098  1.500875  1.762864   1.933464   1.992100   1.931698   1.759544   1.496402   1.174011   0.831257   0.509480   0.247491   0.076890   0.018255   0.078657   0.250811   0.513953 
 143.234634  
TUPLE  33.718788  
 -20.747181  48.850426  -26.290749  59.228483 1
 -1.818098  4.472104  -2.648564  5.508136 
 -18.854123  44.201829  -23.547198  53.514189 
 -34.803859  -18.746046  -66.105243  77.023541 0
 -35.194872  -18.956653  -66.847920  77.889008 
 0.000000  0.000000  0.000000  0.000000 
 3.678832  
 1.129806  0.914792  0.679498  0.452303   0.260611   0.127542   0.069148   0.092470   0.194696   0.363496   0.578510   0.813804   1.040999   1.232691   1.365760   1.424154   1.400832   1.298606 
 103.744720  
TUPLE  35.796818  
 66.122126  2.391059  18.388314  68.673014 3
 65.814591  2.379938  18.302790  68.360765 
 0.000000  0.000000  0.000000  0.000000 
 -28.023527  -32.721993  62.640110  76.025195 1
 -4.024889  -5.038637  9.681059  11.633142 
 -23.421581  -27.009555  51.669182  62.831593 
 5.480432  
 0.284245  0.213418  0.168828  0.155854   0.176061   0.227010   0.302558   0.393591   0.489130   0.577652   0.648479   0.693069   0.706043   0.685836   0.634887   0.559339   0.468306   0.372767 
 147.820984  
TUPLE  33.402683  
 97.348580  -6.693114  44.270732  107.151489 1
 44.442331  -2.787198  20.574842  49.053367 
 54.747488  -4.032508  24.533220  60.128576 
 13.549806  28.347019  -11.489539  33.453852 1
 6.880495  14.358011  -6.228138  17.096868 
 7.693460  16.131597  -6.129828  18.894728 
 3.451544  
 0.090726  0.074836  0.148405  0.302561   0.518710   0.770780   1.028369   1.260408   1.438908   1.542341   1.558231   1.484662   1.330506   1.114357   0.862287   0.604698   0.372659   0.194159 
 112.946175  
TUPLE  31.800991  
 -11.889043  -93.858442  -12.178998  95.389121 1
 -1.614472  -14.513671  -1.748367  14.708142 
 -10.375767  -80.143667  -10.534295  81.496341 
 32.343722  -2.029025  8.078418  33.399013 1
 19.398225  -0.875989  4.626755  19.962085 
 15.882618  -1.337290  4.185260  16.479700 
 5.923438  
 0.138065  0.241994  0.444389  0.720840   1.038002   1.357621   1.641145   1.854379   1.971602   1.978676   1.874747   1.672351   1.395900   1.078739   0.759120   0.475595   0.262362   0.145139 
 128.096161  
TUPLE  33.402683  
 56.820782  2.655931  142.288788  153.237575 0
 54.889020  2.565636  137.451332  148.027954 
 0.000000  0.000000  0.000000  0.000000 
 11.321596  -27.904661  37.748133  48.288406 1
 6.136986  -13.748770  18.762618  24.057153 
 5.662199  -15.333015  20.577875  26.279821 
 4.466049  
 0.271350  0.460969  0.693802  0.941768   1.174957   1.365244   1.489676   1.533247   1.490700   1.367167   1.177549   0.944715   0.696749   0.463560   0.273274   0.148841   0.105270   0.147818 
 98.386505  
TUPLE  33.402683  
 6.482084  -55.717271  32.840539  64.999482 2
 4.655316  -41.971572  24.694357  48.919480 
 1.693644  -12.601400  7.471715  14.750020 
 -34.544234  -1.987801  7.241091  35.350938 1
 -29.313588  -1.749955  6.151822  30.003552 
 -6.846158  -0.330809  1.427909  7.002603 
 6.172791  
 0.826929  0.547562  0.334034  0.212099   0.196465   0.289016   0.478591   0.742323   1.048402   1.359912   1.639278   1.852806   1.974741   1.990375   1.897824   1.708249   1.444517   1.138438 
 116.392616  
TUPLE  0.305674  
 -25.256163  -69.461715  28.786698  79.318835 1
 -13.407156  -37.719123  15.252427  42.838535 
 -12.287932  -32.949764  14.034553  37.863797 
 55.285436  -29.247397  54.262810  82.803033 1
 26.657378  -14.987834  26.583248  40.520853 
 28.171540  -14.018053  27.231486  41.613862 
 1.804934  
 0.902043  1.088537  1.227642  1.302580   1.304312   1.232630   1.096179   0.911417   0.700630   0.489241   0.302746   0.163641   0.088703   0.086971   0.158653   0.295105   0.479866   0.690654 
 117.077362  
TUPLE  36.744804  
 37.513054  30.382872  -54.739511  72.984671 0
 36.098384  29.237091  -52.675207  70.232455 
 0.000000  0.000000  0.000000  0.000000 
 -33.142651  11.732254  -40.142109  53.361691 1
 -9.088724  2.801245  -10.852513  14.430814 
 -25.485375  9.437731  -31.023355  41.243689 
 3.078562  
 1.974976  1.895400  1.708515  1.436862   1.113207   0.776586   0.467602   0.223522   0.073786   0.036455   0.116031   0.302916   0.574569   0.898224   1.234845   1.543829   1.787909   1.937644 
 122.125122  
TUPLE  31.800991  
 54.594920  -5.937469  -35.496686  65.390164 1
 41.513699  -4.389972  -26.871467  49.646292 
 17.067805  -1.981139  -11.217305  20.520259 
 -8.453124  -37.530345  19.307693  43.043804 0
 -8.204883  -36.428201  18.740689  41.779981 
 0.000000  0.000000  0.000000  0.000000 
 2.667326  
 0.880508  0.910982  0.969269  1.048338   1.138653   1.229319   1.309402   1.369243   1.401623   1.402637   1.372162   1.313876   1.234807   1.144492   1.053825   0.973742   0.913902   0.881522 
 120.246460  
TUPLE  44.201973  
 -5.890630  91.387019  -86.054169  125.664660 1
 -0.604701  7.113618  -6.700614  9.792187 
 -5.430779  86.520625  -81.469639  118.964836 
 -31.110375  1.264317  -29.553276  42.928429 3
 -30.710583  1.248072  -29.173494  42.399697 
 0.000000  0.000000  0.000000  0.000000 
 0.870657  
 0.110034  0.090191  0.082828  0.088833   0.107483   0.136526   0.172462   0.210954   0.247361   0.277291   0.297134   0.304497   0.298492   0.279843   0.250799   0.214864   0.176371   0.139965 
 108.314140  
TUPLE  33.402683  
 -11.738045  -63.397873  -102.870168  121.405698 1
 -0.556423  -3.160366  -5.228074  6.135939 
 -11.717778  -63.133307  -102.340855  120.817174 
 48.226717  2.784498  -229.813655  234.835870 3
 49.445100  2.854845  -235.619596  240.772985 
 0.000000  0.000000  0.000000  0.000000 
 4.894568  
 0.084196  0.179012  0.303458  0.442525   0.579439   0.697686   0.783004   0.825102   0.818902   0.765153   0.670337   0.545890   0.406823   0.269909   0.151662   0.066345   0.024247   0.030446 
 126.596710  
TUPLE  35.796818  
 39.897354  73.775770  349.333300  359.260932 0
 40.117962  74.183705  351.264898  361.247451 
 0.000000  0.000000  0.000000  0.000000 
 -43.512675  57.594243  271.901406  281.319790 1
 -5.644499  7.703656  35.532132  36.793458 
 -39.570622  52.143973  247.007491  255.533847 
 0.903048  
 0.452060  0.538666  0.667812  0.823922   0.988165   1.140732   1.263221   1.340858   1.364279   1.330659   1.244053   1.114906   0.958797   0.794554   0.641986   0.519497   0.441860   0.418439 
 112.316139  
TUPLE  35.796818  
 29.347640  44.458712  -30.163934  61.218657 0
 36.850504  55.824794  -37.875488  76.869625 
 0.000000  0.000000  0.000000  0.000000 
 18.857368  46.593352  -130.675116  140.009023 1
 9.107968  22.797375  -63.926667  68.478563 
 7.151420  17.376805  -48.745317  52.241941 
 3.991733  
 1.267418  1.445805  1.564814  1.610090   1.576171   1.467150   1.296175   1.083869   0.855839   0.639589   0.461202   0.342193   0.296918   0.330836   0.439857   0.610832   0.823138   1.051168 
 99.680389  
TUPLE  33.402683  
 57.379915  -14.992969  -49.737327  77.401844 1
 26.246523  -7.031718  -23.034857  35.622312 
 30.588323  -7.818828  -26.229999  41.046445 
 32.198488  38.912431  -119.511134  129.745255 1
 3.915360  4.538089  -14.794288  15.962918 
 29.893337  36.320307  -110.693454  120.274001 
 6.178032  
 0.442693  0.220272  0.073925  0.021303   0.068754   0.210553   0.429598   0.699469   0.987616   1.259283   1.481704   1.628051   1.680673   1.633222   1.491423   1.272378   1.002507   0.714360 
 98.721252  
TUPLE  35.796818  
 -60.402007  -35.982188  -106.193763  127.358689 1
 -48.120356  -28.023649  -84.301817  101.033209 
 -9.981086  -6.588358  -17.847422  21.484348 
 14.201854  -64.635614  -16.785927  68.273147 2
 6.982231  -34.548417  -8.518266  36.261895 
 7.320690  -30.547158  -8.387113  32.513657 
 1.639490  
 1.930514  1.966958  1.899492  1.736252   1.496928   1.210387   0.911188   0.635420   0.416344   0.280385   0.243941   0.311407   0.474647   0.713970   1.000512   1.299711   1.575479   1.794555 
 123.621368  
TUPLE  31.800991  
 14.017609  -62.084783  328.167488  334.282686 1
 6.600269  -28.289629  149.398432  152.196510 
 7.145576  -32.591501  172.406816  175.605790 
 -11.649851  -29.018513  32.373293  45.009146 1
 -9.737769  -24.218773  27.033277  37.579126 
 -1.994671  -5.005460  5.569519  7.750555 
 0.012543  
 1.548897  1.650358  1.709788  1.720019   1.679817   1.594031   1.473008   1.331345   1.186129   1.054875   0.953414   0.893984   0.883753   0.923955   1.009741   1.130764   1.272426   1.417643 
 139.035034  
TUPLE  35.796818  
 21.173917  65.155920  -83.492026  108.002533 1
 18.170007  55.948201  -71.623787  92.684069 
 2.669723  8.179376  -10.550495  13.614727 
 -41.187188  -7.568529  -54.830773  68.993339 1
 -2.303621  -0.442055  -3.278496  4.033621 
 -42.014454  -7.701805  -55.720293  70.208984 
 6.203657  
 0.605723  0.643588  0.699423  0.766494   0.836710   0.901603   0.953345   0.985696   0.994754   0.979425   0.941560   0.885725   0.818655   0.748438   0.683546   0.631803   0.599452   0.590395 
 131.796463  
TUPLE  0.305674  
 -46.040347  -68.465711  74.977933  111.485235 3
 -44.575355  -66.287162  72.592163  107.944121 
 0.000000  0.000000  0.000000  0.000000 
 24.211069  -49.937550  173.174381  181.849666 1
 17.097071  -34.814553  121.170920  127.227254 
 4.911242  -10.579609  36.247810  38.078476 
 5.298239  
 1.185200  1.495251  1.742146  1.896107   1.938563   1.864393   1.682544   1.414949   1.093884   0.758074   0.448023   0.201127   0.047167   0.004711   0.078880   0.260730   0.528325   0.849390 
 124.460152  
TUPLE  31.355324  
 -164.461661  47.058705  53.498855  179.232495 2
 -105.371217  30.525605  34.318190  114.946351 
 -63.578872  17.817404  20.640733  69.179807 
 -42.064220  33.933151  -18.816770  57.226989 1
 -20.032990  16.479508  -9.282257  27.551309 
 -26.638601  21.170399  -11.595547  35.948237 
 5.032964  
 0.576530  0.574007  0.585487  0.609585   0.643394   0.682838   0.723158   0.759491   0.787455   0.803677   0.806200   0.794721   0.770623   0.736813   0.697369   0.657049   0.620716   0.592752 
 108.890091  
TUPLE  36.744804  
 -10.029790  -77.694886  63.346330  100.746462 3
 -9.764158  -75.637190  61.668647  98.084485 
 0.000000  0.000000  0.000000  0.000000 
 57.763120  -15.384027  47.308602  76.232212 1
 7.541408  -2.401754  6.200398  10.055132 
 51.164459  -13.233354  41.880325  67.430730 
 5.493078  
 1.385924  1.564011  1.682106  1.725966   1.690299   1.579408   1.406668   1.192914   0.963927   0.747328   0.569240   0.451145   0.407285   0.442952   0.553843   0.726583   0.940338   1.169324 
 115.672157  
TUPLE  35.796818  
 58.404522  33.159488  187.733203  199.385043 1
 22.602963  12.264735  70.810936  75.336086 
 31.983461  18.727035  104.649602  111.018922 
 63.759319  7.715251  35.691376  73.475507 3
 62.820479  7.601646  35.165828  72.403779 
 0.000000  0.000000  0.000000  0.000000 
 2.417294  
 1.262852  0.931674  0.604486  0.320753   0.114696   0.011170   0.022661   0.147782   0.371444   0.666667   0.997845   1.325033   1.608766   1.814823   1.918349   1.906858   1.781737   1.558075 
 115.054932  
TUPLE  36.744804  
 62.657872  31.225403  209.362002  220.756614 2
 4.236788  1.949008  14.371554  15.109932 
 56.638284  28.387940  189.033475  199.367746 
 -9.145647  -31.962655  41.497056  53.171984 1
 -6.897526  -24.006610  31.154668  39.931516 
 -1.209207  -4.325199  5.628468  7.201902 
 5.636877  
 1.747893  1.872117  1.956653  1.991307   1.971897   1.900766   1.786492   1.642859   1.487192   1.338264   1.214041   1.129504   1.094851   1.114260   1.185392   1.299665   1.443298   1.598966 
 135.975235  
TUPLE  35.796818  
 42.043132  -46.683775  18.492797  65.490330 3
 41.704253  -46.307490  18.343741  64.971837 
 0.000000  0.000000  0.000000  0.000000 
 -28.442379  -40.037770  4.284838  49.298599 1
 -16.605023  -23.699068  2.688567  29.062354 
 -11.146767  -15.366379  1.492126  19.042602 
 0.354364  
 1.517812  1.583518  1.601144  1.568566   1.489711   1.374092   1.235654   1.091094   0.957848   0.851989   0.786283   0.768657   0.801235   0.880090   0.995709   1.134147   1.278707   1.411953 
 120.850227  
TUPLE  33.402683  
 -17.900254  -40.145529  -13.146128  45.879224 2
 -6.737549  -14.440447  -4.549808  16.572306 
 -11.136307  -25.645880  -8.576933  29.278002 
 39.703825  10.017232  18.627932  44.985982 1
 13.302327  3.520240  6.543275  15.237386 
 24.409774  5.994482  11.150196  27.497563 
 0.048627  
 1.187660  1.363332  1.513686  1.620589   1.671145   1.659258   1.586361   1.461246   1.299004   1.119204   0.943533   0.793178   0.686276   0.635719   0.647607   0.720504   0.845619   1.007861 
 134.240417  
TUPLE  33.402683  
 -24.743272  -76.065116  -73.115898  108.370041 1
 -1.164280  -4.344322  -4.012664  6.029066 
 -23.757765  -72.270378  -69.631511  103.131007 
 -50.487322  8.228929  -131.275736  140.890041 3
 -49.904434  8.133927  -129.760123  139.267670 
 0.000000  0.000000  0.000000  0.000000 
 0.917839  
 0.151133  0.238562  0.330413  0.415608   0.483869   0.526966   0.539698   0.520531   0.471776   0.399314   0.311884   0.220033   0.134839   0.066577   0.023481   0.010749   0.029916   0.078671 
 122.094177  
TUPLE  33.718788  
 122.662987  -48.054464  136.105131  189.420291 0
 118.326453  -46.355583  131.293373  182.723723 
 0.000000  0.000000  0.000000  0.000000 
 8.194728  -37.515548  49.733836  62.833306 1
 3.232351  -14.814997  19.073046  24.366633 
 5.676206  -25.968459  34.993009  43.944386 
 3.477475  
 1.032035  1.049969  1.122592  1.241145   1.391330   1.555032   1.712505   1.844757   1.935835   1.974755   1.956822   1.884199   1.765645   1.615460   1.451758   1.294285   1.162033   1.070955 
 128.574890  
TUPLE  31.800991  
 1.209770  41.995727  10.996744  43.428482 1
 0.448637  28.696952  7.385321  29.635769 
 0.802978  14.751424  3.991805  15.303660 
 -23.842419  -24.707820  30.296458  45.790967 1
 -7.233929  -7.285912  8.620340  13.406863 
 -18.120871  -18.989232  23.598019  35.296482 
 3.791013  
 0.308497  0.150200  0.057802  0.042448   0.105990   0.240764   0.430513   0.652352   0.879523   1.084626   1.242923   1.335321   1.350675   1.287133   1.152360   0.962610   0.740771   0.513600 
 133.751343  
TUPLE  33.718788  
 92.323555  39.412275  72.511592  123.834152 1
 78.097697  33.479630  61.380214  104.822164 
 11.754652  4.877706  9.190474  15.698627 
 18.253541  89.803232  15.722367  92.978520 2
 5.994223  32.094336  5.594284  33.125407 
 11.653336  54.727596  9.606131  56.773767 
 0.866642  
 0.895752  1.099809  1.330895  1.561138   1.762766   1.911461   1.989288   1.986859   1.904468   1.752052   1.547995   1.316910   1.086667   0.885039   0.736344   0.658517   0.660946   0.743337 
 122.025879  
TUPLE  35.796818  
 72.863828  65.579330  -81.911547  127.746967 0
 72.920236  65.630099  -81.974960  127.845939 
 0.000000  0.000000  0.000000  0.000000 
 19.127253  -35.074839  -34.947627  53.079495 1
 2.739484  -4.615068  -4.765182  7.178445 
 17.303141  -32.138350  -31.854937  48.446130 
 1.666281  
 1.231624  1.172218  1.061890  0.913947   0.746234   0.578980   0.432356   0.324049   0.267122   0.268442   0.327848   0.438175   0.586118   0.753831   0.921086   1.067709   1.176016   1.232943 
 132.323135  
TUPLE  36.744804  
 151.528416  96.336870  -191.382591  262.428942 1
 49.805710  32.081453  -62.745344  86.294995 
 106.860251  67.521700  -135.126040  185.033397 
 17.654593  75.600967  -25.291623  81.650824 2
 6.804494  28.152034  -9.575590  30.504911 
 9.917025  43.453281  -14.379324  46.833459 
 6.218586  
 0.463673  0.448761  0.446427  0.456952   0.479068   0.510106   0.546323   0.583350   0.616722   0.642414   0.657326   0.659660   0.649134   0.627019   0.595981   0.559764   0.522737   0.489364 
 149.563522  
TUPLE  31.800991  
 -58.595835  39.840963  -71.809409  100.882929 1
 -46.351222  31.695625  -56.879103  79.926843 
 -11.385292  7.561019  -13.877187  19.477895 
 24.231723  63.627016  -124.046574  141.503095 3
 24.001214  63.021743  -122.866541  140.160881 
 0.000000  0.000000  0.000000  0.000000 
 3.819934  
 1.201900  1.027668  0.842063  0.667471   0.524950   0.431691   0.398942   0.430652   0.522998   0.664841   0.839073   1.024678   1.199270   1.341790   1.435050   1.467799   1.436088   1.343742 
 118.896057  
TUPLE  31.800991  
 3.285752  -43.287962  -11.507130  44.911667 1
 0.870050  -7.672987  -1.952043  7.966283 
 2.489996  -36.593730  -9.815267  37.969183 
 33.119499  4.842521  36.302114  49.378080 1
 24.755077  3.600356  27.181468  36.940873 
 19.238574  2.832126  21.039719  28.650160 
 1.445788  
 1.399580  1.521195  1.614469  1.668151   1.675766   1.636397   1.554792   1.440793   1.308150   1.172863   1.051248   0.957975   0.904293   0.896677   0.936046   1.017651   1.131650   1.264293 
 104.944145  
TUPLE  35.796818  
 -3.878901  44.711267  155.592934  161.936112 1
 -0.650235  10.748569  38.066836  39.560814 
 -3.299610  34.780471  120.371907  125.339470 
 -27.421067  -13.281775  39.522031  49.903020 1
 -9.047329  -4.747861  13.471513  16.908504 
 -17.062991  -7.899034  24.161337  30.615826 
 0.318588  
 1.341820  1.234886  1.096793  0.944197   0.795503   0.668646   0.578926   0.537166   0.548402   0.611278   0.718212   0.856305   1.008901   1.157595   1.284452   1.374171   1.415932   1.404696 
 116.867050  
TUPLE  31.800991  
 -41.637597  -41.615445  -44.402726  73.736944 3
 -41.810360  -41.788117  -44.586963  74.052469 
 0.000000  0.000000  0.000000  0.000000 
 -45.995794  -10.200456  32.387328  57.171684 1
 -13.007141  -3.046739  8.859138  16.030351 
 -40.532759  -8.826763  28.840272  50.523221 
 3.394265  
 0.633597  0.491382  0.417612  0.421183   0.501667   0.649354   0.846432   1.069130   1.290588   1.484094   1.626309   1.700080   1.696508   1.616024   1.468337   1.271259   1.048561   0.827103 
 113.420403  
TUPLE  0.718627  
 92.952745  14.082598  -8.340472  94.382709 3
 93.643789  14.187293  -8.402479  95.092804 
 0.000000  0.000000  0.000000  0.000000 
 6.687139  -43.049401  -11.489618  45.055301 1
 1.065679  -7.995476  -1.985730  8.308183 
 5.991333  -37.435020  -10.139389  39.244136 
 1.657358  
 0.514265  0.640228  0.837495  1.082275   1.345041   1.594102   1.799417   1.936221   1.988014   1.948549   1.822586   1.625318   1.380539   1.117772   0.868711   0.663397   0.526593   0.474800 
 137.293335  
TUPLE  35.796818  
 50.425751  61.907038  118.328836  142.747859 0
 50.582147  62.099044  118.695834  143.190661 
 0.000000  0.000000  0.000000  0.000000 
 -18.541366  34.692006  47.036139  61.316523 1
 -6.609392  12.838699  16.618605  22.016216 
 -12.240714  22.430969  31.200744  40.329742 
 2.472037  
 1.159433  1.015838  0.850812  0.684259   0.536267   0.424687   0.362977   0.358580   0.412027   0.516870   0.660465   0.825491   0.992044   1.140035   1.251615   1.313325   1.317722   1.264276 
 129.597488  
TUPLE  31.800991  
 -61.007219  -68.996995  21.858822  94.658725 1
 -46.984823  -52.965969  16.801450  72.768645 
 -11.849132  -13.573138  4.278693  18.519110 
 24.547251  -40.822109  6.217209  48.038170 0
 23.912670  -39.766800  6.056486  46.796524 
 0.000000  0.000000  0.000000  0.000000 
 2.025042  
 1.838031  1.759923  1.594382  1.361375   1.089007   0.810129   0.558378   0.364118   0.250781   0.232036   0.310144   0.475685   0.708691   0.981059   1.259937   1.511689   1.705948   1.819286 
 121.938011  
TUPLE  53.569981  
 -1.689347  46.901902  45.312293  65.236847 0
 -1.699576  47.185906  45.586671  65.632022 
 0.000000  0.000000  0.000000  0.000000 
 40.669792  9.983802  -17.447451  45.366528 1
 33.052653  8.139091  -14.239772  36.898689 
 9.620264  2.336448  -4.067026  10.703616 
 0.724993  
 1.684932  1.853303  1.925355  1.892397   1.758404   1.539539   1.262199   0.959835   0.668917   0.424535   0.256164   0.184112   0.217070   0.351062   0.569928   0.847268   1.149632   1.440549 
 133.415680  
TUPLE  33.402683  
 52.541297  -2.578284  10.336702  53.610474 1
 17.487215  -0.570351  3.390233  17.822490 
 35.819300  -2.045483  7.097014  36.573106 
 -23.892304  45.315134  4.907272  51.462461 3
 -23.913080  45.354526  4.911538  51.517825 
 0.000000  0.000000  0.000000  0.000000 
 1.839125  
 1.494376  1.725407  1.865518  1.897811   1.818390   1.636835   1.375043   1.064591   0.742924   0.448840   0.217809   0.077697   0.045404   0.124826   0.306381   0.568173   0.878625   1.200292 
 135.149734  
TUPLE  31.355324  
 72.669495  -91.906614  -32.840264  121.680582 1
 23.303645  -29.571234  -10.241984  39.018400 
 47.132538  -59.510869  -21.589018  78.924797 
 35.523382  26.559536  -4.572887  44.589583 3
 34.874604  26.074469  -4.489370  43.785690 
 0.000000  0.000000  0.000000  0.000000 
 4.682150  
 0.234154  0.061704  0.002517  0.063732   0.237964   0.504200   0.830326   1.177008   1.502430   1.767342   1.939792   1.998979   1.937764   1.763532   1.497296   1.171170   0.824488   0.499066 
 141.137238  
TUPLE  33.402683  
 -20.283573  -39.594991  50.910539  67.609686 1
 -10.898894  -20.564725  26.688792  35.411931 
 -8.869354  -18.024311  22.928307  30.483877 
 28.564854  -32.993964  125.226518  132.613097 1
 8.429237  -9.881110  36.454421  38.699259 
 25.389507  -29.181383  111.804812  118.306865 
 0.099955  
 0.315184  0.311854  0.307160  0.301668   0.296040   0.290956   0.287028   0.284730   0.284339   0.285903   0.289233   0.293927   0.299420   0.305047   0.310132   0.314060   0.316358   0.316748 
 121.498848  
TUPLE  35.796818  
 93.516810  15.947967  -28.231065  98.978404 1
 18.682286  3.374560  -5.945872  19.894430 
 73.401610  12.329043  -21.852622  77.571625 
 -20.941188  41.570729  -46.312683  65.662192 3
 -20.089939  39.880903  -44.430100  63.002309 
 0.000000  0.000000  0.000000  0.000000 
 1.808815  
 1.712247  1.788975  1.811061  1.775839   1.687558   1.556866   1.399526   1.234517   1.081739   0.959622   0.882893   0.860808   0.896030   0.984311   1.115002   1.272342   1.437352   1.590129 
 155.775955  
TUPLE  35.796818  
 -80.029101  -0.009648  27.101676  84.493538 1
 -63.563899  0.317339  21.238855  67.019239 
 -12.468674  -0.326556  4.509452  13.263779 
 -18.648684  39.298589  5.329474  43.824146 0
 -18.828622  39.677775  5.380897  44.247219 
 0.000000  0.000000  0.000000  0.000000 
 2.513771  
 1.849464  1.970294  1.996301  1.924349   1.763116   1.532049   1.259018   0.976954   0.719880   0.518800   0.397970   0.371963   0.443915   0.605148   0.836215   1.109246   1.391310   1.648385 
 110.550247  
TUPLE  1.274791  
 -69.394970  -31.735382  -35.142929  84.010844 1
 -12.961309  -5.544156  -6.418728  15.490408 
 -56.594789  -26.264911  -28.805800  68.721235 
 -26.141840  35.972790  -45.182007  63.394410 1
 -4.932567  6.983882  -8.286089  11.907291 
 -25.197634  34.477144  -43.789169  61.164563 
 1.257016  
 0.128593  0.040549  0.030250  0.098938   0.238329   0.431610   0.655467   0.882902   1.086482   1.241651   1.329695   1.339994   1.271306   1.131915   0.938634   0.714776   0.487342   0.283762 
 115.578049  
TUPLE  31.800991  
 -78.075035  -4.986948  -317.896720  327.381896 2
 -21.935675  -1.450735  -90.520812  93.152109 
 -57.608498  -3.630049  -233.357782  240.393315 
 -36.421442  -32.862840  -58.763310  76.548117 1
 -21.643916  -19.285466  -35.173576  45.580568 
 -15.470127  -14.202307  -24.707198  32.426751 
 0.834315  
 1.614856  1.370175  1.097892  0.830849   0.601255   0.436803   0.357327   0.372415   0.480245   0.667812   0.912493   1.184776   1.451819   1.681413   1.845865   1.925341   1.910254   1.802423 
 133.301178  
TUPLE  31.800991  
 -2.048240  -77.308004  11.320518  78.159305 3
 -2.046221  -77.231627  11.309334  78.088244 
 0.000000  0.000000  0.000000  0.000000 
 27.661594  -12.976364  47.266363  56.281959 1
 21.921832  -10.350316  37.722491  44.840847 
 6.462117  -2.964913  10.778191  12.912680 
 1.765580  
 0.878727  1.090453  1.267253  1.387802   1.437561   1.410528   1.309963   1.147996   0.944163   0.723049   0.511323   0.334524   0.213974   0.164215   0.191249   0.291813   0.453780   0.657613 
 103.837029  
TUPLE  33.718788  
 -87.567077  -75.027499  -3.979543  115.381781 1
 -12.156851  -9.995849  -0.650375  15.752730 
 -69.705924  -60.144198  -3.069932  92.117768 
 -13.849400  -75.423515  40.548867  86.745162 0
 -13.772088  -75.002476  40.322510  86.261035 
 0.000000  0.000000  0.000000  0.000000 
 0.382470  
 1.647119  1.835673  1.919040  1.887163   1.743887   1.506495   1.203618   0.871789   0.551030   0.280030   0.091476   0.008109   0.039986   0.183262   0.420654   0.723531   1.055360   1.376119 
 124.838943  
TUPLE  35.796818  
 -49.795325  -3.311001  31.843098  59.198987 2
 -23.251349  -2.234074  14.609826  27.551458 
 -28.673479  -1.218526  18.595047  34.197980 
 -0.098892  33.699660  -9.786840  35.092151 1
 -0.149956  26.073651  -7.509112  27.134185 
 0.048394  8.558872  -2.548705  8.931447 
 5.884885  
 0.006446  0.026955  0.134179  0.315186   0.548142   0.804951   1.054637   1.267085   1.416669   1.485349   1.464840   1.357616   1.176609   0.943653   0.686844   0.437158   0.224710   0.075125 
 120.239220  
TUPLE  35.796818  
 18.848670  -143.149371  -39.083580  149.581218 1
 1.643972  -13.895869  -3.615997  14.453122 
 16.830980  -126.415269  -34.692670  132.165433 
 -4.744240  -48.638211  -70.548377  85.821074 1
 -2.106849  -24.650706  -35.892736  43.593625 
 -2.942606  -27.116605  -39.194308  47.751243 
 2.585372  
 1.390469  1.562457  1.713462  1.825271   1.884397   1.883710   1.823292   1.710431   1.558738   1.386511   1.214523   1.063518   0.951710   0.892583   0.893270   0.953688   1.066550   1.218242 
 119.920815  
TUPLE  33.402683  
 136.449606  -148.393672  491.068923  530.836947 2
 42.661899  -46.140681  153.949886  166.281650 
 94.508800  -103.037208  339.714155  367.361347 
 30.746766  5.223256  133.934961  137.518071 1
 14.630583  2.832957  62.773151  64.517963 
 17.216990  2.577305  75.956986  77.926563 
 2.654876  
 1.046021  1.116365  1.121569  1.061005   0.941978   0.778845   0.591281   0.401909   0.233572   0.106571   0.036227   0.031023   0.091587   0.210614   0.373747   0.561311   0.750683   0.919020 
 114.312378  
TUPLE  31.800991  
 -109.306338  29.597337  -84.578153  141.341225 1
 -8.439989  2.211267  -6.310945  10.768966 
 -101.843304  27.650594  -79.023148  131.838121 
 -3.876997  -32.576481  -28.127773  43.213769 2
 -0.381555  -2.433237  -2.293016  3.368030 
 -3.762508  -32.387252  -27.772320  42.832418 
 2.262096  
 1.048490  1.096214  1.082040  1.007679   0.882098   0.720445   0.542218   0.368914   0.221434   0.117569   0.069845   0.084019   0.158380   0.283961   0.445614   0.623841   0.797145   0.944624 
 158.618835  
TUPLE  35.796818  
 68.061944  -38.486332  -14.685066  79.556754 2
 6.858876  -3.642537  -1.366038  7.886558 
 65.704052  -37.388926  -14.290162  76.961856 
 44.423544  50.036669  26.188919  71.853873 1
 4.922535  5.468099  2.983377  7.940496 
 41.732104  47.081574  24.520834  67.524312 
 4.931587  
 0.268044  0.153226  0.096223  0.103910   0.175359   0.301954   0.468425   0.654692   0.838290   0.997074   1.111892   1.168895   1.161208   1.089759   0.963164   0.796693   0.610426   0.426828 
 135.134186  
TUPLE  33.402683  
 47.357313  84.793275  -48.495022  108.555892 2
 9.756257  17.067572  -9.413525  21.797259 
 39.147167  70.494024  -40.664756  90.357263 
 58.008424  -3.668633  -62.695702  85.493784 1
 8.584513  -0.792149  -9.110299  12.543460 
 52.994769  -3.102316  -57.444800  78.217601 
 0.961655  
 1.595691  1.310575  0.995025  0.687101   0.423943   0.237292   0.149660   0.171618   0.300517   0.520809   0.805925   1.121475   1.429399   1.692557   1.879208   1.966840   1.944882   1.815984 
 129.645660  
TUPLE  35.796818  
 -59.530889  -48.086314  3.456812  76.603981 1
 -12.596223  -10.310196  0.664714  16.291909 
 -42.148525  -33.910085  2.514179  54.154698 
 -25.469878  -48.816266  -84.465459  100.827359 0
 -25.591967  -49.050265  -84.870341  101.310767 
 0.000000  0.000000  0.000000  0.000000 
 1.455623  
 1.125866  1.421397  1.657680  1.806215   1.849087   1.781125   1.610527   1.357868   1.053624   0.734490   0.438960   0.202677   0.054142   0.011270   0.079231   0.249830   0.502488   0.806733 
 123.538139  
TUPLE  33.718788  
 -10.408893  -63.186628  201.024386  210.977958 1
 -9.279205  -56.004175  178.259691  187.080486 
 -0.608032  -4.015763  12.690076  13.324875 
 56.851860  -8.269206  90.405522  107.115228 1
 21.882698  -3.036910  34.716232  41.149867 
 25.993475  -3.926789  41.416210  49.055082 
 3.188117  
 0.778905  1.091639  1.403664  1.677345   1.879673   1.986244   1.984203   1.873798   1.668343   1.392621   1.079888   0.767863   0.494181   0.291853   0.185282   0.187323   0.297729   0.503183 
 132.301819  
TUPLE  36.744804  
 -153.589395  79.628636  -34.269283  176.365546 1
 -135.769278  70.391661  -30.329615  155.910833 
 -6.781811  3.514150  -1.476772  7.780828 
 8.612808  30.783481  -1.070279  31.983569 1
 1.313313  3.991996  -0.006125  4.204800 
 7.365774  27.028379  -1.072390  28.034910 
 1.080537  
 0.574438  0.661069  0.756324  0.848712   0.927091   0.982006   1.006835   0.998582   0.958243   0.890683   0.804052   0.708797   0.616409   0.538030   0.483114   0.458286   0.466539   0.506878 
 129.614029  
TUPLE  0.718627  
 -2.763041  -102.217444  -412.617626  425.099219 1
 -0.124183  -15.311854  -61.418142  63.298309 
 -2.682584  -88.523207  -357.729247  368.529221 
 38.497743  -29.036634  -131.517384  140.078637 0
 37.612471  -28.368924  -128.493085  136.857540 
 0.000000  0.000000  0.000000  0.000000 
 4.004838  
 1.812403  1.675550  1.465259  1.206894   0.931618   0.672633   0.461176   0.322752   0.274058   0.320966   0.457819   0.668110   0.926475   1.201751   1.460736   1.672193   1.810617   1.859311 
 108.467201  
TUPLE  33.718788  
 43.428182  45.248046  -193.142614  203.070092 0
 59.008432  61.481190  -262.434262  275.923347 
 0.000000  0.000000  0.000000  0.000000 
 25.919734  -21.788748  -54.773791  64.395266 1
 17.764330  -15.492926  -37.989973  44.708609 
 10.227329  -8.037531  -21.162223  24.840653 
 3.718009  
 0.604183  0.919841  1.235970  1.514442   1.721669   1.832655   1.834014   1.725583   1.520439   1.243326   0.927668   0.611539   0.333067   0.125840   0.014854   0.013495   0.121926   0.327070 
 104.181686  
TUPLE  33.402683  
 -45.355515  17.073911  53.435208  72.138496 1
 -8.315133  3.356300  10.457287  13.776086 
 -49.880891  18.551307  58.105663  78.794292 
 34.503272  28.983258  42.818354  62.160409 1
 34.442581  28.753724  42.693535  61.934041 
 2.258148  2.075429  2.851849  4.190215 
 4.804520  
 1.153808  0.932724  0.742606  0.606384   0.540489   0.552868   0.642030   0.797218   0.999717   1.225100   1.446184   1.636302   1.772524   1.838419   1.826040   1.736878   1.581689   1.379191 
 120.015495  
TUPLE  31.800991  
 69.050947  -14.781339  -124.397207  143.042604 3
 69.494705  -14.876331  -125.196643  143.965314 
 0.000000  0.000000  0.000000  0.000000 
 37.152658  -14.606444  -180.399428  184.763692 1
 27.170303  -10.371036  -131.012874  134.201998 
 4.415815  -2.046941  -22.357534  22.881585 
 5.364180  
 0.201441  0.216439  0.260473  0.328232   0.411543   0.500358   0.583964   0.652277   0.697058   0.712906   0.697908   0.653874   0.586115   0.502804   0.413989   0.330383   0.262070   0.217289 
 96.508926  
TUPLE  31.800991  
 -69.317019  25.753611  -50.516953  89.554788 2
 -41.696281  15.358939  -30.242871  53.750606 
 -29.941174  11.256793  -21.965175  38.803751 
 -20.021968  -46.546523  -144.880172  153.485251 1
 -11.063657  -26.587029  -81.859771  86.777395 
 -9.473266  -21.156653  -66.746664  70.657498 
 5.197596  
 0.913539  0.584034  0.302668  0.103379   0.010204   0.034382   0.172995   0.409326   0.714869   1.052771   1.382277   1.663642   1.862931   1.956106   1.931928   1.793315   1.556984   1.251441 
 137.081100  
TUPLE  36.744804  
 42.048599  -80.307302  -51.475167  104.245097 3
 37.255168  -71.152481  -45.607132  92.368282 
 0.000000  0.000000  0.000000  0.000000 
 36.479856  20.897705  -6.999758  42.620307 1
 22.404568  12.406422  -4.499005  26.002779 
 15.773287  9.463992  -2.826565  18.611057 
 0.038003  
 1.699564  1.758500  1.711482  1.564180   1.334361   1.049745   0.744661   0.455906   0.218308   0.060526   0.001590   0.048609   0.195911   0.425730   0.710346   1.015430   1.304185   1.541782 
 121.187737  
TUPLE  33.402683  
 94.763464  29.598388  87.890286  132.592915 1
 68.697315  21.301718  63.817465  96.154941 
 15.783484  5.084984  14.535956  22.051931 
 -21.200604  58.776150  82.153568  103.214873 1
 -13.387151  36.945749  52.024350  65.197827 
 -3.407385  9.615108  13.055462  16.568762 
 0.413229  
 0.686168  0.659662  0.708003  0.825362   0.997582   1.203891   1.419406   1.618133   1.776101   1.874258   1.900764   1.852423   1.735064   1.562844   1.356535   1.141020   0.942293   0.784325 
 136.907745  
TUPLE  33.718788  
 -6.837809  -97.316571  -93.761360  135.308771 1
 -2.362655  -41.917577  -40.253863  58.164065 
 -3.573229  -42.559915  -41.137504  59.299467 
 -35.201684  -18.811457  -60.952347  72.857519 0
 -33.902274  -18.117064  -58.702394  70.168246 
 0.000000  0.000000  0.000000  0.000000 
 4.374458  
 0.949779  0.713677  0.485004  0.291341   0.156047   0.095440   0.116830   0.217638   0.385704   0.600757   0.836859   1.065532   1.259195   1.394489   1.455096   1.433705   1.332898   1.164832 
 111.971710  
TUPLE  36.744804  
 -0.673275  -53.263397  57.535512  78.407767 1
 -0.604888  -22.406133  24.189840  32.978304 
 -0.054631  -29.769120  32.170249  43.830886 
 -26.602498  -43.833981  214.972507  221.002917 1
 -5.493633  -9.466937  45.960356  47.245917 
 -21.719866  -35.373810  173.949596  178.833831 
 2.338800  
 1.392843  1.650626  1.841377  1.942089   1.940614   1.837129   1.644118   1.384860   1.090625   0.796902   0.539119   0.348368   0.247656   0.249131   0.352615   0.545626   0.804885   1.099120 
 127.718658  
TUPLE  33.402683  
 -26.936350  -54.510574  66.117610  89.824874 1
 -18.629885  -38.189323  46.071329  62.674428 
 -8.737839  -17.194206  21.105120  28.590818 
 11.105113  -41.465088  0.005550  42.926414 1
 2.602617  -9.221491  -0.464873  9.594014 
 8.481049  -32.163515  0.470413  33.266491 
 0.063904  
 0.169025  0.217592  0.370603  0.609603   0.905765   1.223367   1.524103   1.771698   1.936289   1.998024   1.949457   1.796446   1.557446   1.261284   0.943681   0.642946   0.395351   0.230760 
 116.778038  
TUPLE  35.796818  
 -59.159537  52.050178  4.995920  78.955881 0
 -57.497831  50.588163  4.855592  76.738251 
 0.000000  0.000000  0.000000  0.000000 
 13.897222  39.054986  -16.345333  44.560012 0
 13.682009  38.450179  -16.092208  43.870175 
 0.000000  0.000000  0.000000  0.000000 
 1.383560  
 0.573667  0.719433  0.924641  1.164540   1.410195   1.631976   1.803133   1.903022   1.919595   1.850853   1.705087   1.499879   1.259980   1.014326   0.792545   0.621388   0.521498   0.504925 
 122.437302  
TUPLE  33.402683  
 -57.289258  -105.952315  -107.104448  161.181001 0
 -55.030925  -101.775693  -102.882408  154.827335 
 0.000000  0.000000  0.000000  0.000000 
 -12.210635  -60.672343  -5.197761  62.106759 1
 -10.926047  -54.609100  -4.666302  55.886726 
 -1.235410  -5.818904  -0.510527  5.971996 
 4.807178  
 1.834669  1.710376  1.498967  1.225939   0.924225   0.630216   0.379373   0.201952   0.119352   0.141537   0.265830   0.477239   0.750267   1.051980   1.345990   1.596833   1.774254   1.856854 
 122.331268  
TUPLE  33.402683  
 -37.671708  -48.999156  96.903234  114.936120 1
 -5.260506  -7.188645  14.110894  16.687911 
 -31.680333  -40.859883  80.912320  96.020807 
 -33.889709  1.740059  134.552038  138.765238 1
 -26.780917  1.587008  105.233220  108.599200 
 -7.075456  0.151332  29.186493  30.032559 
 5.719467  
 1.995721  1.960562  1.889592  1.791371   1.677745   1.562419   1.459304   1.380836   1.336480   1.331586   1.366745   1.437715   1.535936   1.649562   1.764888   1.868003   1.946471   1.990827 
 118.798355  
TUPLE  31.800991  
 -10.182894  82.553730  -81.152430  116.208978 0
 -10.153146  82.312566  -80.915360  115.869581 
 0.000000  0.000000  0.000000  0.000000 
 -46.251895  -1.289345  -19.050438  50.038180 1
 -5.800638  -0.114752  -2.210580  6.210210 
 -44.805709  -1.295978  -18.633396  48.543308 
 5.957397  
 0.751505  0.950226  1.140555  1.299533   1.407987   1.452834   1.428667   1.338399   1.192918   1.009772   0.811051   0.620722   0.461744   0.353290   0.308443   0.332610   0.422878   0.568359 
 109.948822  
TUPLE  31.800991  
 -134.210134  77.754942  218.007166  267.554323 3
 -139.267502  80.684952  226.222227  277.639264 
 0.000000  0.000000  0.000000  0.000000 
 -41.538751  104.995437  250.307080  274.596329 1
 -6.365752  16.512362  39.786258  43.544767 
 -37.922095  95.431822  227.086501  249.226032 
 1.199940  
 0.020750  0.060171  0.122588  0.200475   0.284435   0.364343   0.430560   0.475099   0.492589   0.480920   0.441499   0.379082   0.301195   0.217235   0.137327   0.071110   0.026571   0.009081 
 119.413750  
TUPLE  31.355324  
 -50.079786  -28.569302  100.125161  115.538902 1
 -41.559596  -23.559502  81.938044  94.847840 
 -20.634049  -11.920482  42.406640  48.643635 
 -27.034513  40.606704  -5.001722  49.038622 2
 -8.419431  13.147626  -1.953202  15.734719 
 -20.089270  29.673351  -3.321263  35.998679 
 1.061421  
 0.577754  0.538870  0.563881  0.649772   0.786181   0.956657   1.140638   1.315932   1.461396   1.559487   1.598371   1.573360   1.487469   1.351060   1.180584   0.996603   0.821309   0.675844 
 142.566254  
TUPLE  33.402683  
 -50.913622  44.032188  9.491347  67.978792 1
 -47.112683  40.701902  8.700097  62.864624 
 -4.182924  3.660649  0.862460  5.626656 
 18.943535  57.651764  -4.184836  60.828417 2
 11.805975  36.336887  -2.423637  38.283728 
 8.569149  25.671695  -2.077453  27.145072 
 2.644407  
 1.540047  1.774183  1.918965  1.956929   1.883496   1.707524   1.450236   1.142667   0.821913   0.526662   0.292526   0.147744   0.109781   0.183213   0.359186   0.616473   0.924042   1.244796 
 108.807785  
TUPLE  35.796818  
 -9.021268  44.943215  -23.268956  51.407394 1
 -7.422816  37.062489  -18.868153  42.246337 
 -2.083219  10.295792  -5.651182  11.928839 
 34.413074  -7.177331  -8.634699  36.198505 1
 17.088128  -3.294247  -3.991591  17.855208 
 17.223918  -3.862013  -4.617758  18.246106 
 2.600080  
 1.752617  1.543904  1.300296  1.051177   0.826593   0.653634   0.553160   0.537290   0.607938   0.756583   0.965296   1.208904   1.458023   1.682607   1.855566   1.956040   1.971910   1.901262 
 109.427155  
TUPLE  31.355324  
 -67.407907  -46.858464  -14.112485  83.298882 1
 -13.513381  -9.169245  -3.014236  16.606975 
 -55.492328  -38.799922  -11.432764  68.669926 
 -41.899796  19.817151  40.486493  61.542412 0
 -42.713054  20.201794  41.272320  62.737081 
 0.000000  0.000000  0.000000  0.000000 
 1.928659  
 1.555837  1.653054  1.671973  1.610312   1.475508   1.283821   1.058371   0.826350   0.615744   0.451954   0.354737   0.335818   0.397479   0.532283   0.723970   0.949421   1.181441   1.392048 
 127.457138  
TUPLE  35.796818  
 19.266375  -61.196263  -8.542597  64.723657 1
 4.546554  -14.546695  -2.249413  15.406389 
 14.453198  -45.802691  -6.174964  48.424476 
 42.403239  16.158497  -11.642247  46.847344 2
 22.211540  8.703244  -6.065278  24.615158 
 19.580177  7.222222  -5.409070  21.568940 
 4.911766  
 1.315474  1.079779  0.859167  0.680246   0.564597   0.526169   0.569597   0.689643   0.871828   1.094177   1.329872   1.550484   1.729405   1.845054   1.883482   1.840054   1.720008   1.537823 
 115.241562  
TUPLE  31.800991  
 4.272925  149.907740  -6.250169  150.098811 1
 1.972327  81.818942  -3.154534  81.903601 
 2.197423  64.469011  -2.944713  64.573768 
 43.766517  18.957672  -3.304219  47.810242 1
 3.361456  1.460970  -0.292578  3.679525 
 41.400358  17.927818  -3.086772  45.221043 
 5.299205  
 1.041461  1.148290  1.271464  1.396126   1.507241   1.591406   1.638470   1.642756   1.603747   1.526148   1.419319   1.296145   1.171483   1.060368   0.976203   0.929139   0.924853   0.963862 
 127.685303  
TUPLE  33.402683  
 36.120284  70.383640  -8.342488  79.549537 1
 21.953850  42.728703  -5.188580  48.318262 
 14.020630  27.370826  -3.120233  30.911070 
 -51.748583  32.468082  -11.311972  62.129324 1
 -41.336627  26.190691  -9.300166  49.811460 
 -11.093222  6.704835  -2.160724  13.141588 
 5.433090  
 0.176860  0.396758  0.679482  0.990932   1.293541   1.550812   1.731712   1.814423   1.788969   1.658420   1.438522   1.155798   0.844348   0.541738   0.284468   0.103568   0.020856   0.046310 
 125.810295  
TUPLE  33.402683  
 -18.744079  46.650982  -39.382271  63.864058 0
 -18.485702  46.007924  -38.839409  62.983882 
 0.000000  0.000000  0.000000  0.000000 
 41.756311  -2.006919  -60.455943  73.501961 1
 32.704288  -1.617993  -47.417040  57.624504 
 9.691059  -0.419640  -13.964120  17.003165 
 2.120818  
 0.411842  0.292003  0.254610  0.304173   0.434714   0.630488   0.867881   1.118261   1.351428   1.539259   1.659098   1.696491   1.646928   1.516387   1.320614   1.083220   0.832840   0.599673 
 123.994438  
TUPLE  33.718788  
 -75.095960  31.817029  231.447205  245.396690 1
 -35.338972  14.731204  108.151186  114.728156 
 -37.407225  16.090262  116.054024  122.990860 
 -10.785850  -29.004856  173.251142  175.993109 1
 -3.097049  -8.668433  53.189637  53.980463 
 -8.782542  -23.277667  137.630093  139.860800 
 3.084715  
 0.931812  0.633587  0.385289  0.216867   0.148633   0.188819   0.332578   0.562569   0.851053   1.163235   1.461459   1.709757   1.878180   1.946413   1.906227   1.762469   1.532477   1.243993 
 133.827621  
TUPLE  35.796818  
 7.633116  46.800479  -19.013871  51.088909 1
 3.525105  20.033680  -8.298197  21.969394 
 3.690262  24.205491  -9.675079  26.327727 
 -38.544794  9.387983  -33.659443  52.026853 1
 -9.879067  2.573677  -8.632530  13.370109 
 -28.677362  6.817141  -25.037074  38.674770 
 3.884221  
 1.311164  1.353741  1.327155  1.234614   1.087279   0.902922   0.703778   0.513867   0.356096   0.249493   0.206917   0.233503   0.326044   0.473378   0.657736   0.856880   1.046790   1.204562 
 92.334328  
TUPLE  33.718788  
 30.280394  103.100917  79.872382  133.889128 1
 4.145089  14.371795  10.963938  18.546096 
 25.441108  86.365449  67.077307  112.274770 
 35.395060  1.512190  85.057925  92.140912 1
 4.186262  0.001785  10.090971  10.925748 
 39.901948  1.881804  95.857485  103.847880 
 6.201817  
 0.062727  0.133369  0.290361  0.514768   0.779524   1.052695   1.301333   1.495447   1.611626   1.635856   1.565215   1.408223   1.183815   0.919059   0.645888   0.397251   0.203136   0.086957 
 114.051285  
TUPLE  35.796818  
 20.725569  -62.952259  -66.013635  93.543231 1
 1.138498  -3.734287  -3.696746  5.378335 
 20.674197  -62.520019  -65.779515  93.075979 
 -39.932112  17.869081  -27.924524  51.900449 1
 -23.332852  10.287968  -16.509219  30.378250 
 -18.283819  8.335039  -12.593187  23.714499 
 1.286929  
 1.797212  1.707142  1.620002  1.546301   1.494929   1.472081   1.480515   1.519213   1.583506   1.665641   1.755710   1.842851   1.916552   1.967924   1.990771   1.982337   1.943640   1.879346 
 135.214890  
TUPLE  35.796818  
 -85.423162  -10.066240  -100.017532  131.916461 1
 -81.276053  -9.507728  -95.388912  125.679185 
 -3.208796  -0.447934  -3.530000  4.793343 
 -29.939332  39.748631  -3.547480  49.888896 1
 -6.856754  8.726169  -0.434169  11.107163 
 -26.501640  35.561743  -3.518432  44.490134 
 0.279647  
 1.414061  1.410090  1.414109  1.425632   1.443271   1.464897   1.487902   1.509512   1.527119   1.538601   1.542572   1.538553   1.527030   1.509391   1.487765   1.464760   1.443151   1.425543 
 121.214760  
TUPLE  33.402683  
 43.103880  -24.517918  35.070485  60.737235 1
 6.828884  -3.813815  5.845581  9.765713 
 39.528996  -22.555009  31.872445  55.562046 
 -12.449383  -32.294010  29.669314  45.586823 2
 -2.104357  -5.560289  5.317514  7.977504 
 -10.813598  -27.949210  25.468501  39.329501 
 5.952537  
 0.258633  0.197791  0.210394  0.294924   0.441184   0.631534   0.843014   1.050116   1.227862   1.354812   1.415655   1.403051   1.318521   1.172261   0.981912   0.770432   0.563329   0.385583 
 85.031090  
TUPLE  33.402683  
 4.864634  96.972301  -18.651667  98.869493 1
 3.194083  56.645182  -10.499389  57.698661 
 1.648016  39.877840  -8.065864  40.718969 
 -63.981669  26.482263  31.276469  75.981456 2
 -22.009838  8.981550  11.084774  26.229619 
 -48.572718  20.232837  23.418436  57.630721 
 2.726335  
 0.842612  0.846753  0.800582  0.709670   0.584981   0.441555   0.296691   0.167862   0.070606   0.016654   0.012514   0.058684   0.149596   0.274285   0.417711   0.562575   0.691404   0.788660 
 119.386147  
TUPLE  33.402683  
 7.810103  45.184970  43.916822  63.493043 1
 5.268490  29.323604  29.090771  41.640404 
 2.529611  15.791921  14.758555  21.762740 
 -31.408839  -3.358323  10.928963  33.425076 2
 -12.931032  -1.123380  4.245568  13.657156 
 -15.408150  -1.906725  5.615283  16.518106 
 6.258339  
 0.752405  0.458161  0.234096  0.107237   0.092884   0.192768   0.394842   0.674733   0.998682   1.327615   1.621859   1.845923   1.972783   1.987136   1.887252   1.685178   1.405287   1.081338 
 120.600273  
TUPLE  33.718788  
 14.984799  -59.107214  -26.229709  66.379248 1
 11.912922  -46.530951  -20.608706  52.266484 
 2.554596  -10.535851  -4.715540  11.823056 
 -31.434887  5.825184  8.071182  32.973154 2
 -14.761753  2.287193  3.602032  15.366676 
 -22.140416  4.551131  5.872923  23.375452 
 0.459992  
 0.656735  0.824278  1.046074  1.295369   1.542096   1.756494   1.912706   1.991889   1.984492   1.891408   1.723864   1.502069   1.252773   1.006047   0.791648   0.635437   0.556254   0.563651 
 160.496948  
TUPLE  33.718788  
 42.462873  23.961297  -67.566019  83.321103 1
 26.872878  15.114278  -43.331881  53.181429 
 16.489108  9.354379  -25.664783  31.907592 
 -25.183706  19.930824  -7.532906  32.987899 1
 -22.397004  17.787313  -6.216416  29.269055 
 -3.752605  2.907948  -1.605410  5.013359 
 2.599739  
 0.392046  0.395581  0.461581  0.582085   0.742560   0.923648   1.103509   1.260449   1.375538   1.434895   1.431360   1.365360   1.244856   1.084381   0.903292   0.723431   0.566492   0.451403 
 109.319481  
TUPLE  35.796818  
 -43.668798  -148.485032  -26.691386  157.057947 1
 -14.675693  -49.700532  -9.160905  52.625664 
 -28.764086  -98.005800  -17.390502  103.609638 
 -39.354503  -31.219611  -46.670845  68.568279 1
 -26.765719  -21.315636  -31.998243  46.847274 
 -12.133164  -9.542448  -14.132014  20.928545 
 1.727032  
 1.604312  1.450286  1.249866  1.027226   0.809219   0.622141   0.488555   0.424574   0.437916   0.526970   0.680997   0.881417   1.104057   1.322064   1.509142   1.642728   1.706709   1.693367 
 101.542732  
TUPLE  36.744804  
 -34.767276  -36.053479  -10.250683  51.124292 3
 -34.430834  -35.704598  -10.151489  50.643081 
 0.000000  0.000000  0.000000  0.000000 
 28.048669  -11.701894  33.388205  45.149024 1
 20.923103  -8.025418  24.731519  33.374408 
 9.058206  -4.483119  10.957324  14.907401 
 3.529866  
 1.260001  1.498348  1.668931  1.751174   1.735158   1.622815   1.427694   1.173330   0.890404   0.613040   0.374692   0.204109   0.121866   0.137882   0.250226   0.445347   0.699710   0.982637 
 129.005859  
TUPLE  33.718788  
 -48.384038  70.740763  57.748718  103.344981 1
 -29.447276  43.154582  35.607983  63.225058 
 -19.933397  29.043317  23.330262  42.251318 
 -28.631982  -24.608547  40.062016  55.048489 1
 -24.348766  -20.626847  34.207902  46.781720 
 -3.830656  -3.592732  5.220886  7.406586 
 0.680107  
 1.967477  1.999983  1.970056  1.881306   1.744437   1.575958   1.396191   1.226816   1.088265   0.997247   0.964741   0.994668   1.083418   1.220287   1.388765   1.568533   1.737907   1.876459 
 120.852554  
TUPLE  36.744804  
 -73.277482  -65.894932  -5.678456  98.711581 0
 -76.827869  -69.087625  -5.953585  103.494377 
 0.000000  0.000000  0.000000  0.000000 
 -49.833626  18.763748  19.746238  56.792450 1
 -43.037805  16.265542  16.791923  48.977635 
 -5.364122  1.959135  2.387014  6.190967 
 0.281194  
 0.082704  0.040768  0.107172  0.273908   0.520864   0.818254   1.130209   1.419101   1.650086   1.795305   1.837241   1.770836   1.604101   1.357144   1.059754   0.747800   0.458908   0.227922 
 131.648499  
TUPLE  33.718788  
 50.694554  38.056483  1.593382  63.409562 1
 24.775441  18.569433  1.165441  30.984254 
 26.030226  19.570475  0.431288  32.569624 
 30.722287  -17.447528  29.732953  46.177090 1
 27.638764  -15.434000  26.894275  41.538309 
 2.699728  -1.795566  2.467241  4.076529 
 3.288639  
 1.127503  1.427986  1.681421  1.857242   1.934240   1.903130   1.767662   1.544178   1.259632   0.948345   0.647862   0.394427   0.218607   0.141608   0.172719   0.308186   0.531670   0.816216 
 116.294884  
TUPLE  31.355324  
 37.350340  35.185385  86.582100  100.645513 0
 37.204285  35.047796  86.243528  100.252045 
 0.000000  0.000000  0.000000  0.000000 
 18.863530  -30.943387  205.301732  208.475723 1
 6.344530  -10.609991  69.097468  70.194762 
 10.364022  -16.798407  112.750498  114.465246 
 1.472846  
 1.057718  1.342984  1.597053  1.789281   1.896481   1.905724   1.815895   1.637829   1.393003   1.110946   0.825680   0.571611   0.379384   0.272184   0.262941   0.352769   0.530836   0.775662 
 117.764503  
TUPLE  35.796818  
 81.986975  23.511923  -11.338878  86.042110 1
 52.345660  14.883811  -7.291304  54.906999 
 30.181406  8.782997  -4.122269  31.702833 
 -12.303487  27.491963  2.665191  30.237180 1
 -5.229385  10.933107  1.162179  12.175773 
 -8.611895  19.995031  1.836129  21.848468 
 3.664123  
 0.216435  0.074616  0.007431  0.022984   0.119399   0.285046   0.499947   0.738181   0.971014   1.170362   1.312182   1.379367   1.363814   1.267399   1.101751   0.886850   0.648616   0.415783 
 107.644531  
TUPLE  33.718788  
 27.637342  37.487742  -39.014928  60.756219 1
 15.467362  20.666743  -21.472058  33.577109 
 10.437317  14.471409  -15.097633  23.373404 
 -29.377831  30.164059  -48.921936  64.546752 1
 -22.937814  23.344247  -39.094712  50.985421 
 -6.761461  7.149860  -10.362516  14.291180 
 4.592303  
 0.821468  1.111594  1.370531  1.567047   1.677440   1.688395   1.598590   1.418858   1.170876   0.884555   0.594429   0.335492   0.138976   0.028583   0.017628   0.107433   0.287165   0.535147 
 83.996964  
TUPLE  31.800991  
 -54.677881  120.329088  -92.820218  161.506511 1
 -12.270121  27.490019  -21.299391  36.877372 
 -41.657516  91.188033  -70.247239  122.414455 
 -56.657175  27.706826  -115.170943  131.308986 2
 -10.188837  4.860217  -20.000224  22.966553 
 -44.284709  21.778756  -90.731899  103.298650 
 3.297606  
 1.606068  1.656258  1.649519  1.586666   1.475278   1.328791   1.164873   1.003295   0.863547   0.762483   0.712293   0.719032   0.781885   0.893273   1.039760   1.203678   1.365256   1.505004 
 119.443016  
TUPLE  33.402683  
 -23.268246  86.930545  -45.141679  100.678210 1
 -19.600643  72.584274  -38.029114  84.254941 
 -3.962589  15.448388  -7.684863  17.703959 
 39.692640  18.663067  -19.700505  48.082488 3
 37.955786  17.846416  -18.838458  45.992987 
 0.000000  0.000000  0.000000  0.000000 
 5.374774  
 1.351763  1.335595  1.242422  1.083484   0.877950   0.650611   0.428887   0.239521   0.105354   0.042568   0.058737   0.151909   0.310847   0.516381   0.743721   0.965445   1.154810   1.288977 
 106.932289  
TUPLE  33.718788  
 -60.481769  -165.891238  162.209563  239.770493 1
 -50.232109  -137.413380  134.402708  198.670101 
 -6.188113  -17.337749  16.913975  24.999821 
 -60.489718  -15.456386  31.517405  69.937491 1
 -7.654765  -1.942489  3.698914  8.721819 
 -52.561757  -13.444097  27.676147  60.905414 
 0.895588  
 0.799425  0.687874  0.574678  0.473492   0.396519   0.353043   0.348309   0.382888   0.452608   0.549060   0.660612   0.773807   0.874994   0.951967   0.995442   1.000176   0.965598   0.895878 
 127.382126  
TUPLE  44.201973  
 28.866032  49.057027  -102.388353  117.146125 1
 22.108841  37.539040  -78.803703  90.044564 
 6.250024  10.656078  -21.785693  25.044948 
 -22.586025  44.547203  -22.634909  54.835398 3
 -22.650430  44.674237  -22.699455  55.000105 
 0.000000  0.000000  0.000000  0.000000 
 4.267904  
 1.278609  1.209856  1.072706  0.883701   0.665637   0.444817   0.247874   0.098562   0.014892   0.006954   0.075706   0.212856   0.401861   0.619925   0.840745   1.037689   1.187000   1.270671 
 114.028168  
TUPLE  44.201973  
 5.342681  -71.379990  -179.940435  193.654867 0
 5.540513  -74.023089  -186.603372  200.825678 
 0.000000  0.000000  0.000000  0.000000 
 -26.658039  20.539537  -54.065757  63.683826 1
 -25.251096  19.517104  -51.726690  60.779973 
 -8.652913  6.605319  -17.034778  20.216454 
 5.186919  
 0.617919  0.462605  0.316525  0.197299   0.119306   0.091955   0.118544   0.195865   0.314594   0.460409   0.615723   0.761803   0.881030   0.959022   0.986374   0.959785   0.882463   0.763734 
 113.811813  
TUPLE  31.800991  
 82.133043  -43.284918  -7.816370  93.169289 0
 82.519717  -43.488699  -7.853169  93.608026 
 0.000000  0.000000  0.000000  0.000000 
 -19.432756  -29.283317  25.764118  43.576765 1
 -1.465470  -2.489961  2.142066  3.599366 
 -18.712229  -27.915922  24.609709  41.654558 
 2.530163  
 0.139051  0.159170  0.173452  0.180174   0.178525   0.168705   0.151897   0.130129   0.106026   0.082497   0.062377   0.048095   0.041373   0.043022   0.052843   0.069651   0.091418   0.115521 
 129.608292  
TUPLE  31.800991  
 80.888212  -46.463681  -21.884426  95.815993 1
 12.559581  -7.378581  -3.502886  14.982531 
 68.451859  -39.155865  -18.414866  80.981259 
 -5.722470  -45.655583  -13.586154  47.976687 0
 -5.701461  -45.487965  -13.536274  47.800751 
 0.000000  0.000000  0.000000  0.000000 
 3.101281  
 0.566236  0.302524  0.110258  0.012629   0.021412   0.135547   0.341269   0.613765   0.920166   1.223518   1.487230   1.679496   1.777125   1.768342   1.654206   1.448484   1.175989   0.869587 
 118.126488  
TUPLE  36.744804  
 24.889541  35.033085  44.884792  62.140573 1
 4.988931  6.927620  8.432434  12.000282 
 22.662493  31.992946  41.433120  57.042606 
 -27.890986  14.334882  99.012962  103.860304 2
 -12.048868  6.110995  41.557200  43.698281 
 -15.227976  7.908244  55.275566  57.879659 
 5.589007  
 0.533919  0.767609  0.990291  1.175105   1.299761   1.349223   1.317525   1.208491   1.035271   0.818758   0.585068   0.362386   0.177572   0.052916   0.003454   0.035152   0.144187   0.317407 
 95.364212  
TUPLE  31.355324  
 -21.287258  -93.342243  -143.522877  172.524601 1
 -19.457741  -86.215469  -132.302059  159.108658 
 -1.902670  -7.447548  -11.714032  14.011527 
 -35.954053  -5.033165  -93.171709  99.994970 1
 -12.934246  -1.964508  -33.304772  35.782416 
 -21.909231  -2.913189  -56.988981  61.124980 
 0.401230  
 1.676294  1.613502  1.560351  1.523252   1.506680   1.512634   1.540395   1.586615   1.645720   1.710580   1.773372   1.826523   1.863621   1.880193   1.874240   1.846478   1.800258   1.741154 
 101.612801  
TUPLE  36.744804  
 -44.518819  42.869880  82.912355  103.412816 0
 -44.781705  43.123029  83.401958  104.023568 
 0.000000  0.000000  0.000000  0.000000 
 42.985226  2.084423  139.840446  146.312763 1
 14.984859  0.944761  47.908672  50.206563 
 29.221842  1.198893  95.905497  100.265827 
 4.829162  
 0.481953  0.294187  0.165870  0.112481   0.140458   0.246427   0.417607   0.633350   0.867636   1.092205   1.279971   1.408288   1.461677   1.433700   1.327731   1.156551   0.940808   0.706522 
 139.967773  
TUPLE  35.796818  
 16.529203  182.629523  140.135554  230.791531 1
 14.413031  160.163500  122.898754  202.396160 
 0.997138  10.101904  7.749544  12.771703 
 25.303847  17.501867  34.551085  46.264214 1
 5.372067  3.735307  7.788627  10.173191 
 21.925333  15.145436  29.484551  39.742438 
 2.188318  
 1.389808  1.430849  1.446089  1.433693   1.395153   1.335120   1.260834   1.181254   1.105980   1.044090   1.003049   0.987808   1.000205   1.038744   1.098778   1.173064   1.252644   1.327918 
 97.645752  
TUPLE  0.874500  
 39.627978  -174.249486  608.913428  634.593431 0
 36.339636  -159.790207  558.385594  581.934678 
 0.000000  0.000000  0.000000  0.000000 
 -36.507868  -46.352642  144.351498  155.944692 1
 -20.304541  -26.317306  81.202061  87.742061 
 -8.956653  -10.834365  34.495965  37.250436 
 1.875682  
 0.766558  0.653269  0.558619  0.494025   0.467276   0.481600   0.535268   0.621808   0.730782   0.849045   0.962334   1.056984   1.121579   1.148328   1.134004   1.080335   0.993795   0.884822 
 103.039711  
TUPLE  31.800991  
 69.797689  -3.956591  -66.841673  96.722186 1
 63.921553  -2.919278  -61.344139  88.643161 
 10.517788  -1.300433  -9.942608  14.532332 
 -29.269544  -41.833771  -46.662298  69.167482 3
 -29.041352  -41.507627  -46.298512  68.639581 
 0.000000  0.000000  0.000000  0.000000 
 2.010279  
 1.471121  1.579008  1.609888  1.560036   1.435466   1.251202   1.029469   0.797012   0.581868   0.409987   0.302100   0.271220   0.321071   0.445642   0.629906   0.851639   1.084096   1.299240 
 135.003098  
TUPLE  33.718788  
 -41.352544  -0.061340  -37.031020  55.509757 0
 -40.893455  -0.060659  -36.619908  54.893674 
 0.000000  0.000000  0.000000  0.000000 
 18.646842  24.833400  -26.697767  40.953306 1
 2.027740  2.847165  -3.192089  4.735714 
 16.862765  22.310679  -23.854423  36.758278 
 0.217084  
 1.099779  0.828388  0.597748  0.435678   0.361725   0.384811   0.502149   0.699588   0.953314   1.232723   1.504114   1.734754   1.896824   1.970777   1.947691   1.830353   1.632914   1.379188 
 102.839607  
TUPLE  31.800991  
 -3.764058  94.544859  -75.866102  121.278869 1
 -0.693895  15.227616  -11.974169  19.384581 
 -2.996156  77.458247  -62.400211  99.511615 
 76.766421  36.929485  -19.556744  87.403298 1
 6.971830  3.216821  -2.138930  7.971753 
 72.155917  34.848610  -18.019378  82.131713 
 3.046607  
 1.920067  1.936195  1.881235  1.761814   1.592337   1.393246   1.188554   1.002949   0.858819   0.773547   0.757419   0.812379   0.931800   1.101277   1.300368   1.505060   1.690665   1.834795 
 133.104660  
TUPLE  33.402683  
 28.047945  33.405446  -143.689211  150.163912 1
 9.885859  11.198694  -49.533593  51.737194 
 19.354870  23.627370  -100.266225  104.815064 
 -11.372264  33.044055  -15.210822  38.113082 1
 -8.220924  24.313218  -10.806173  27.847963 
 -3.120077  8.639964  -4.362844  10.170373 
 3.704509  
 1.443992  1.455408  1.472329  1.492714   1.514105   1.533922   1.549774   1.559749   1.562644   1.558111   1.546695   1.529774   1.509389   1.487998   1.468181   1.452329   1.442354   1.439459 
 102.548866  
TUPLE  53.569981  
 114.807930  -130.460312  -21.285440  175.082334 1
 23.180787  -26.536774  -4.643816  35.540593 
 91.880107  -104.210985  -16.688523  139.930013 
 -8.879346  -40.351017  -25.630534  48.620691 0
 -8.656427  -39.337992  -24.987071  47.400259 
 0.000000  0.000000  0.000000  0.000000 
 2.154176  
 0.621467  0.665229  0.678702  0.660259   0.612127   0.540110   0.452895   0.361001   0.275512   0.206739   0.162977   0.149505   0.167947   0.216079   0.288096   0.375311   0.467205   0.552694 
 117.551620  
TUPLE  33.718788  
 -19.607977  -72.820164  -61.310664  97.191803 1
 -16.497994  -60.656824  -51.219709  81.085832 
 -3.309416  -12.904004  -10.714555  17.096358 
 40.706752  -14.184621  2.828717  43.200055 1
 24.683422  -8.376100  1.909162  26.136081 
 17.075795  -6.175287  0.992668  18.185724 
 0.481974  
 0.698262  0.891002  1.125135  1.372423   1.603037   1.789163   1.908352   1.946227   1.898219   1.770121   1.577381   1.343247   1.095960   0.865345   0.679219   0.560031   0.522156   0.570163 
 115.785469  
TUPLE  33.402683  
 92.935223  14.489508  83.602448  125.842246 1
 17.329694  2.941227  15.454352  23.405674 
 74.509667  11.377426  67.162284  100.955073 
 16.503186  -65.392636  73.164665  99.506885 3
 16.133292  -63.926964  71.524796  97.283922 
 0.000000  0.000000  0.000000  0.000000 
 0.137399  
 0.900310  0.852710  0.786409  0.709402   0.630980   0.560599   0.506750   0.475928   0.471849   0.495006   0.542606   0.608908   0.685914   0.764337   0.834717   0.888566   0.919389   0.923467 
 127.661842  
TUPLE  33.718788  
 51.499542  -46.538635  54.721115  88.388052 2
 16.305437  -14.606054  17.159311  27.814843 
 32.606689  -29.594408  34.812532  56.133862 
 38.150556  27.221837  69.178973  83.559701 1
 20.467009  14.256953  37.380563  44.938682 
 18.948383  13.867407  34.091949  41.395959 
 1.072077  
 1.101409  1.372819  1.587042  1.718238   1.750585   1.680180   1.515516   1.276452   0.991825   0.695964   0.424554   0.210331   0.079135   0.046788   0.117193   0.281857   0.520921   0.805548 
 127.352379  
TUPLE  33.402683  
 117.681665  58.121751  -110.147452  171.346355 1
 97.055549  48.062042  -90.887244  141.386881 
 18.817115  9.166265  -17.567021  27.326227 
 9.761118  68.659049  -119.247769  137.947001 1
 8.179569  57.453054  -99.817872  115.461621 
 1.530866  10.849488  -18.810715  21.769616 
 1.820855  
 1.023361  1.177988  1.268488  1.283945   1.222495   1.091550   0.906903   0.690826   0.469381   0.269277   0.114651   0.024151   0.008694   0.070144   0.201089   0.385736   0.601813   0.823258 
 118.251968  
TUPLE  33.402683  
 2.129778  81.472730  -29.406074  86.643285 1
 2.236768  64.844078  -23.537396  69.020186 
 -0.062482  18.364723  -6.495066  19.480017 
 47.625936  -21.839497  13.904031  54.208076 1
 40.830682  -18.546213  11.925645  46.404171 
 6.719414  -3.258506  1.956244  7.720978 
 0.751345  
 0.288764  0.480241  0.694488  0.905662   1.088293   1.220353   1.285914   1.277068   1.194882   1.049268   0.857791   0.643545   0.432370   0.249739   0.117679   0.052118   0.060964   0.143151 
 155.679092  
TUPLE  33.402683  
 -53.958199  53.466648  -95.897507  122.337654 1
 -42.448719  42.784773  -76.037654  97.026671 
 -10.316036  9.499306  -17.738808  22.612849 
 -53.495434  -46.594839  -57.115458  91.076979 1
 -5.295669  -4.689198  -5.486969  8.953156 
 -50.477193  -43.889289  -54.060028  86.004195 
 3.971550  
 1.632020  1.529440  1.344857  1.100534   0.825940   0.554194   0.318074   0.146059   0.058896   0.067100   0.169679   0.354262   0.598586   0.873180   1.144926   1.381046   1.553061   1.640223 
 123.545670  
TUPLE  33.718788  
 22.244530  59.624619  -182.908358  193.663063 2
 6.366593  17.813465  -54.641250  57.823340 
 17.769542  46.881435  -143.821021  152.309503 
 -34.549184  31.358706  -187.143715  192.872457 1
 -5.204732  4.705388  -29.023056  29.859457 
 -32.016065  29.078214  -172.592087  177.928687 
 1.791792  
 1.000000  1.000000  1.000000  1.000000   1.000000   1.000000   1.000000   1.000000   1.000000   1.000000   1.000000   1.000000   1.000000   1.000000   1.000000   1.000000   1.000000   1.000000 
 92.634621  
TUPLE  0.008312  
 -40.070168  -11.201343  14.796874  44.159211 1
 -25.275956  -6.983835  9.294416  27.821818 
 -13.443774  -3.839998  5.003774  14.850476 
 12.473852  37.780055  21.264270  45.112068 3
 12.469676  37.767414  21.257154  45.109305 
 0.000000  0.000000  0.000000  0.000000 
 4.287575  
 1.587270  1.318860  1.033347  0.765170   0.546673   0.404212   0.354968   0.404882   0.547933   0.766868   1.035278   1.320791   1.588968   1.807465   1.949926   1.999170   1.949256   1.806205 
 103.024582  
TUPLE  31.355324  
 50.209619  23.585469  152.915734  162.666843 1
 25.980859  12.195718  78.701465  83.771598 
 25.166547  11.830267  77.070345  81.933916 
 -29.193299  26.717994  70.633825  80.964419 1
 -13.430398  12.247427  32.156072  36.937887 
 -12.458137  11.446017  30.481805  34.862231 
 0.434871  
 1.028202  1.295280  1.516424  1.664963   1.722979   1.683476   1.551218   1.342157   1.081509   0.800713   0.533636   0.312491   0.163953   0.105936   0.145439   0.277697   0.486758   0.747406 
 121.745903  
TUPLE  36.744804  
 135.148080  37.971444  -212.686468  254.837924 1
 17.047052  4.799963  -26.643827  31.993040 
 120.226086  33.768539  -189.386917  226.852482 
 18.665895  -32.352508  -22.564816  43.637958 0
 17.212949  -29.834201  -20.808380  40.241438 
 0.000000  0.000000  0.000000  0.000000 
 4.335008  
 0.209696  0.273724  0.369951  0.486772   0.610094   0.725044   0.817758   0.877052   0.895775   0.871668   0.807640   0.711412   0.594592   0.471270   0.356319   0.263606   0.204312   0.185589 
 119.511024  
TUPLE  33.718788  
 -48.152885  41.992434  12.656960  65.132661 2
 -17.196617  14.302311  4.239738  22.765645 
 -31.345957  28.029951  8.519651  42.905763 
 -13.025477  -37.476042  54.522977  67.430496 1
 -1.981650  -5.642182  7.762753  9.800050 
 -11.026348  -31.783575  46.687063  57.545426 
 0.599107  
 1.044760  0.895343  0.708742  0.507462   0.315782   0.156821   0.049751   0.007488   0.035128   0.129338   0.278755   0.465356   0.666636   0.858316   1.017277   1.124346   1.166610   1.138970 
 123.748665  
TUPLE  33.402683  
 -141.336895  56.772174  237.254712  281.937929 1
 -130.449442  52.753681  218.876471  260.205566 
 -10.522150  3.871486  17.765123  21.007662 
 -37.488438  59.119745  35.653352  78.560096 3
 -36.496469  57.555405  34.709944  76.489711 
 0.000000  0.000000  0.000000  0.000000 
 2.788397  
 1.206809  1.054542  0.854013  0.629410   0.407823   0.215978   0.077015   0.007695   0.016378   0.102018   0.254285   0.454814   0.679417   0.901004   1.092849   1.231812   1.301132   1.292449 
 129.282242  
TUPLE  31.800991  
 46.024444  118.662612  173.870259  215.476059 1
 2.001749  4.793023  7.124436  8.818001 
 46.862587  121.191551  177.474322  219.956012 
 -21.895484  57.033162  80.033117  100.685121 1
 -6.247905  15.230173  21.173033  26.819979 
 -20.668310  54.880937  77.212014  96.957772 
 5.685248  
 0.669949  0.499997  0.368178  0.290392   0.276021   0.326797   0.436597   0.592178   0.774773   0.962360   1.132312   1.264130   1.341916   1.356288   1.305511   1.195711   1.040131   0.857535 
 121.916298  
TUPLE  35.796818  
 68.709878  62.569880  -13.057141  93.843093 1
 49.031750  44.711372  -8.774407  66.934513 
 19.009070  17.249124  -4.156579  26.003314 
 30.412372  -37.281457  -0.552610  48.115744 0
 29.771841  -36.496253  -0.540971  47.102560 
 0.000000  0.000000  0.000000  0.000000 
 0.515410  
 0.988417  1.325885  1.624063  1.846986   1.967768   1.971839   1.858709   1.642023   1.347916   1.011862   0.674395   0.376217   0.153293   0.032512   0.028440   0.141570   0.358257   0.652363 
 134.082703  
TUPLE  31.800991  
 77.454113  -2.221911  -20.781624  80.224388 1
 22.043569  -0.210157  -5.792048  22.793209 
 54.358943  -1.981643  -14.707440  56.348457 
 6.655174  -42.776921  -57.825346  72.235220 2
 0.816573  -6.142947  -7.807519  9.968923 
 6.164740  -38.730261  -52.851559  65.813352 
 4.571098  
 1.548734  1.761924  1.901425  1.950411   1.902973   1.764833   1.552653   1.292025   1.014384   0.753219   0.540028   0.400527   0.351542   0.398979   0.537119   0.749299   1.009927   1.287568 
 128.167038  
TUPLE  31.800991  
 -114.361057  3.640904  314.756315  334.907816 1
 -87.477635  2.653392  241.203525  256.590212 
 -27.987696  1.022656  76.592064  81.551943 
 -48.907212  50.704854  69.409799  98.897006 3
 -49.041456  50.844029  69.600318  99.175930 
 0.000000  0.000000  0.000000  0.000000 
 3.112232  
 0.887068  0.684744  0.487370  0.318753   0.199230   0.143218   0.157472   0.240273   0.381634   0.564505   0.766829   0.964203   1.132820   1.252343   1.308355   1.294101   1.211300   1.069939 
 119.897469  
TUPLE  33.402683  
 -11.136080  48.277947  -24.817576  55.413757 1
 -6.693094  28.566713  -14.894274  32.904612 
 -5.086128  22.499801  -11.356610  25.711876 
 -35.726757  7.239244  -47.627806  59.976793 1
 -14.292094  2.522578  -19.107024  23.994274 
 -24.724405  5.383261  -32.906378  41.510524 
 5.837996  
 1.083026  1.144418  1.186266  1.203523   1.194106   1.159152   1.102876   1.032067   0.955265   0.881733   0.820340   0.778492   0.761236   0.770653   0.805607   0.861882   0.932692   1.009494 
 100.971603  
TUPLE  31.800991  
 46.198067  60.628768  -31.865243  82.616600 2
 15.282329  20.292390  -10.631776  27.538787 
 29.327219  38.251657  -20.137780  52.238664 
 -7.773809  29.053142  30.687040  42.967564 1
 -1.567855  8.001967  8.126075  11.512698 
 -7.234298  24.893583  26.619591  37.157051 
 4.686026  
 0.766266  0.858637  0.971188  1.090344   1.201733   1.291920   1.350026   1.369044   1.346680   1.285630   1.193259   1.080708   0.961552   0.850163   0.759976   0.701870   0.682852   0.705216 
 109.596519  
TUPLE  36.744804  
 0.973732  -49.259416  24.504984  55.026652 0
 0.955387  -48.331378  24.043315  53.990142 
 0.000000  0.000000  0.000000  0.000000 
 26.507418  16.675202  -20.533879  37.447907 1
 10.227676  6.736405  -8.005663  14.631973 
 18.306360  11.213410  -14.098049  25.683391 
 3.717984  
 0.090318  0.085147  0.075994  0.063961   0.050500   0.037236   0.025767   0.017476   0.013365   0.013929   0.019099   0.028253   0.040285   0.053746   0.067011   0.078480   0.086770   0.090881 
 118.879303  
TUPLE  36.744804  
 8.172642  -47.270099  254.830486  259.306442 1
 0.673338  -3.238276  17.792636  18.097988 
 8.063565  -47.295493  254.632138  259.112772 
 -37.548221  -4.791135  40.637434  55.535799 1
 -9.424614  -1.461354  10.151952  13.929842 
 -28.473233  -3.374194  30.863912  42.127300 
 2.195972  
 0.749144  0.946483  1.156145  1.352842   1.512849   1.616866   1.652349   1.615016   1.509372   1.348157   1.150818   0.941156   0.744459   0.584452   0.480435   0.444952   0.482285   0.587929 
 122.510292  
TUPLE  35.796818  
 -90.088687  -77.934243  -88.797282  148.575486 1
 -35.127548  -30.397286  -34.873364  58.087095 
 -53.763321  -46.500757  -52.743277  88.513765 
 -19.959590  32.743190  -33.753015  51.085886 1
 -16.660343  27.688711  -28.539665  43.113382 
 -3.558692  5.480096  -5.652093  8.640609 
 1.905743  
 1.295407  1.544140  1.759125  1.914432   1.991328   1.980539   1.883366   1.711530   1.485756   1.233276   0.984543   0.769558   0.614251   0.537355   0.548144   0.645317   0.817153   1.042927 
 131.379517  
TUPLE  44.201973  
 -27.129837  -78.885101  -106.751573  135.479835 1
 -12.877286  -36.334113  -49.769009  62.952093 
 -16.012460  -47.668242  -63.907505  81.319417 
 53.230845  -26.073053  -33.760355  68.213551 3
 53.314295  -26.113928  -33.813281  68.330819 
 0.000000  0.000000  0.000000  0.000000 
 3.366917  
 1.438676  1.184312  0.906331  0.638261   0.412436   0.256094   0.188091   0.216631   0.338269   0.538336   0.792700   1.070682   1.338751   1.564576   1.720918   1.788921   1.760382   1.638743 
 120.937164  
TUPLE  35.796818  
 -121.513510  -48.408352  21.597060  132.571998 0
 -113.729604  -45.307412  20.213597  124.079786 
 0.000000  0.000000  0.000000  0.000000 
 -58.502107  33.228250  -7.435781  67.689763 1
 -56.604659  32.327709  -7.171313  65.579078 
 -2.984254  1.517835  -0.402604  3.374893 
 2.877560  
 1.541987  1.582604  1.545204  1.434298   1.263264   1.052731   0.828091   0.616441   0.443307   0.329573   0.288957   0.326357   0.437262   0.608296   0.818830   1.043469   1.255120   1.428253 
 133.137405  
TUPLE  35.796818  
 -24.180674  -90.964628  -64.587633  114.152665 1
 -23.461703  -89.616405  -63.561372  112.345979 
 -2.043634  -6.331428  -4.564488  8.069460 
 33.514434  8.266231  -54.790639  64.757718 1
 26.116050  6.195930  -42.779105  50.502563 
 6.569796  1.865932  -10.656930  12.658290 
 0.709733  
 0.608345  0.746248  0.859615  0.934773   0.962656   0.939902   0.869255   0.759235   0.623114   0.477309   0.339406   0.226039   0.150881   0.122998   0.145752   0.216400   0.326419   0.462540 
 128.224838  
TUPLE  0.001334  
 18.709271  -45.374331  -1.569047  49.105281 0
 18.742353  -45.454563  -1.571821  49.192309 
 0.000000  0.000000  0.000000  0.000000 
 31.416115  8.235362  31.972905  45.574775 1
 15.537087  4.654993  15.846513  22.676011 
 16.194161  3.662976  16.447109  23.370790 
 0.307030  
 1.329381  1.599745  1.813711  1.945470   1.979132   1.910636   1.748243   1.511540   1.229078   0.934925   0.664561   0.450596   0.318836   0.285175   0.353671   0.516064   0.752766   1.035228 
 103.604256  
TUPLE  44.201973  
 -18.169878  87.779543  28.213191  93.975405 1
 -9.840604  48.400547  16.015836  51.922798 
 -9.294668  44.042232  13.695831  47.050006 
 -0.774654  35.928369  -26.292033  44.527730 0
 -0.748971  34.737165  -25.420322  43.051641 
 0.000000  0.000000  0.000000  0.000000 
 3.765163  
 0.176715  0.384193  0.645505  0.929135   1.200872   1.427941   1.582953   1.647212   1.612968   1.484351   1.276874   1.015561   0.731931   0.460194   0.233126   0.078113   0.013854   0.048098 
 103.707199  
TUPLE  33.402683  
 -78.985056  138.832758  130.650504  206.355829 0
 -78.656572  138.255378  130.107153  205.497680 
 0.000000  0.000000  0.000000  0.000000 
 21.427872  38.141829  51.187843  67.336083 0
 20.195983  35.949053  48.245051  63.465082 
 0.000000  0.000000  0.000000  0.000000 
 5.388643  
 1.141441  1.080243  0.975051  0.838553   0.687213   0.539284   0.412609   0.322467   0.279730   0.289553   0.350751   0.455943   0.592441   0.743782   0.891710   1.018385   1.108527   1.151264 
 115.593452  
TUPLE  33.402683  
 101.757915  -2.170230  -95.556936  139.608421 3
 104.027210  -2.218628  -97.687946  142.730633 
 0.000000  0.000000  0.000000  0.000000 
 64.859585  -48.933055  1.793695  81.267625 1
 46.734011  -35.327444  1.422193  58.601520 
 12.330439  -9.233496  0.211238  15.406493 
 3.152654  
 1.642188  1.462993  1.241703  1.005009   0.781461   0.598020   0.476814   0.432461   0.470311   0.585798   0.764994   0.986283   1.222977   1.446526   1.629966   1.751172   1.795525   1.757675 
 139.371445  
TUPLE  44.201973  
 -66.096061  24.816447  -43.224504  82.782263 1
 -19.098828  7.187700  -12.260810  23.807041 
 -43.742934  16.406888  -28.835495  54.901132 
 -33.020075  -55.995462  -0.593868  65.008998 1
 -25.898259  -44.124423  -0.478768  51.165743 
 -7.447742  -12.423484  -0.120945  14.486016 
 0.902739  
 1.108810  1.413527  1.662270  1.825039   1.882200   1.826859   1.665691   1.418135   1.114050   0.790114   0.485397   0.236653   0.073885   0.016724   0.072065   0.233233   0.480789   0.784873 
 134.148926  
TUPLE  33.402683  
 -17.335797  78.222101  31.064279  85.931463 0
 -15.969527  72.057255  28.616039  79.159149 
 0.000000  0.000000  0.000000  0.000000 
 31.824789  4.756492  30.816676  44.554561 1
 6.155528  0.637401  5.991812  8.614992 
 27.785227  4.435340  26.873801  38.909003 
 1.919527  
 0.537439  0.612990  0.665525  0.688708   0.679742   0.639709   0.573437   0.488920   0.396352   0.306898   0.231347   0.178813   0.155630   0.164596   0.204629   0.270900   0.355417   0.447985 
 118.178436  
TUPLE  35.796818  
 76.663644  100.569923  206.257626  241.937661 1
 52.253803  68.264444  139.818040  164.132868 
 26.904349  35.577853  73.150856  85.677848 
 4.152236  32.910384  131.278032  135.404047 1
 2.137177  17.126741  67.236218  69.416289 
 2.185016  17.130727  69.415261  71.531341 
 0.610528  
 1.080011  1.177515  1.258675  1.313702   1.335960   1.322763   1.275704   1.200458   1.106101   1.004014   0.906510   0.825350   0.770323   0.748065   0.761262   0.808321   0.883567   0.977924 
 93.617294  
TUPLE  0.008312  
 64.126316  -49.218661  79.556953  113.419442 1
 10.913836  -8.143894  12.801548  18.690477 
 53.395470  -41.215215  66.982424  95.060157 
 27.834519  38.568243  83.716485  96.284577 1
 4.462236  6.547910  13.812794  15.924806 
 26.011995  35.677987  77.843017  89.493554 
 1.237372  
 0.435486  0.606418  0.827420  1.071836   1.310187   1.513723   1.657895   1.725314   1.707848   1.607604   1.436672   1.215670   0.971254   0.732903   0.529367   0.385195   0.317776   0.335242 
 116.779800  
TUPLE  33.402683  
 -71.223972  -106.543901  -209.258784  245.384791 1
 -25.509400  -38.841420  -76.080611  89.149673 
 -43.345387  -64.158401  -126.217404  148.074219 
 -1.561012  -48.196348  -47.274784  67.529475 0
 -1.578588  -48.738986  -47.807046  68.289924 
 0.000000  0.000000  0.000000  0.000000 
 1.454499  
 1.287219  1.167390  0.995768  0.793051   0.583692   0.392941   0.243806   0.154275   0.135146   0.188728   0.308556   0.480178   0.682895   0.892254   1.083005   1.232140   1.321671   1.340800 
 90.492455  
TUPLE  31.800991  
 64.319641  70.398446  -86.994630  129.077585 1
 52.246681  56.842205  -70.831878  104.775600 
 13.599767  15.227348  -18.227814  27.369640 
 17.950501  38.932360  -193.841165  198.525430 1
 11.991021  25.550674  -125.676267  128.806696 
 9.484919  21.027910  -106.234856  108.710623 
 5.552028  
 0.177360  0.346396  0.570985  0.824038   1.075032   1.293694   1.453651   1.535608   1.529681   1.436585   1.267548   1.042960   0.789907   0.538913   0.320251   0.160294   0.078337   0.084264 
 126.051888  
TUPLE  33.402683  
 8.971363  66.600169  109.438983  128.424915 1
 7.856793  57.843471  94.921821  111.435039 
 0.580757  4.793888  8.005374  9.350020 
 -52.084027  -4.349652  131.883334  141.862184 0
 -53.239793  -4.446172  134.809879  145.010231 
 0.000000  0.000000  0.000000  0.000000 
 0.038125  
 1.366332  1.340342  1.265218  1.150020   1.008642   0.858138   0.716659   0.601272   0.525892   0.499612   0.525602   0.600726   0.715924   0.857302   1.007806   1.149285   1.264672   1.340052 
 117.762329  
TUPLE  0.718627  
 -45.371975  39.875730  -162.235759  173.115948 1
 -36.386646  31.877765  -129.752808  138.477401 
 -6.232654  5.578738  -22.640246  24.136430 
 -25.928195  -44.880596  -67.720997  85.279966 2
 -16.835922  -28.881466  -43.662670  54.991232 
 -10.731453  -18.836476  -28.339642  35.681719 
 0.113717  
 0.378790  0.593430  0.820748  1.033325   1.205521   1.316567   1.353070   1.310626   1.194354   1.018280   0.803639   0.576322   0.363745   0.191549   0.080502   0.044000   0.086444   0.202716 
 117.756905  
TUPLE  33.402683  
 -49.196750  -7.530900  -50.450676  70.868225 0
 -48.822002  -7.473535  -50.066376  70.328537 
 0.000000  0.000000  0.000000  0.000000 
 8.280920  30.481025  8.797572  32.788165 0
 7.743383  28.502419  8.226498  30.660114 
 0.000000  0.000000  0.000000  0.000000 
 1.426482  
 0.807335  0.937461  1.080586  1.219447   1.337296   1.419917   1.457347   1.445069   1.384566   1.283134   1.153008   1.009883   0.871022   0.753173   0.670552   0.633123   0.645400   0.705903 
 133.306244  
TUPLE  33.402683  
 14.311970  -96.291817  -45.788682  107.580434 1
 11.123288  -74.576489  -35.428034  83.309936 
 2.655021  -18.124792  -8.653277  20.259680 
 52.816115  -31.392981  -88.943774  108.102064 1
 35.783463  -21.392307  -60.334055  73.336926 
 19.836879  -11.667458  -33.332120  40.505305 
 1.854255  
 1.418066  1.203696  0.986265  0.791998   0.644327   0.561063   0.552249   0.618948   0.753115   0.938568   1.152938   1.370369   1.564636   1.712307   1.795571   1.804385   1.737686   1.603519 
 123.270561  
TUPLE  30.820377  
 -113.756486  78.959328  33.137011  142.383900 2
 -42.444285  29.547522  12.108742  53.115106 
 -67.796463  46.971487  20.004140  84.870016 
 -26.916460  -15.342754  1.391117  31.013403 1
 -6.826061  -3.813939  0.161717  7.822204 
 -22.697779  -13.015109  1.364294  26.200416 
 5.994301  
 1.894986  1.697600  1.417276  1.087828   0.748990   0.441631   0.202825   0.061373   0.034338   0.124980   0.322366   0.602689   0.932138   1.270976   1.578334   1.817141   1.958592   1.985628 
 115.951889  
TUPLE  0.001334  
 -111.667611  11.750740  -108.311799  156.010195 1
 -39.260824  3.902392  -38.187726  54.908677 
 -67.412729  7.322817  -65.280098  94.125497 
 -7.603949  -39.333140  -39.842462  56.500776 1
 -4.836423  -24.200967  -24.494556  34.771836 
 -2.862829  -15.625157  -15.847272  22.438707 
 2.555075  
 1.190752  1.486138  1.716333  1.853571   1.881299   1.796172   1.608459   1.340800   1.025479   0.700528   0.405141   0.174946   0.037708   0.009981   0.095107   0.282820   0.550479   0.865801 
 112.781540  
TUPLE  33.402683  
 -49.017451  53.179502  87.178206  113.273164 1
 -7.118770  7.208695  12.392467  16.007338 
 -44.447310  48.735849  79.318518  103.161000 
 7.680866  50.003038  -16.752946  53.291282 1
 4.778512  29.350474  -9.575957  31.241046 
 2.922121  20.781239  -7.220101  22.193394 
 0.940013  
 0.767527  1.102694  1.427991  1.704184   1.897959   1.985944   1.957527   1.816135   1.578822   1.274212   0.939045   0.613748   0.337555   0.143780   0.055795   0.084212   0.225604   0.462917 
 124.935661  
TUPLE  33.402683  
 -25.932748  50.720172  -181.543930  190.271495 2
 -17.827632  35.479047  -127.088832  133.147204 
 -7.345590  13.755625  -49.138007  51.556634 
 47.139270  19.211378  -159.534803  167.459073 1
 29.428057  12.501316  -99.313216  104.333254 
 21.886313  8.411603  -74.351490  77.961068 
 1.075109  
 1.052321  1.360707  1.621484  1.803198   1.883931   1.853946   1.716859   1.489206   1.198444   0.879643   0.571257   0.310480   0.128766   0.048033   0.078018   0.215105   0.442758   0.733521 
 110.516235  
TUPLE  33.718788  
 65.292862  40.411647  17.241580  78.698990 3
 64.085750  39.664531  16.922824  77.255242 
 0.000000  0.000000  0.000000  0.000000 
 11.075205  -32.198033  -16.799942  37.968560 1
 8.148678  -24.285086  -12.266030  28.401432 
 3.680007  -10.103473  -5.676860  12.160081 
 3.516081  
 1.019005  0.895807  0.761154  0.631288   0.521872   0.446104   0.413122   0.426904   0.485789   0.582673   0.705872   0.840525   0.970391   1.079807   1.155575   1.188557   1.174774   1.115890 
 136.415176  
TUPLE  31.800991  
 70.501491  -12.956733  -36.569576  80.471554 1
 20.809640  -3.993120  -10.482647  23.640886 
 58.818926  -10.640873  -30.821408  67.252298 
 -9.257981  -31.681660  -26.343368  42.230449 3
 -9.099131  -31.138055  -25.891359  41.521929 
 0.000000  0.000000  0.000000  0.000000 
 1.154843  
 1.243908  1.266139  1.331050  1.430812   1.553391   1.684003   1.806895   1.907243   1.972945   1.996075   1.973844   1.908933   1.809172   1.686592   1.555980   1.433088   1.332740   1.267038 
 101.191147  
TUPLE  35.796818  
 -81.005262  -24.864230  -146.184720  168.967615 0
 -81.568401  -25.037084  -147.200979  170.142315 
 0.000000  0.000000  0.000000  0.000000 
 -2.250377  36.967298  -83.652528  91.484374 0
 -2.150346  35.324086  -79.934138  87.417967 
 0.000000  0.000000  0.000000  0.000000 
 1.650639  
 0.050732  0.151454  0.333843  0.575901   0.848432   1.118564   1.353716   1.525525   1.613268   1.606362   1.505640   1.323250   1.081192   0.808662   0.538529   0.303378   0.131569   0.043826 
 116.087372  
TUPLE  33.718788  
 -16.116600  44.398860  77.792835  91.009498 1
 -8.798697  24.338193  43.522536  50.635909 
 -6.569573  17.999126  30.658197  36.153438 
 -32.920516  -32.169887  51.521004  69.087451 0
 -32.266305  -31.530593  50.497156  67.714658 
 0.000000  0.000000  0.000000  0.000000 
 3.433577  
 1.761835  1.569347  1.308653  1.011196   0.712854   0.449611   0.253219   0.147364   0.144815   0.245880   0.438367   0.699061   0.996518   1.294860   1.558103   1.754495   1.860350   1.862899 
 127.437416  
TUPLE  0.008312  
 -3.604785  -78.960938  37.724560  87.584055 1
 -0.258712  -5.962754  2.586606  6.506257 
 -3.438915  -75.031773  36.109526  83.339721 
 -57.554536  23.744484  34.675369  71.265043 1
 -7.245262  3.077058  4.469522  9.053078 
 -55.154108  22.666188  33.124756  68.212898 
 4.104051  
 0.969829  0.762124  0.581326  0.449241   0.381801   0.387139   0.464613   0.604877   0.791014   1.000573   1.208277   1.389076   1.521161   1.588601   1.583262   1.505789   1.365524   1.179387 
 158.351761  
TUPLE  33.402683  
 -49.231634  4.108653  -88.569388  101.415833 1
 -5.756136  0.472978  -10.622902  12.092243 
 -46.896623  3.921191  -84.101204  96.372712 
 -0.860703  -33.901451  -8.542720  34.971806 1
 -0.072545  -12.552831  -2.876901  12.879242 
 -0.816525  -22.465917  -5.947363  23.254537 
 1.579256  
 0.933885  1.196840  1.462754  1.699554   1.878678   1.978522   1.987042   1.903211   1.737140   1.508860   1.245905   0.979991   0.743191   0.564067   0.464223   0.455703   0.539534   0.705605 
 110.348541  
TUPLE  53.569981  
 -7.681586  55.167403  38.500426  67.710648 1
 -2.774741  18.424143  13.234999  22.854604 
 -4.977008  37.247146  25.617081  45.479374 
 41.833612  -19.717363  16.710706  49.173908 2
 13.094721  -6.600487  5.135403  15.538017 
 27.587885  -12.574373  11.115526  32.316238 
 1.166817  
 0.673424  1.006842  1.339407  1.631006   1.846468   1.959805   1.957348   1.839392   1.620165   1.326109   0.992691   0.660126   0.368527   0.153065   0.039728   0.042185   0.160141   0.379368 
 127.862167  
TUPLE  33.718788  
 28.675026  94.064089  22.380104  100.852263 1
 19.426370  63.922196  15.401277  68.561285 
 8.528100  27.778233  6.416454  29.758156 
 62.013429  60.866311  53.715613  102.155470 1
 40.057194  39.306227  34.348874  65.798351 
 22.953546  22.538943  20.230602  38.002167 
 4.057565  
 0.580453  0.700684  0.793701  0.848284   0.857851   0.821247   0.742887   0.632222   0.502601   0.369658   0.249427   0.156410   0.101827   0.092260   0.128864   0.207224   0.317888   0.447509 
 123.636162  
TUPLE  36.744804  
 -61.271520  58.882591  47.185759  97.200075 1
 -64.114909  62.779179  49.525084  102.492440 
 -11.286563  9.682446  8.542280  17.150074 
 -6.023918  45.178377  -7.626234  46.211825 3
 -6.066666  45.498990  -7.680354  46.553679 
 0.000000  0.000000  0.000000  0.000000 
 1.836504  
 0.140105  0.099842  0.166815  0.332946   0.578198   0.872988   1.181762   1.467277   1.695095   1.837737   1.878001   1.811028   1.644897   1.399645   1.104854   0.796080   0.510566   0.282748 
 95.171906  
TUPLE  31.800991  
 26.458487  81.037773  -19.266225  87.397710 1
 18.666128  57.790347  -13.764328  62.270577 
 6.399737  18.982066  -4.487834  20.528866 
 57.170176  -10.413030  23.123449  62.542418 1
 41.169809  -7.970948  16.703682  45.138915 
 24.448433  -3.980821  9.836731  26.652436 
 0.425135  
 0.414415  0.704811  1.025766  1.338570   1.605493   1.794340   1.882334   1.858861   1.726753   1.501943   1.211547   0.890591   0.577788   0.310865   0.122017   0.034024   0.057497   0.189605 
 136.576599  
TUPLE  33.718788  
 56.327366  37.531365  -24.884088  72.115140 1
 3.760042  2.605985  -1.645908  4.863904 
 52.568338  34.926057  -23.238628  67.255570 
 18.917412  -38.105805  -1.752731  42.579254 1
 3.666410  -7.247960  -0.072859  8.124055 
 16.156881  -32.682583  -1.763804  36.501031 
 5.145267  
 0.560823  0.350563  0.231273  0.217342   0.310450   0.499367   0.761306   1.064674   1.372881   1.648751   1.859011   1.978301   1.992232   1.899124   1.710207   1.448268   1.144899   0.836693 
 129.769073  
TUPLE  33.718788  
 -35.251782  34.046724  12.038019  50.465646 2
 -8.242560  8.590065  3.067529  12.294642 
 -27.802346  26.222674  9.241332  39.320150 
 -12.876599  -37.925011  -23.669069  46.522447 1
 -10.955985  -31.440039  -19.743771  38.708470 
 -4.519242  -14.138627  -8.701956  17.206586 
 0.389842  
 0.058225  0.117317  0.285375  0.542131   0.856615   1.190897   1.504656   1.760049   1.926272   1.983275   1.924184   1.756126   1.499370   1.184885   0.850604   0.536845   0.281452   0.115229 
 119.188461  
TUPLE  33.718788  
 -86.569650  -95.888430  108.046301  168.412881 1
 -71.993673  -79.590805  89.649744  139.838769 
 -12.339663  -13.820580  15.605442  24.224445 
 -73.192955  -53.995287  -1.399818  90.965154 1
 -41.633942  -31.017092  -0.918550  51.925988 
 -27.296984  -19.834058  -0.399757  33.744529 
 3.917931  
 1.671717  1.556315  1.362785  1.114470   0.841321   0.576283   0.351324   0.193578   0.122070   0.145426   0.260828   0.454358   0.702673   0.975822   1.240859   1.465818   1.623565   1.695073 
 136.202316  
TUPLE  31.800991  
 2.790288  -74.906236  20.630777  77.745475 1
 0.063733  -7.248597  2.036645  7.530845 
 2.648440  -65.560676  18.016583  68.042869 
 38.109138  1.353341  -12.396779  40.097606 1
 3.959327  -0.012327  -1.219131  4.145139 
 34.645194  1.383260  -11.338795  36.479985 
 3.104042  
 1.375762  1.436455  1.505482  1.574519   1.635237   1.680314   1.704312   1.704338   1.680387   1.635349   1.574657   1.505629   1.436593   1.375875   1.330798   1.306799   1.306774   1.330724 
 107.249649  
TUPLE  31.800991  
 18.222465  64.835899  61.030313  90.887024 1
 2.875056  10.678893  10.345524  15.144440 
 15.828942  55.870295  52.297508  78.147891 
 33.479426  -17.777480  124.184860  129.841404 0
 33.395297  -17.732808  123.872801  129.515206 
 0.000000  0.000000  0.000000  0.000000 
 3.106768  
 1.124650  1.098014  1.032283  0.935385   0.819007   0.697186   0.584615   0.494873   0.438783   0.423111   0.449746   0.515478   0.612376   0.728754   0.850575   0.963145   1.052888   1.108978 
 134.767548  
TUPLE  33.402683  
 -75.632774  32.360899  -260.549135  273.227736 1
 -48.619073  20.197037  -166.687877  174.804469 
 -25.943261  11.705853  -90.173677  94.558924 
 33.939059  63.614316  -304.000435  312.433842 1
 4.977747  8.869530  -42.770789  43.963695 
 31.728575  59.931653  -286.016718  293.945721 
 2.791584  
 1.480678  1.450387  1.345361  1.178268   0.969262   0.743552   0.528362   0.349647   0.228963   0.180866   0.211156   0.316182   0.483275   0.692281   0.917991   1.133181   1.311896   1.432580 
 140.028885  
TUPLE  35.796818  
 -44.776009  -57.135465  125.808678  145.248669 0
 -44.920170  -57.319417  126.213730  145.716377 
 0.000000  0.000000  0.000000  0.000000 
 -15.118862  35.955193  137.137829  142.576786 1
 -12.320827  28.922662  110.264601  114.658733 
 -0.737239  2.131613  8.180482  8.486802 
 2.053332  
 1.727546  1.725619  1.628694  1.448462   1.206663   0.932459   0.658925   0.419052   0.241773   0.148471   0.150398   0.247322   0.427554   0.669354   0.943557   1.217092   1.456964   1.634243 
 127.859467  
TUPLE  35.796818  
 112.904611  49.046162  82.020816  147.920220 1
 92.357146  40.013205  67.078155  120.956180 
 16.914300  7.454696  12.303307  22.204856 
 24.906275  -22.293116  5.321661  33.847092 2
 9.624121  -8.420878  1.556875  12.883254 
 15.828778  -14.361509  3.881582  21.733023 
 1.074136  
 1.197165  1.044889  0.852064  0.641948   0.439885   0.270247   0.153493   0.103707   0.126893   0.220254   0.372531   0.565356   0.775471   0.977534   1.147173   1.263927   1.313713   1.290527 
 110.478745  
TUPLE  53.569981  
 61.190789  123.431393  -361.756414  387.101182 3
 63.538654  128.167401  -375.636849  401.955686 
 0.000000  0.000000  0.000000  0.000000 
 12.832663  51.921561  -302.384621  307.078141 1
 9.100267  36.561817  -214.858974  218.137524 
 4.122336  16.937460  -96.714103  98.272617 
 3.152568  
 1.996233  1.950806  1.791472  1.537448   1.219374   0.875614   0.547630   0.274982   0.090556   0.016596   0.062023   0.221357   0.475380   0.793455   1.137215   1.465199   1.737846   1.922272 
 95.179863  
TUPLE  36.744804  
 29.527140  105.680014  -3.285396  109.776642 1
 26.568690  94.861407  -2.965612  98.556563 
 2.086352  7.697283  -0.222748  7.979277 
 37.008054  -4.797901  2.697291  37.415121 0
 37.201664  -4.823002  2.711402  37.611120 
 0.000000  0.000000  0.000000  0.000000 
 5.387412  
 0.515145  0.689410  0.880741  1.066062   1.223019   1.332682   1.381823   1.364515   1.282846   1.146667   0.972402   0.781070   0.595750   0.438792   0.329130   0.279989   0.297296   0.378965 
 110.891930  
TUPLE  36.744804  
 50.292017  86.781554  54.571374  114.185638 1
 8.453474  14.416088  9.254608  19.103718 
 39.530257  68.382395  42.812068  89.842554 
 39.324544  -24.660853  3.529132  46.551393 1
 22.980604  -14.510445  2.206814  27.268126 
 11.449096  -7.080796  0.883037  13.491384 
 3.797115  
 1.837468  1.935897  1.978263  1.959457   1.881748   1.754507   1.593083   1.416945   1.247338   1.104719   1.006290   0.963924   0.982730   1.060439   1.187680   1.349104   1.525242   1.694849 
 130.004715  
TUPLE  31.355324  
 -20.983217  41.653445  -29.393038  55.129444 0
 -21.024309  41.735016  -29.450599  55.237581 
 0.000000  0.000000  0.000000  0.000000 
 29.778186  17.907712  29.986906  45.898159 0
 27.461417  16.514477  27.653899  42.327473 
 0.000000  0.000000  0.000000  0.000000 
 4.900628  
 0.593629  0.724600  0.878044  1.035453   1.177843   1.288038   1.352748   1.364167   1.320918   1.228218   1.097247   0.943803   0.786394   0.644004   0.533809   0.469099   0.457680   0.500929 
 113.394341  
TUPLE  36.744804  
 -37.593478  -36.136239  11.972045  53.501656 0
 -37.382003  -35.932961  11.904698  53.200875 
 0.000000  0.000000  0.000000  0.000000 
 41.387633  -27.228947  43.444073  65.891875 1
 37.487944  -24.699636  39.676659  59.913894 
 6.743060  -4.399967  6.752063  10.508908 
 0.293293  
 0.298934  0.159655  0.057885  0.005899   0.009967   0.069599   0.177602   0.320949   0.482351   0.642340   0.781619   0.883389   0.935375   0.931307   0.871675   0.763672   0.620325   0.458923 
 130.884567  
TUPLE  35.796818  
 63.685325  -42.575398  133.873756  154.242238 2
 15.286989  -10.368159  31.898216  36.860635 
 52.838122  -35.175362  111.308476  128.154661 
 25.600395  19.829297  46.192364  56.412018 1
 6.872026  5.280659  11.893385  14.716732 
 22.371056  17.370153  40.871702  49.726257 
 5.860889  
 0.078587  0.011198  0.063543  0.229307   0.488499   0.809855   1.154615   1.481196   1.750208   1.929203   1.996592   1.944248   1.778483   1.519291   1.197935   0.853175   0.526594   0.257583 
 119.399704  
TUPLE  33.718788  
 -104.875547  34.503888  -185.381470  215.767671 1
 -21.766761  7.251407  -39.028443  45.272659 
 -83.482907  27.375554  -147.014339  171.266024 
 -37.262654  -33.492472  -13.244614  51.823459 3
 -36.871183  -33.140615  -13.105470  51.295864 
 0.000000  0.000000  0.000000  0.000000 
 0.724058  
 0.077351  0.025885  0.073458  0.214333   0.431518   0.698817   0.983990   1.252642   1.472368   1.616667   1.668133   1.620560   1.479685   1.262500   0.995201   0.710028   0.441376   0.221650 
 142.951447  
TUPLE  33.718788  
 -31.414436  69.259414  5.370509  76.240249 1
 -13.571000  30.401767  2.475644  33.385442 
 -18.172566  39.582965  2.951031  43.655241 
 -31.759028  47.838156  -55.868137  80.114754 1
 -25.496157  37.425126  -44.211372  63.287905 
 -6.025739  10.055844  -11.239622  16.241208 
 5.184570  
 1.197295  0.926919  0.688884  0.511901   0.417317   0.416539   0.509661   0.685453   0.922709   1.192815   1.463190   1.701225   1.878208   1.972792   1.973570   1.880448   1.704657   1.467400 
 158.852112  
TUPLE  33.402683  
 -37.294974  49.707411  -113.633049  129.515294 1
 -11.183574  14.834890  -34.861531  39.503064 
 -27.240221  36.377045  -82.210904  93.935989 
 -44.304154  2.370972  -31.018531  54.135283 0
 -43.839019  2.346080  -30.692878  53.567116 
 0.000000  0.000000  0.000000  0.000000 
 3.615611  
 1.611260  1.374429  1.084964  0.777779   0.489923   0.256118   0.104563   0.053539   0.109198   0.264829   0.501660   0.791125   1.098310   1.386165   1.619971   1.771525   1.822550   1.766890 
 123.348488  
TUPLE  31.800991  
 39.957954  5.971746  -5.260024  40.742701 1
 16.982831  2.662170  -2.556653  17.379863 
 22.331587  3.213399  -2.618656  22.713460 
 16.041670  33.514078  63.409181  73.493216 1
 12.326507  25.363313  48.854547  56.409456 
 7.055334  15.129007  27.757590  32.390841 
 5.364892  
 0.841119  0.612835  0.392190  0.205798   0.076139   0.018854   0.040851   0.139477   0.302837   0.511227   0.739511   0.960156   1.146548   1.276207   1.333492   1.311495   1.212869   1.049509 
 120.607132  
TUPLE  30.820377  
 -121.771627  -53.020559  31.445111  136.485544 3
 -117.860557  -51.317644  30.435154  132.106526 
 0.000000  0.000000  0.000000  0.000000 
 -44.094971  50.637868  38.084401  77.194441 1
 -9.112673  10.911218  8.289388  16.456881 
 -35.479026  40.297082  30.224032  61.612713 
 2.520946  
 0.368314  0.647329  0.959240  1.266427   1.531838   1.723461   1.818183   1.804580   1.684291   1.471827   1.192812   0.880900   0.573714   0.308302   0.116679   0.021957   0.035561   0.155849 
 150.422165  
TUPLE  44.201973  
 -15.738229  97.734814  34.053708  104.687348 1
 -4.798161  27.338436  9.889748  29.465896 
 -10.837634  69.760263  23.942318  74.546639 
 60.172565  29.391180  2.592539  67.017165 3
 60.263179  29.435441  2.596443  67.129879 
 0.000000  0.000000  0.000000  0.000000 
 1.790369  
 1.742258  1.915171  1.979868  1.928547   1.767398   1.515857   1.204264   0.870203   0.553965   0.293693   0.120781   0.056083   0.107404   0.268554   0.520094   0.831687   1.165749   1.481987 
 125.772995  
TUPLE  0.008312  
 -109.539651  -28.037192  20.988464  115.002325 1
 -9.529649  -2.306820  1.715297  9.954765 
 -100.004738  -25.729037  19.272159  105.044587 
 2.629247  -67.809616  9.029557  68.458673 0
 2.613429  -67.401657  8.975233  68.046952 
 0.000000  0.000000  0.000000  0.000000 
 5.616243  
 0.978401  0.943236  0.853726  0.720665   0.560104   0.391408   0.234925   0.109528   0.030343   0.006920   0.042085   0.131596   0.264656   0.425217   0.593913   0.750396   0.875793   0.954978 
 137.383362  
TUPLE  33.402683  
 81.430588  27.416398  -27.913984  90.342625 0
 23.906380  8.048902  -8.194983  26.523142 
 0.000000  0.000000  0.000000  0.000000 
 1.865058  42.368388  -6.004700  42.832408 0
 1.861001  42.276223  -5.991638  42.739462 
 0.000000  0.000000  0.000000  0.000000 
 5.090162  
 1.634763  1.554938  1.441392  1.307821   1.170336   1.045518   0.948423   0.890763   0.879491   0.915967   0.995792   1.109338   1.242909   1.380395   1.505212   1.602307   1.659968   1.671240 
 113.686287  
TUPLE  53.569981  
 -61.334269  -0.100778  -20.273625  64.598162 1
 -35.245162  0.085524  -11.409961  37.046396 
 -28.472524  -0.190271  -9.651571  30.064794 
 7.868599  33.220294  15.613878  37.540591 3
 7.843617  33.114823  15.564305  37.440006 
 0.000000  0.000000  0.000000  0.000000 
 0.178527  
 0.268674  0.284154  0.389837  0.572975   0.811480   1.076584   1.336312   1.559337   1.718759   1.795349   1.779869   1.674186   1.491048   1.252543   0.987438   0.727710   0.504685   0.345264 
 129.917038  
TUPLE  33.402683  
 -37.861696  -34.034657  -52.141122  72.873606 1
 -23.381593  -20.938162  -32.233248  44.990080 
 -15.526437  -14.037060  -21.348827  29.898160 
 39.430466  -6.908642  -21.971449  45.664380 3
 39.599148  -6.938197  -22.065444  45.878337 
 0.000000  0.000000  0.000000  0.000000 
 1.870166  
 1.752653  1.829529  1.900188  1.956108   1.990544   1.999344   1.981445   1.939006   1.877146   1.803327   1.726452   1.655793   1.599873   1.565436   1.556637   1.574536   1.616975   1.678834 
 111.524628  
TUPLE  35.796818  
 203.386140  -99.386560  -77.824946  239.374879 1
 56.011190  -27.922123  -21.379316  66.136170 
 141.887104  -68.782749  -54.345729  166.782773 
 111.845984  25.634396  -9.951791  115.176753 1
 14.393336  3.514616  -1.270621  14.871268 
 105.685625  24.006680  -9.413723  108.786067 
 5.427074  
 0.398082  0.701890  1.042424  1.378613   1.669905   1.881168   1.986918   1.974403   1.845130   1.614693   1.310885   0.970350   0.634162   0.342869   0.131607   0.025856   0.038372   0.167644 
 132.259415  
TUPLE  33.402683  
 12.211762  -45.435855  -22.277317  52.055959 1
 1.977593  -7.565863  -3.888857  8.734749 
 11.644347  -43.116787  -20.960976  49.335879 
 33.949614  -26.692850  15.376839  45.842467 1
 11.329317  -8.747965  5.349923  15.281409 
 23.384522  -18.545755  10.373057  31.597460 
 0.629351  
 0.143303  0.341371  0.608091  0.911293   1.214406   1.480871   1.678547   1.783593   1.783337   1.677811   1.479744   1.213023   0.909821   0.606708   0.340244   0.142567   0.037522   0.037777 
 115.190109  
TUPLE  35.796818  
 235.730537  39.859176  62.691696  247.159642 1
 113.382184  19.166221  30.008226  118.841814 
 114.148997  19.306545  30.502944  119.721276 
 13.642713  34.456708  25.812075  45.162501 1
 2.118429  6.113748  4.579455  7.928212 
 12.351318  30.431755  22.797370  39.979808 
 1.091725  
 1.782121  1.722857  1.595615  1.415742   1.204935   0.988618   0.792884   0.641340   0.552265   0.536403   0.595667   0.722909   0.902782   1.113589   1.329906   1.525640   1.677184   1.766259 
 133.148636  
TUPLE  44.201973  
 -21.114886  56.844834  26.364214  66.122957 0
 -20.566289  55.367919  25.679232  64.405133 
 0.000000  0.000000  0.000000  0.000000 
 47.324814  30.415261  28.249692  62.950546 0
 46.929598  30.161259  28.013775  62.424993 
 0.000000  0.000000  0.000000  0.000000 
 5.218728  
 0.059908  0.000116  0.058353  0.227595   0.487429   0.806515   1.146367   1.465992   1.726841   1.897451   1.957243   1.899006   1.729764   1.469930   1.150844   0.810993   0.491367   0.230518 
 116.941544  
TUPLE  31.800991  
 -64.804295  -110.258274  114.385135  171.582175 1
 -13.262513  -22.659891  23.015414  34.915522 
 -49.235553  -83.674541  87.299022  130.563035 
 -63.331254  -18.485836  103.744334  122.944950 0
 -64.935489  -18.954098  106.372268  126.059330 
 0.000000  0.000000  0.000000  0.000000 
 3.744954  
 1.097439  0.860440  0.629399  0.432186   0.292586   0.227437   0.244597   0.341996   0.507887   0.722261   0.959260   1.190300   1.387514   1.527114   1.592263   1.575103   1.477704   1.311813 
 113.437393  
TUPLE  31.800991  
 9.092346  -99.285329  -148.092181  178.526024 3
 9.284130  -101.379524  -151.215840  182.295668 
 0.000000  0.000000  0.000000  0.000000 
 28.105487  -19.538818  -24.363881  42.015265 1
 1.171887  -0.907839  -1.044103  1.818549 
 27.881933  -19.290256  -24.141863  41.621676 
 5.369839  
 0.212463  0.445469  0.741374  1.064488   1.375837   1.637869   1.818979   1.897322   1.863450   1.721446   1.488440   1.192535   0.869422   0.558072   0.296040   0.114930   0.036587   0.070460 
 100.891121  
TUPLE  36.744804  
 22.067913  -50.504887  -128.671407  139.978811 1
 18.363687  -42.304910  -107.599193  117.066375 
 3.908842  -8.668259  -22.265261  24.211109 
 32.076099  34.556447  -50.973994  69.436102 0
 31.439094  33.870184  -49.961692  68.057300 
 0.000000  0.000000  0.000000  0.000000 
 4.213606  
 0.013250  0.023972  0.036300  0.048747   0.059811   0.068158   0.072782   0.073124   0.069144   0.061320   0.050598   0.038270   0.025824   0.014759   0.006412   0.001788   0.001446   0.005427 
 116.606468  
TUPLE  0.001334  
 -27.499078  -72.123238  -134.042364  154.678105 2
 -8.123411  -21.348863  -39.090161  45.274981 
 -17.575629  -46.053320  -86.178028  99.280091 
 34.923572  2.482749  -33.031312  48.134057 1
 8.808479  0.959045  -8.187915  12.065260 
 28.071396  1.662780  -26.693702  38.772930 
 4.722961  
 0.601238  0.842874  1.108401  1.365793   1.584004   1.736716   1.805508   1.782084   1.669268   1.480669   1.239033   0.973506   0.716115   0.497903   0.345191   0.276399   0.299823   0.412639 
 128.816818  
TUPLE  36.744804  
 78.715065  46.366460  28.101072  95.580230 1
 25.340930  15.060102  9.306833  30.912878 
 55.156811  32.356430  19.430649  66.833978 
 -10.257124  -31.836459  8.433866  34.494910 1
 -9.293937  -27.423826  7.460581  29.901894 
 -3.367295  -11.875827  2.950207  12.692356 
 3.879466  
 1.985929  1.981845  1.920320  1.808776   1.660666   1.493854   1.328461   1.184435   1.079148   1.025299   1.029383   1.090908   1.202452   1.350562   1.517374   1.682767   1.826793   1.932080 
 141.285690  
TUPLE  33.402683  
 41.216062  -77.044792  -72.037110  113.243141 1
 30.985055  -57.953068  -54.475444  85.359388 
 9.434545  -17.602907  -16.169617  25.697232 
 -33.364876  -2.336984  -0.622730  33.452418 1
 -8.678831  -0.851806  -0.166166  8.723232 
 -25.600740  -1.549244  -0.473635  25.652302 
 5.078670  
 0.165940  0.044574  0.033663  0.134525   0.334994   0.610889   0.928934   1.250769   1.537575   1.754758   1.876124   1.887035   1.786173   1.585705   1.309809   0.991764   0.669929   0.383124 
 138.520187  
TUPLE  53.569981  
 58.151876  -32.947656  -13.026917  68.094708 0
 60.238723  -34.130020  -13.494403  70.538503 
 0.000000  0.000000  0.000000  0.000000 
 -20.915005  -50.403097  1.866526  54.602139 1
 -18.159446  -43.871757  1.611543  47.509084 
 -1.055547  -2.434477  0.103268  2.658899 
 1.499045  
 1.658928  1.502846  1.273078  0.997336   0.708880   0.442501   0.230328   0.097954   0.061343   0.124912   0.280994   0.510763   0.786504   1.074961   1.341340   1.553512   1.685886   1.722497 
 104.504654  
TUPLE  35.796818  
 -58.348033  50.270689  -120.833257  143.291002 1
 -44.775134  38.492617  -92.336092  109.601403 
 -15.257678  13.229610  -31.986165  37.827930 
 -71.873133  -24.354915  -132.879252  153.022236 1
 -10.111812  -3.550802  -19.094952  21.897343 
 -61.209642  -20.617169  -112.764353  129.951935 
 0.426564  
 0.401131  0.647391  0.919118  1.183539   1.408759   1.567615   1.640945   1.619905   1.507033   1.315943   1.069683   0.797955   0.533535   0.308314   0.149459   0.076129   0.097168   0.210040 
 115.315193  
TUPLE  33.718788  
 -15.554528  -75.794426  -228.061849  240.829702 1
 -12.069825  -58.755688  -176.429514  186.347269 
 -3.682666  -18.003369  -54.534859  57.547827 
 -56.036821  -29.898690  -298.838009  305.513032 3
 -56.703920  -30.254623  -302.395574  309.152792 
 0.000000  0.000000  0.000000  0.000000 
 1.407087  
 1.332654  1.440817  1.526278  1.578730   1.591845   1.564041   1.498673   1.403625   1.290360   1.172541   1.064377   0.978916   0.926465   0.913350   0.941153   1.006521   1.101570   1.214834 
 115.344315  
TUPLE  44.201973  
 -40.981038  50.760814  -174.530078  186.324593 1
 -39.001334  47.717358  -164.117402  175.307135 
 -3.628600  5.085845  -17.434995  18.521064 
 -21.035677  -43.717011  -219.560423  224.856524 3
 -21.439605  -44.556478  -223.776479  229.178372 
 0.000000  0.000000  0.000000  0.000000 
 4.294184  
 0.010180  0.027430  0.135675  0.321860   0.563529   0.831532   1.093544   1.317963   1.477720   1.553547   1.536298   1.428052   1.241867   1.000199   0.732196   0.470184   0.245765   0.086007 
 122.377304  
TUPLE  35.796818  
 -74.824298  40.417247  -0.650623  85.045004 3
 -73.949893  39.944928  -0.643020  84.057608 
 0.000000  0.000000  0.000000  0.000000 
 -46.785243  44.678158  -102.421073  121.140715 1
 -36.011611  34.579317  -79.227349  93.645916 
 -12.860218  12.091455  -27.761630  32.898553 
 5.470333  
 1.608746  1.801717  1.902333  1.898457   1.790556   1.591645   1.325716   1.024844   0.725318   0.463265   0.270293   0.169677   0.173554   0.281454   0.480365   0.746294   1.047167   1.346693 
 127.708496  
TUPLE  31.800991  
 13.696732  37.605140  20.043449  44.760327 3
 13.792271  37.867449  20.183259  45.092354 
 0.000000  0.000000  0.000000  0.000000 
 37.615011  1.400097  89.045057  96.674048 1
 17.522938  0.866477  42.557402  46.032121 
 23.811221  0.672053  55.291902  60.204971 
 2.749295  
 1.659411  1.531864  1.350181  1.136276   0.915949   0.715775   0.559897   0.467117   0.448626   0.506654   0.634201   0.815884   1.029789   1.250116   1.450290   1.606168   1.698948   1.717439 
 107.796959  
TUPLE  33.402683  
 -12.928522  74.378703  -67.122042  101.018348 0
 -12.702463  73.078172  -65.948396  99.252115 
 0.000000  0.000000  0.000000  0.000000 
 35.312198  17.275058  -42.161179  57.644983 0
 34.727171  16.988858  -41.462683  56.690134 
 0.000000  0.000000  0.000000  0.000000 
 6.157320  
 0.683143  0.682444  0.754051  0.889326   1.071955   1.279908   1.488104   1.671431   1.807778   1.880699   1.881398   1.809791   1.674515   1.491887   1.283934   1.075738   0.892410   0.756064 
 134.698959  
TUPLE  33.718788  
 8.363858  -63.823488  58.974641  87.300630 1
 4.936184  -39.688806  36.776692  54.333340 
 2.674139  -18.384553  16.884674  25.104845 
 52.963883  -7.660655  30.708828  61.700005 1
 23.908919  -3.568640  13.647876  27.760685 
 28.578252  -4.023064  16.784551  33.386238 
 1.050428  
 0.317591  0.115650  0.015197  0.028346   0.153512   0.375598   0.667817   0.994923   1.317462   1.596532   1.798473   1.898926   1.885777   1.760611   1.538525   1.246306   0.919200   0.596661 
 119.266815  
TUPLE  33.402683  
 -44.255526  -15.560700  -40.360053  61.883931 1
 -20.761232  -7.069902  -19.053164  29.052622 
 -18.244257  -6.644831  -16.518973  25.493164 
 33.355680  -19.047970  -4.106370  38.630154 1
 26.448137  -15.114479  -3.019582  30.611906 
 5.698301  -3.242946  -0.937919  6.624594 
 1.900077  
 1.512956  1.482515  1.399865  1.274974   1.122907   0.962005   0.811675   0.690048   0.611796   0.586356   0.616797   0.699447   0.824338   0.976405   1.137307   1.287637   1.409264   1.487516 
 127.711273  
TUPLE  36.744804  
 23.090012  -39.420759  25.460844  52.301047 0
 22.740826  -38.824606  25.075805  51.510296 
 0.000000  0.000000  0.000000  0.000000 
 17.867680  29.584169  34.294381  48.688619 0
 17.287831  28.624092  33.181447  47.108764 
 0.000000  0.000000  0.000000  0.000000 
 4.058033  
 0.805950  0.494031  0.241183  0.077903   0.023885   0.085645   0.255733   0.513635   0.828243   1.161611   1.473530   1.726379   1.889658   1.943676   1.881916   1.711828   1.453926   1.139318 
 101.119736  
TUPLE  31.800991  
 25.657465  -65.934570  -32.408409  77.820165 3
 25.553902  -65.668429  -32.277596  77.518739 
 0.000000  0.000000  0.000000  0.000000 
 -38.293520  -22.940143  -22.879474  50.160883 1
 -26.393465  -15.790388  -15.873075  34.611058 
 -11.248131  -6.759215  -6.616891  14.697241 
 4.614867  
 1.313304  1.356958  1.328080  1.230154   1.074990   0.881304   0.672457   0.473640   0.308832   0.197911   0.154257   0.183135   0.281061   0.436225   0.629911   0.838758   1.037575   1.202383 
 124.753754  
TUPLE  33.718788  
 73.145383  67.757174  96.084499  138.468454 1
 17.871156  16.089322  23.236192  33.439267 
 54.805828  51.233956  72.233013  104.145203 
 61.779302  -25.563548  26.404531  71.884465 1
 23.913877  -10.252989  10.494656  28.056275 
 57.362947  -23.377924  24.242768  66.518908 
 1.766357  
 0.232300  0.287630  0.429322  0.640285   0.895074   1.162958   1.411626   1.611086   1.737278   1.774983   1.719653   1.577961   1.366998   1.112208   0.844324   0.595656   0.396197   0.270005 
 121.471581  
TUPLE  33.402683  
 48.982551  0.301158  80.038974  93.838256 1
 18.909628  -0.141603  30.299913  35.716919 
 50.820168  0.570371  83.640809  97.871436 
 4.834880  33.489122  -1.317822  33.861985 1
 1.297692  10.700245  -0.276754  10.783103 
 3.625208  23.398546  -1.065059  23.702039 
 2.570522  
 1.408259  1.678985  1.878498  1.982735   1.979123   1.868098   1.663050   1.388712   1.078173   0.768888   0.498163   0.298649   0.194412   0.198024   0.309050   0.514097   0.788435   1.098974 
 110.876732  
TUPLE  36.744804  
 -81.035437  70.546709  77.588060  132.527307 2
 -16.693920  14.001922  15.844503  26.940834 
 -64.935038  57.061482  62.311828  106.561760 
 -58.340828  -2.908855  148.426682  159.507347 1
 -14.376727  -0.660875  35.998436  38.768981 
 -41.963916  -2.148248  107.339503  115.270865 
 6.098249  
 0.403573  0.184074  0.065905  0.063321   0.176631   0.392171   0.683942   1.016752   1.350460   1.644816   1.864315   1.982484   1.985069   1.871758   1.656218   1.364447   1.031637   0.697929 
 123.356186  
TUPLE  35.796818  
 42.866072  30.562093  -44.342182  68.831466 0
 65.743240  46.872757  -68.007133  105.566181 
 0.000000  0.000000  0.000000  0.000000 
 24.011691  -32.237548  -40.646946  57.166380 1
 14.882784  -20.665523  -26.007185  36.399921 
 10.465676  -13.366247  -16.902055  23.955889 
 4.416085  
 1.952308  1.991589  1.911035  1.720361   1.442566   1.111156   0.766104   0.449028   0.198172   0.043794   0.004513   0.085067   0.275741   0.553536   0.884946   1.229998   1.547074   1.797930 
 114.177719  
TUPLE  35.796818  
 86.833271  43.291110  -81.501613  126.714838 0
 80.156499  39.962376  -75.234802  116.971580 
 0.000000  0.000000  0.000000  0.000000 
 12.675401  27.999874  -5.197043  31.171589 1
 11.074157  24.212094  -4.466550  26.996888 
 1.751473  4.119634  -0.792088  4.548039 
 5.984582  
 1.228954  0.950333  0.697550  0.501093   0.384659   0.362290   0.436686   0.598872   0.829286   1.100138   1.378759   1.631542   1.827999   1.944433   1.966802   1.892406   1.730220   1.499806 
 106.263161  
TUPLE  33.718788  
 58.000751  -80.048122  -247.305802  266.330526 3
 60.930947  -84.092149  -259.799682  279.788171 
 0.000000  0.000000  0.000000  0.000000 
 79.588023  -24.860753  -116.512713  143.274292 1
 34.206654  -10.091577  -49.702700  61.174447 
 48.778544  -15.830343  -71.783303  88.220218 
 3.440177  
 1.869711  1.977179  1.972431  1.856040   1.642045   1.356256   1.033144   0.711680   0.430639   0.223918   0.116450   0.121198   0.237589   0.451584   0.737373   1.060485   1.381948   1.662989 
 113.554710  
TUPLE  0.718627  
 65.309106  81.487124  12.875594  105.219825 1
 40.700687  49.947004  8.083186  64.935402 
 23.851978  30.596301  4.643277  39.072097 
 33.328086  -11.681890  -9.878932  36.671803 1
 17.127125  -5.685426  -5.025502  18.733329 
 18.314461  -6.737270  -5.479904  20.269629 
 2.410808  
 1.482916  1.594031  1.615142  1.543703   1.388331   1.167765   0.908610   0.642122   0.400445   0.212729   0.101614   0.080502   0.151941   0.307314   0.527880   0.787035   1.053523   1.295199 
 143.275894  
TUPLE  33.402683  
 -11.768904  80.950263  33.995117  88.583972 3
 -11.697917  80.462020  33.790079  88.056554 
 0.000000  0.000000  0.000000  0.000000 
 -29.473744  9.352816  -31.446652  44.102933 1
 -8.751979  2.936253  -9.280057  13.090365 
 -25.384077  7.896038  -27.140992  37.991452 
 3.389219  
 0.292944  0.427723  0.646893  0.924017   1.225670   1.515469   1.758460   1.925334   1.995964   1.961831   1.827051   1.607882   1.330758   1.029105   0.739306   0.496315   0.329441   0.258811 
 134.246231  
TUPLE  36.744804  
 54.680836  70.478600  41.454704  98.365234 1
 15.721094  20.248507  11.981845  28.297331 
 41.253895  53.187044  31.212105  74.195412 
 37.395411  -22.391535  26.368083  50.941863 1
 8.477514  -4.869285  5.672121  11.303567 
 28.833377  -17.471643  20.636367  39.528468 
 4.114449  
 1.513536  1.290232  1.049557  0.820539   0.630801   0.503228   0.453207   0.486772   0.599875   0.778872   1.002175   1.242851   1.471869   1.661607   1.789180   1.839201   1.805636   1.692533 
 116.420547  
TUPLE  31.800991  
 -34.544490  -89.731093  -20.413785  98.294015 0
 -35.823679  -93.053851  -21.169711  101.933956 
 0.000000  0.000000  0.000000  0.000000 
 57.732796  -62.880560  30.772816  90.741428 1
 8.709471  -9.225792  4.464482  13.450696 
 48.966585  -53.592972  26.278090  77.204205 
 0.125587  
 1.192208  1.139064  1.037223  0.898968   0.740975   0.582300   0.442082   0.337233   0.280399   0.278436   0.331580   0.433421   0.571676   0.729669   0.888343   1.028562   1.133411   1.190245 
 133.671616  
TUPLE  35.796818  
 -25.535438  110.837194  -68.537456  132.794296 0
 -26.646691  115.660614  -71.520073  138.573316 
 0.000000  0.000000  0.000000  0.000000 
 26.245830  28.941414  -10.757418  40.523710 0
 26.127147  28.810543  -10.708774  40.340705 
 0.000000  0.000000  0.000000  0.000000 
 5.339351  
 0.546457  0.305556  0.154075  0.110284   0.179465   0.353274   0.610747   0.920829   1.246119   1.547383   1.788284   1.939766   1.983557   1.914375   1.740566   1.483093   1.173011   0.847721 
 113.618973  
TUPLE  36.744804  
 -105.628500  19.463854  -81.103133  134.588038 1
 -81.516509  15.164130  -62.541752  103.857509 
 -18.461990  3.258612  -14.223227  23.532574 
 -27.377453  -15.820797  20.658899  37.770526 0
 -27.125965  -15.675468  20.469128  37.423829 
 0.000000  0.000000  0.000000  0.000000 
 0.008426  
 1.420719  1.589791  1.741492  1.857524   1.923893   1.932592   1.882573   1.779869   1.636868   1.470816   1.301744   1.150043   1.034011   0.967643   0.958943   1.008962   1.111666   1.254668 
 140.805023  
TUPLE  31.800991  
 -25.875192  48.817358  -19.423539  58.565638 3
 -26.122202  49.283376  -19.608959  59.135735 
 0.000000  0.000000  0.000000  0.000000 
 -31.887706  -14.141049  -32.809004  47.887638 1
 -5.384671  -2.514802  -5.268535  7.943290 
 -29.109057  -12.781923  -30.221783  43.864441 
 0.927802  
 0.204183  0.427478  0.715462  1.033400   1.342944   1.606759   1.793024   1.879272   1.855103   1.723429   1.500134   1.212149   0.894211   0.584667   0.320853   0.134588   0.048339   0.072509 
 104.864761  
TUPLE  33.718788  
 -82.663199  44.788383  -147.843147  175.205022 1
 -45.703294  24.764079  -81.415613  96.594887 
 -37.120855  20.111511  -66.715402  78.951845 
 -8.599184  -33.635775  -145.857551  149.932439 1
 -3.063645  -12.693881  -56.012503  57.514698 
 -6.681111  -25.422803  -109.275967  112.393110 
 1.232383  
 0.826473  1.124844  1.392030  1.595806   1.711592   1.725423   1.635632   1.453047   1.199692   0.906125   0.607754   0.340568   0.136792   0.021006   0.007174   0.096966   0.279551   0.532906 
 127.517937  
TUPLE  33.402683  
 -75.140157  94.949678  -530.828558  544.463445 1
 -73.325066  92.646760  -517.977632  531.282255 
 -1.593343  2.022724  -11.284416  11.575250 
 -77.407769  -16.783020  -217.174829  231.167772 1
 -11.824603  -2.810382  -33.367898  35.512752 
 -66.234396  -14.113825  -185.634020  197.601121 
 5.378905  
 0.322067  0.521295  0.730786  0.925271   1.081294   1.180035   1.209585   1.166379   1.055629   0.890693   0.691465   0.481974   0.287489   0.131466   0.032725   0.003176   0.046381   0.157131 
 131.229477  
TUPLE  33.718788  
 200.472082  -110.994951  -158.776532  278.781136 1
 58.687789  -31.920735  -46.609987  81.459807 
 141.635499  -78.991838  -112.048695  197.117360 
 36.937770  -97.024644  -77.382903  129.484725 1
 30.836803  -80.887245  -64.503881  107.955662 
 1.681188  -4.527937  -3.619791  6.037359 
 6.006975  
 0.133008  0.206543  0.334634  0.501833   0.687971   0.870599   1.027688   1.140291   1.194827   1.184718   1.111183   0.983091   0.815893   0.629755   0.447127   0.290038   0.177435   0.122898 
 120.645714  
TUPLE  36.744804  
 135.417985  23.128808  4.892536  137.466030 1
 44.609986  7.796572  1.919850  45.327063 
 80.473139  13.567087  2.599297  81.650269 
 15.873304  -35.175124  1.620226  38.624814 1
 2.640183  -5.478880  0.068836  6.083823 
 13.148755  -29.509288  1.542779  32.343257 
 3.294988  
 1.573157  1.376481  1.139581  0.891030   0.660807   0.476682   0.360861   0.327315   0.380090   0.512820   0.709496   0.946397   1.194948   1.425170   1.609296   1.725116   1.758662   1.705888 
 118.284103  
TUPLE  31.800991  
 72.153299  -92.503431  -65.902351  134.558921 1
 62.880726  -80.255268  -57.479310  117.041806 
 11.580051  -15.206844  -10.530566  21.823307 
 77.456685  -7.103450  -12.597005  78.795187 1
 14.271727  -1.469349  -2.070398  14.496455 
 65.597571  -5.855360  -10.918977  66.757538 
 0.641434  
 0.556835  0.889082  1.234954  1.552733   1.804091   1.958709   1.997939   1.917048   1.725795   1.447245   1.114998   0.769126   0.451347   0.199989   0.045371   0.006141   0.087032   0.278285 
 114.041313  
TUPLE  33.718788  
 61.308084  -52.960886  -234.265043  247.878290 1
 48.853737  -42.159007  -186.768574  197.602098 
 12.592403  -10.921141  -48.024005  50.834666 
 21.678954  39.173021  -159.690870  165.848354 1
 4.267177  7.554938  -32.135389  33.286463 
 19.793693  35.922110  -145.101084  150.786375 
 3.605658  
 0.856357  0.554090  0.295290  0.111172   0.023944   0.044126   0.169284   0.384323   0.663305   0.972581   1.274848   1.533649   1.717767   1.804995   1.784813   1.659655   1.444616   1.165634 
 128.847351  
TUPLE  36.744804  
 -49.533362  29.697776  -208.640049  216.485985 0
 -51.600688  30.937244  -217.347856  225.521294 
 0.000000  0.000000  0.000000  0.000000 
 -33.333987  -19.385816  -25.208752  46.070009 1
 -20.874041  -11.415231  -14.800522  28.019779 
 -16.872251  -10.537604  -13.746368  24.180464 
 3.720608  
 1.796489  1.579302  1.299250  0.990110   0.689170   0.432726   0.251711   0.167958   0.191567   0.319692   0.536879   0.816931   1.126071   1.427012   1.683455   1.864470   1.948223   1.924614 
 109.312561  
TUPLE  33.718788  
 -33.391266  -184.841618  286.726444  342.773182 1
 -25.803194  -140.937363  218.669419  261.429683 
 -8.989476  -51.661901  80.090709  95.730364 
 38.530524  -87.225507  303.554213  318.179274 1
 32.642272  -73.789236  256.997612  269.366222 
 6.623643  -15.101046  52.350218  54.886043 
 5.519926  
 0.387334  0.347394  0.366044  0.441034   0.563320   0.718151   0.886854   1.049079   1.185260   1.278973   1.318912   1.300262   1.225272   1.102987   0.948155   0.779453   0.617228   0.481046 
 143.584488  
TUPLE  33.402683  
 17.632307  -45.792029  38.189077  62.178885 1
 2.404987  -6.849753  5.658450  9.205467 
 15.532998  -39.736141  33.192685  54.055596 
 -40.706389  -21.285603  24.340415  51.985987 1
 -14.063274  -7.581234  8.219487  17.967477 
 -27.701752  -14.257934  16.753939  35.374969 
 5.186662  
 0.597816  0.402886  0.295267  0.287937   0.381782   0.565483   0.816881   1.105656   1.396976   1.655704   1.850633   1.958253   1.965582   1.871737   1.688037   1.436638   1.147864   0.856544 
 122.253014  
TUPLE  36.744804  
 109.380673  27.148715  32.089343  117.178967 1
 21.867490  5.559230  6.735558  23.547386 
 84.341768  20.802327  24.423378  90.237411 
 19.691751  32.285763  48.243908  61.299349 1
 10.612860  17.518183  25.901262  33.021423 
 7.402018  12.018252  18.234388  23.059475 
 4.817390  
 0.654412  0.803382  0.994982  1.206104   1.411281   1.585768   1.708517   1.764725   1.747611   1.659239   1.510269   1.318669   1.107548   0.902370   0.727884   0.605134   0.548926   0.566040 
 101.046669  
TUPLE  35.796818  
 -16.750489  45.388515  109.739657  119.931182 1
 -5.935280  15.556444  37.209410  40.765061 
 -11.560714  31.852151  77.414362  84.505688 
 -21.267209  -24.014436  8.887106  33.286153 1
 -7.553296  -8.827009  3.516688  12.138985 
 -14.295981  -15.844680  5.613651  22.067176 
 3.866686  
 1.819478  1.663154  1.419787  1.118730   0.796297   0.491376   0.240746   0.074636   0.013083   0.063509   0.219834   0.463201   0.764257   1.086691   1.391612   1.642242   1.808351   1.869905 
 131.646729  
TUPLE  33.718788  
 49.596209  48.333699  -84.307930  109.104342 0
 48.615278  47.377738  -82.640459  106.946530 
 0.000000  0.000000  0.000000  0.000000 
 -17.055378  25.628081  -13.637076  33.669783 1
 -7.982516  12.041190  -5.968672  15.631869 
 -9.605707  14.387569  -8.094455  19.100005 
 2.004335  
 1.448048  1.646061  1.781789  1.838860   1.810392   1.699818   1.520475   1.293995   1.047693   0.811279   0.613266   0.477539   0.420467   0.448935   0.559509   0.738852   0.965333   1.211634 
 101.662193  
TUPLE  33.402683  
 24.491866  -47.836686  160.885846  169.624454 2
 15.579704  -30.195743  101.134730  106.690033 
 9.218731  -18.239726  61.764951  65.063820 
 -35.020696  -13.256345  37.987463  53.340671 1
 -2.380821  -1.063629  2.514418  3.625106 
 -35.194729  -13.159748  38.244359  53.614338 
 3.871096  
 0.701649  0.554735  0.453256  0.409452   0.428606   0.508408   0.639233   0.805301   0.986582   1.161211   1.308125   1.409604   1.453408   1.434254   1.354452   1.223627   1.057559   0.876278 
 117.922684  
TUPLE  33.718788  
 55.670353  -67.693520  -155.314324  178.337153 2
 24.706977  -29.782568  -67.674717  77.957186 
 28.631771  -35.075784  -81.134664  92.921872 
 23.353482  21.908771  -48.734707  58.313386 1
 9.691200  9.056213  -20.656601  24.548910 
 16.711976  15.713597  -34.442202  41.382251 
 2.549003  
 0.455340  0.662272  0.908408  1.164061   1.398395   1.583146   1.696030   1.723432   1.662047   1.519279   1.312348   1.066212   0.810559   0.576225   0.391474   0.278590   0.251187   0.312572 
 101.102921  
TUPLE  33.718788  
 -57.894195  12.954901  -30.893402  66.887739 0
 -55.778654  12.481510  -29.764510  64.443711 
 0.000000  0.000000  0.000000  0.000000 
 -13.505819  30.355264  34.366802  47.800903 1
 -8.930404  21.323252  23.730437  33.129840 
 -5.807301  11.799968  13.770374  19.042201 
 0.317492  
 0.318988  0.609182  0.946675  1.290760   1.599936   1.836911   1.973102   1.992083   1.891565   1.683671   1.393477   1.055983   0.711898   0.402723   0.165748   0.029557   0.010575   0.111094 
 116.695068  
TUPLE  31.800991  
 -97.606257  41.157886  -7.850753  106.219524 1
 -85.581250  36.091500  -6.877168  93.134642 
 -6.753362  2.843482  -0.549572  7.349391 
 -23.258454  -36.609285  11.409481  44.848319 1
 -16.467176  -26.131818  8.056193  31.921177 
 -6.866412  -10.595721  3.390144  13.073952 
 4.157805  
 0.768727  0.605968  0.430934  0.264738   0.127425   0.035557   0.000215   0.025661   0.108826   0.239680   0.402439   0.577472   0.743668   0.880981   0.972849   1.008191   0.982745   0.899580 
 118.206009  
TUPLE  36.744804  
 -8.432878  -49.374462  84.474762  98.208637 3
 -8.253002  -48.321272  82.672859  96.122287 
 0.000000  0.000000  0.000000  0.000000 
 35.950701  -12.781192  21.861326  43.974190 1
 1.639237  -0.578621  1.074631  2.048465 
 34.867573  -12.400280  21.124862  42.612118 
 2.307371  
 1.410331  1.307854  1.134378  0.910826   0.664161   0.424137   0.219702   0.075514   0.008966   0.028083   0.130560   0.304036   0.527588   0.774252   1.014277   1.218712   1.362900   1.429448 
 98.098618  
TUPLE  36.744804  
 -40.699248  -54.712824  -43.944020  81.123355 1
 -36.361637  -48.818876  -39.126948  72.362896 
 -2.384910  -3.268900  -2.708692  4.871215 
 -21.450030  34.485837  -46.417554  61.676301 1
 -10.244118  15.704903  -21.180308  28.287998 
 -12.798184  21.340869  -28.682892  37.973052 
 2.150092  
 0.966299  1.210672  1.402515  1.518690   1.545183   1.478800   1.327547   1.109668   0.851441   0.584014   0.339641   0.147798   0.031624   0.005130   0.071514   0.222766   0.440646   0.698872 
 124.461014  
TUPLE  35.796818  
 20.335813  73.480129  -85.276449  114.389455 0
 19.226131  69.470475  -80.623094  108.147556 
 0.000000  0.000000  0.000000  0.000000 
 56.063092  5.897993  -27.665141  62.795036 1
 12.745740  1.653889  -6.402734  14.359796 
 43.536773  4.267188  -21.370683  48.686588 
 1.375411  
 1.570101  1.615371  1.598883  1.522625   1.395796   1.233693   1.055867   0.883768   0.738153   0.636584   0.591314   0.607802   0.684060   0.810889   0.972992   1.150818   1.322917   1.468532 
 126.025612  
TUPLE  31.800991  
 -75.045043  61.733830  328.777163  342.837056 3
 -71.669744  58.957236  313.989774  327.418842 
 0.000000  0.000000  0.000000  0.000000 
 -20.573295  -42.656830  269.440071  273.570498 1
 -10.592692  -22.021095  138.578933  140.716999 
 -9.756529  -20.171133  127.926500  129.874062 
 3.453400  
 1.783611  1.637405  1.458013  1.267073   1.087616   0.941285   0.845732   0.812480   0.845541   0.940928   1.087134   1.266525   1.457465   1.636923   1.783253   1.878807   1.912058   1.878997 
 150.687439  
TUPLE  33.718788  
 -94.170025  69.024280  596.275305  607.599033 2
 -7.130187  5.281892  45.142703  46.006750 
 -83.803025  61.369891  530.637411  540.708189 
 -111.094554  6.124045  251.884892  275.364309 1
 -18.256802  1.186136  41.086458  44.975930 
 -94.342225  5.020852  214.209523  234.118351 
 6.191133  
 0.078778  0.022372  0.000272  0.015145   0.065196   0.144389   0.243171   0.349629   0.450922   0.534832   0.591238   0.613338   0.598465   0.548414   0.469221   0.370439   0.263981   0.162688 
 127.491203  
TUPLE  33.718788  
 56.878487  53.428139  -28.876276  83.207978 1
 38.344895  36.061830  -19.815387  56.244605 
 18.836172  17.650534  -9.214504  27.409269 
 25.175047  -26.408891  -2.217969  36.553138 1
 6.386781  -6.781369  -0.755362  9.347085 
 21.099375  -22.051900  -1.666220  30.565740 
 3.240170  
 1.089027  1.264968  1.377026  1.411685   1.364764   1.241924   1.057979   0.835117   0.600219   0.381615   0.205674   0.093616   0.058957   0.105878   0.228719   0.412663   0.635525   0.870424 
 127.106613  
TUPLE  31.800991  
 43.152399  74.217079  96.190092  128.929586 1
 3.745445  7.071881  9.132102  12.143090 
 38.441440  65.484618  84.905777  113.907808 
 30.961972  6.336588  6.146888  32.195966 1
 18.316424  3.590461  4.027298  19.095063 
 21.929313  4.646116  3.962698  22.764059 
 4.072649  
 1.829184  1.704441  1.567686  1.435414   1.323580   1.245672   1.211086   1.223995   1.282842   1.380528   1.505271   1.642026   1.774297   1.886132   1.964040   1.998625   1.985716   1.926870 
 111.941185  
TUPLE  33.402683  
 26.415689  -37.960915  35.342553  58.205805 0
 25.814274  -37.096646  34.537897  56.880785 
 0.000000  0.000000  0.000000  0.000000 
 -43.423572  11.299100  47.536227  65.367951 1
 -3.557128  0.927417  3.683624  5.205941 
 -40.456613  10.525255  44.498669  61.054634 
 2.226856  
 1.385151  1.498145  1.522611  1.455598   1.305190   1.089527   0.834623   0.571221   0.331092   0.143200   0.030206   0.005740   0.072753   0.223161   0.438824   0.693729   0.957130   1.197259 
 128.411285  
TUPLE  31.800991  
 2.123374  48.889821  30.967830  57.911396 1
 1.284906  30.160774  19.195970  35.774684 
 0.666000  14.758016  9.256527  17.433993 
 24.135905  -17.904150  25.729681  39.561560 1
 19.462477  -14.905780  20.966916  32.258353 
 4.010386  -2.506521  4.055939  6.231750 
 1.379112  
 0.045966  0.030956  0.107695  0.266924   0.489440   0.748403   1.012579   1.250104   1.432329   1.537275   1.552284   1.475546   1.316316   1.093801   0.834837   0.570662   0.333137   0.150912 
 116.638214  
TUPLE  1.274791  
 42.614958  76.961000  65.181936  109.488424 3
 43.514140  78.584878  66.557280  111.804182 
 0.000000  0.000000  0.000000  0.000000 
 58.275228  20.295108  -8.950580  62.353882 1
 15.387866  5.229515  -2.061068  16.382971 
 46.853493  16.446848  -7.498676  50.219488 
 6.236833  
 1.885437  1.873251  1.858940  1.844229   1.830893   1.820540   1.814420   1.813270   1.817229   1.825820   1.838006   1.852317   1.867028   1.880364   1.890717   1.896837   1.897987   1.894028 
 118.173424  
TUPLE  33.402683  
 -116.737098  -4.272734  172.764061  208.550299 1
 -81.770970  -3.085952  120.999393  146.071514 
 -23.558616  -0.769246  34.882220  42.099735 
 -28.583122  31.143997  155.103505  160.760819 1
 -24.385857  26.195635  131.157409  135.952811 
 -4.773095  5.575777  27.070750  28.048448 
 4.263840  
 1.766729  1.513081  1.195948  0.853580   0.527273   0.256383   0.073585   0.000925   0.047169   0.206738   0.460386   0.777519   1.119886   1.446194   1.717083   1.899882   1.972541   1.926297 
 107.307701  
TUPLE  36.744804  
 50.762693  63.255013  42.060901  91.362832 3
 50.288505  62.664133  41.668001  90.515970 
 0.000000  0.000000  0.000000  0.000000 
 62.291601  -0.881634  23.097581  66.441847 1
 23.354913  -0.329698  8.283491  24.782986 
 40.774596  -0.577948  15.495581  43.623766 
 2.630261  
 1.089099  1.189222  1.225463  1.193452   1.097050   0.947884   0.763946   0.567422   0.382014   0.230087   0.129965   0.093724   0.125735   0.222137   0.371303   0.555241   0.751765   0.937172 
 120.945099  
TUPLE  31.800991  
 -69.580529  -143.674796  -19.917876  160.874543 3
 -74.165158  -153.141501  -21.230260  171.480643 
 0.000000  0.000000  0.000000  0.000000 
 38.448571  -60.948921  5.088101  72.242317 1
 33.187075  -52.562462  4.555139  62.329473 
 4.710720  -7.513361  0.460075  8.880955 
 4.577705  
 1.114681  1.015923  0.935718  0.883740   0.866258   0.885380   0.938801   1.020077   1.119405   1.224804   1.323562   1.403767   1.455746   1.473228   1.454105   1.400684   1.319408   1.220081 
 131.650711  
TUPLE  35.796818  
 73.177646  -43.784582  -84.118046  119.782733 0
 70.898959  -42.421169  -81.498685  116.052890 
 0.000000  0.000000  0.000000  0.000000 
 63.260956  26.904663  13.637913  70.084250 1
 8.124110  3.541327  1.586233  9.004320 
 57.394026  24.323307  12.538286  63.583994 
 2.048779  
 0.718563  0.871899  0.984401  1.042501   1.039191   0.974869   0.857295   0.700650   0.523826   0.348152   0.194817   0.082314   0.024214   0.027525   0.091846   0.209420   0.366066   0.542889 
 131.742813  
TUPLE  44.201973  
 -21.445797  89.405257  49.991175  104.653427 1
 -19.282031  80.484145  44.956710  94.183967 
 -2.112636  8.707966  4.915283  10.221063 
 -36.081062  -14.921882  29.265334  48.795137 1
 -11.258799  -5.044983  9.395330  15.508195 
 -28.688152  -11.475699  23.005627  38.522446 
 4.345356  
 0.952296  1.221370  1.472400  1.675106   1.805041   1.846532   1.794575   1.655436   1.445898   1.191233   0.922159   0.671130   0.468423   0.338488   0.296997   0.348955   0.488094   0.697632 
 120.631088  
TUPLE  0.028151  
 42.810485  55.460799  50.960229  86.634767 0
 41.968706  54.370278  49.958202  84.931389 
 0.000000  0.000000  0.000000  0.000000 
 -17.243695  25.463493  10.579239  32.521605 1
 -9.133621  13.596238  6.036743  17.456875 
 -7.693225  11.251703  4.286754  14.289192 
 3.257275  
 0.406415  0.332795  0.349011  0.453107   0.632526   0.865629   1.124299   1.377338   1.594225   1.748800   1.822420   1.806204   1.702108   1.522689   1.289586   1.030915   0.777877   0.560990 
 89.668419  
TUPLE  33.402683  
 -114.038895  -170.692791  -202.143830  288.102458 1
 -69.378603  -108.112368  -126.109445  180.014683 
 -11.264997  -12.594504  -16.838305  23.855155 
 -74.639664  -49.668832  -38.380905  97.525208 3
 -74.993140  -49.904051  -38.562669  97.995810 
 0.000000  0.000000  0.000000  0.000000 
 0.544560  
 0.836554  0.962398  1.137701  1.341319   1.548692   1.734808   1.877219   1.958748   1.969561   1.908355   1.782511   1.607208   1.403590   1.196217   1.010101   0.867690   0.786161   0.775348 
 122.470039  
TUPLE  31.800991  
 42.393999  42.922202  -66.333648  89.664482 1
 12.596346  12.295139  -19.513051  26.279593 
 15.282224  15.930780  -24.108387  32.688969 
 -43.281437  24.092114  -54.655235  73.762507 0
 -43.470789  24.197515  -54.894347  74.085343 
 0.000000  0.000000  0.000000  0.000000 
 3.306074  
 0.745774  0.819893  0.879210  0.916572   0.927472   0.910595   0.867977   0.804758   0.728563   0.648583   0.574464   0.515146   0.477784   0.466884   0.483761   0.526379   0.589598   0.665793 
 120.657135  
TUPLE  36.744804  
 76.936602  -46.106805  -38.094297  97.448723 1
 17.122367  -10.203134  -8.820676  21.796862 
 61.010729  -36.620709  -29.866052  77.171139 
 -4.407064  -83.508198  -112.944947  140.533279 0
 -4.321088  -81.879051  -110.741524  137.791710 
 0.000000  0.000000  0.000000  0.000000 
 2.332725  
 1.511377  1.573458  1.547544  1.436761   1.254470   1.022659   0.769287   0.524915   0.319017   0.176428   0.114347   0.140260   0.251044   0.433335   0.665146   0.918518   1.162890   1.368788 
 132.398056  
TUPLE  31.355324  
 13.913957  -49.100584  -63.950741  81.817864 1
 5.336219  -21.230150  -27.675143  35.286364 
 8.057107  -26.032289  -33.881507  43.480706 
 32.571478  15.370682  -178.705601  182.298795 1
 9.265573  4.326020  -52.524568  53.510887 
 23.093409  10.944384  -125.015170  127.600533 
 5.711779  
 1.598746  1.826688  1.954782  1.967576   1.863530   1.655190   1.367688   1.035699   0.699266   0.398969   0.171026   0.042933   0.030138   0.134185   0.342524   0.630027   0.962016   1.298448 
 138.512009  
TUPLE  33.402683  
 39.529593  41.316855  40.049170  69.811226 0
 38.157553  39.882781  38.659096  67.388280 
 0.000000  0.000000  0.000000  0.000000 
 -9.319192  38.178431  42.906501  58.184257 1
 -5.942310  24.494481  27.682574  37.438417 
 -1.791138  7.187547  7.922999  10.847172 
 3.873087  
 1.619889  1.788554  1.890968  1.914777   1.857111   1.724923   1.534159   1.307827   1.073226   0.858652   0.689986   0.587573   0.563763   0.621430   0.753617   0.944382   1.170714   1.405315 
 122.038452  
TUPLE  35.796818  
 89.588276  44.600131  -44.092729  109.359039 2
 11.282954  5.837553  -5.084254  13.683976 
 81.999208  40.601520  -40.826495  100.256204 
 35.600760  -29.724594  -61.023722  76.647637 1
 12.925528  -10.652442  -22.195924  27.806875 
 20.459481  -17.222124  -35.029746  44.071456 
 2.667864  
 1.278360  1.129122  0.997950  0.900666   0.849004   0.849195   0.901216   0.998792   1.130155   1.279460   1.428698   1.559870   1.657154   1.708816   1.708625   1.656604   1.559028   1.427665 
 138.229019  
TUPLE  35.796818  
 -40.252951  -44.110107  -0.547703  59.718519 0
 -39.114576  -42.862650  -0.532213  58.029815 
 0.000000  0.000000  0.000000  0.000000 
 17.813748  -29.607475  24.174374  42.170280 1
 6.983279  -11.643919  9.175569  16.387727 
 11.402099  -18.913636  15.774564  27.140166 
 2.589317  
 0.089555  0.033140  0.074995  0.210071   0.422076   0.685440   0.968396   1.236816   1.458325   1.606205   1.662620   1.620765   1.485689   1.273684   1.010320   0.727364   0.458944   0.237435 
 113.568939  
TUPLE  0.718627  
 -25.235721  35.780410  -23.469294  49.677833 1
 -17.208395  24.343811  -16.102976  33.883260 
 -5.521536  7.883770  -5.035925  10.863699 
 -26.146693  -15.872700  4.897929  30.977119 1
 -22.904655  -14.295015  4.550008  27.380517 
 -3.444698  -1.700712  0.385885  3.863352 
 1.791332  
 1.947971  1.998535  1.957175  1.828881   1.629125   1.382001   1.117317   0.866997   0.661233   0.524843   0.474279   0.515638   0.643933   0.843689   1.090812   1.355497   1.605817   1.811581 
 139.073975  
TUPLE  33.718788  
 -84.001426  9.282172  33.632532  90.959032 1
 -10.743730  1.233448  4.507360  11.716864 
 -75.349567  8.279883  29.962716  81.510100 
 3.306603  -38.235084  -31.994717  49.965160 2
 0.796168  -12.014868  -9.895742  15.586408 
 2.725164  -28.703169  -24.176682  37.644508 
 2.199560  
 1.164643  1.218545  1.276700  1.332095   1.378047   1.409015   1.421263   1.413313   1.386126   1.342979   1.289077   1.230922   1.175527   1.129574   1.098607   1.086359   1.094308   1.121496 
 143.958130  
TUPLE  36.744804  
 -54.259387  32.036526  61.259948  87.881746 2
 -28.387934  16.187936  31.677099  45.512439 
 -18.462851  11.474303  21.218386  30.380349 
 3.985301  34.455237  14.912035  37.754666 1
 3.368457  27.617042  11.955053  30.281847 
 0.375235  4.749338  2.052937  5.189391 
 5.509000  
 1.779397  1.546528  1.245281  0.911991   0.586858   0.309097   0.112211   0.019947   0.043433   0.179837   0.412706   0.713953   1.047243   1.372376   1.650137   1.847023   1.939287   1.915800 
 90.890442  
TUPLE  44.201973  
 31.397030  -66.792193  -63.878631  97.608657 1
 17.470980  -37.391063  -35.345176  54.338087 
 14.340779  -30.283406  -29.377245  44.562129 
 28.333795  10.108202  -16.029114  34.086834 1
 2.110911  0.537520  -1.100703  2.444565 
 26.707284  9.743494  -15.202447  32.238910 
 4.439396  
 1.378414  1.284144  1.212555  1.172281   1.168181   1.200748   1.266055   1.356224   1.460381   1.565961   1.660231   1.731820   1.772094   1.776194   1.743627   1.678320   1.588151   1.483994 
 133.168518  
TUPLE  31.800991  
 -54.912516  -38.107826  76.037139  101.238517 1
 -42.325609  -29.257661  59.195667  78.432228 
 -15.438241  -10.829047  20.789004  28.067925 
 37.481035  -5.664321  18.977694  42.391808 0
 36.952513  -5.584448  18.710088  41.794272 
 0.000000  0.000000  0.000000  0.000000 
 3.507727  
 0.293384  0.503447  0.775678  1.077241   1.371763   1.623720   1.802724   1.887183   1.866910   1.744351   1.534288   1.262058   0.960495   0.665973   0.414015   0.235012   0.150553   0.170825 
 182.663956  
TUPLE  0.718627  
 57.346333  -60.341901  -208.031448  224.068807 0
 58.777234  -61.847547  -213.222232  229.659797 
 0.000000  0.000000  0.000000  0.000000 
 -29.889250  -20.667723  -59.352356  69.593277 1
 -18.602619  -12.589824  -36.888497  43.189603 
 -16.592372  -11.746750  -32.999699  38.759402 
 5.395741  
 0.845897  0.642737  0.508410  0.459117   0.500804   0.628442   0.826637   1.071483   1.333449   1.580937   1.784097   1.918424   1.967717   1.926031   1.798392   1.600197   1.355351   1.093385 
 112.514343  
TUPLE  31.355324  
 -87.248898  24.069699  -19.498089  92.584535 1
 -35.006757  9.625504  -7.920935  37.160248 
 -48.858133  13.510644  -10.820908  51.834014 
 21.626360  41.356952  -2.896535  46.759885 1
 9.788725  19.778172  -1.410093  22.113414 
 12.458206  22.765518  -1.569557  25.999181 
 1.917760  
 1.350527  1.240262  1.064789  0.845272   0.608188   0.382133   0.194373   0.067554   0.016973   0.048730   0.158995   0.334469   0.553986   0.791070   1.017124   1.204884   1.331703   1.382284 
 149.255310  
TUPLE  33.718788  
 -21.976081  -44.406897  32.499226  59.254707 3
 -21.828483  -44.108650  32.280951  58.867634 
 0.000000  0.000000  0.000000  0.000000 
 -17.006582  30.238419  14.178412  37.478169 1
 -5.762462  10.174053  4.876215  12.669423 
 -14.830836  26.441783  12.292370  32.714555 
 2.088152  
 1.629210  1.452799  1.272683  1.110588   0.986064   0.914131   0.903464   0.955351   1.063534   1.214962   1.391373   1.571489   1.733584   1.858108   1.930041   1.940708   1.888821   1.780638 
 119.203110  
TUPLE  31.800991  
 -171.162744  -21.593441  -85.561025  192.571158 2
 -91.248385  -11.288232  -45.873041  102.752359 
 -71.926282  -9.297443  -35.694897  80.833354 
 -28.203079  -31.750566  -26.703031  50.165366 1
 -16.969119  -19.626361  -16.113237  30.541790 
 -10.798448  -11.633911  -10.177444  18.856112 
 1.602299  
 0.788178  0.732673  0.729574  0.779253   0.875719   1.007337   1.158231   1.310201   1.444918   1.546133   1.601637   1.604737   1.555057   1.458591   1.326974   1.176080   1.024109   0.889392 
 106.551247  
TUPLE  33.402683  
 52.535620  -7.355872  -66.655800  85.188590 0
 52.308840  -7.324119  -66.368068  84.820973 
 0.000000  0.000000  0.000000  0.000000 
 -2.816562  41.912747  -35.330203  54.889294 1
 -1.512817  19.801759  -16.353780  25.726715 
 -1.438520  24.116534  -20.666991  31.793384 
 1.297698  
 1.514167  1.598527  1.607003  1.538571   1.401487   1.212284   0.993783   0.772339   0.574661   0.424592   0.340232   0.331757   0.400188   0.537272   0.726475   0.944976   1.166420   1.364098 
 110.004089  
TUPLE  36.744804  
 -71.425723  -125.699141  -423.551120  447.546041 0
 -77.914700  -137.118821  -462.030445  488.205308 
 0.000000  0.000000  0.000000  0.000000 
 29.892722  -19.352522  -104.642559  110.535786 1
 27.576275  -17.868965  -96.623343  102.058026 
 3.520871  -2.263301  -12.235432  12.932249 
 3.422191  
 1.039497  0.802531  0.554908  0.326494   0.144841   0.031858   0.001172   0.056485   0.191125   0.388853   0.625819   0.873442   1.101855   1.283508   1.396492   1.427177   1.371864   1.237224 
 114.852135  
TUPLE  0.028151  
 -5.754136  -58.258277  -131.972903  144.374458 0
 -5.631948  -57.021172  -129.170479  141.308758 
 0.000000  0.000000  0.000000  0.000000 
 30.150758  1.350723  -115.073783  118.965828 1
 4.425721  0.307555  -16.018872  16.622435 
 25.600392  1.037584  -98.579192  101.854465 
 3.752755  
 0.082701  0.129689  0.285481  0.531284   0.837453   1.167057   1.480342   1.739522   1.913335   1.980817   1.933828   1.778037   1.532233   1.226065   0.896460   0.583175   0.323995   0.150182 
 90.995506  
TUPLE  33.718788  
 110.856522  35.299520  61.211590  131.461338 1
 28.307134  8.975060  15.353898  33.430633 
 81.118070  25.868690  45.067363  96.334915 
 15.681280  61.705913  57.656874  85.894338 1
 11.192642  44.786980  41.886728  62.335112 
 4.308549  16.210291  15.108003  22.574479 
 4.335697  
 0.995483  1.276957  1.513599  1.676867   1.747068   1.715736   1.586649   1.375377   1.107402   0.815047   0.533573   0.296931   0.133663   0.063461   0.094794   0.223881   0.435153   0.703128 
 112.299843  
TUPLE  36.744804  
 58.943841  -78.429266  29.048247  102.319728 1
 15.901115  -20.655161  7.745180  27.193537 
 38.862888  -52.212509  19.243191  67.873329 
 -40.933798  -57.303279  21.442713  73.614071 2
 -11.345814  -15.541340  6.191186  20.214128 
 -30.374947  -42.863621  15.663771  54.821109 
 5.375300  
 0.791212  1.117894  1.435271  1.705060   1.894723   1.981384   1.954588   1.817569   1.586853   1.290267   0.963585   0.646209   0.376419   0.186756   0.100096   0.126892   0.263911   0.494627 
 137.977356  
Analysed so far:      10001 events from          1 files, Run Number=    284500
TUPLE  33.718788  
 -54.587797  51.789460  -67.200773  100.885677 1
 -37.218609  34.939747  -45.741073  68.543972 
 -18.261088  17.695896  -22.557684  33.992344 
 5.968044  60.752034  -160.832725  172.027884 0
 6.156873  62.674238  -165.921499  177.470929 
 0.000000  0.000000  0.000000  0.000000 
 2.014929  
 1.650188  1.859398  1.964902  1.953976   1.827938   1.601988   1.303381   0.968133   0.636679   0.348997   0.139787   0.034283   0.045209   0.171247   0.397197   0.695804   1.031052   1.362506 
 111.811516  
TUPLE  33.718788  
 -71.141430  0.402764  61.431713  93.995323 1
 -51.699839  0.467578  44.865829  68.454759 
 -21.210418  -0.054795  18.093290  27.879566 
 17.427920  43.289578  -4.332516  46.866733 2
 4.777607  10.988183  -1.001129  12.024452 
 13.383895  34.123553  -3.513752  36.841111 
 4.650039  
 0.554266  0.303007  0.141123  0.088138   0.150443   0.320524   0.577865   0.891429   1.223394   1.533720   1.784979   1.946863   1.999848   1.937543   1.767462   1.510121   1.196557   0.864592 
 138.778320  
TUPLE  35.796818  
 61.479374  -18.107035  -243.058257  251.366056 1
 27.714465  -8.043522  -110.307259  114.019738 
 35.604664  -10.605360  -140.024480  144.869041 
 0.217139  44.931979  -62.816173  77.232128 0
 0.220084  45.541414  -63.668180  78.279789 
 0.000000  0.000000  0.000000  0.000000 
 0.026273  
 1.290913  1.252375  1.140803  0.969656   0.759576   0.535902   0.325612   0.154071   0.041968   0.002825   0.041364   0.152935   0.324082   0.534162   0.757836   0.968126   1.139668   1.251770 
 125.641083  
TUPLE  0.874500  
 120.697295  -206.644785  105.975246  261.726302 0
 118.667820  -203.170138  104.193316  257.325519 
 0.000000  0.000000  0.000000  0.000000 
 2.004296  -61.379062  -10.005276  62.221475 0
 2.002770  -61.332309  -9.997655  62.174237 
 0.000000  0.000000  0.000000  0.000000 
 2.024748  
 1.319269  1.443417  1.487839  1.447176   1.326335   1.139889   0.910326   0.665337   0.434469   0.245569   0.121421   0.076999   0.117661   0.238503   0.424949   0.654511   0.899501   1.130369 
 166.491241  
TUPLE  31.800991  
 74.175845  -51.706528  230.984206  248.051052 0
 78.369618  -54.629925  244.043650  262.075463 
 0.000000  0.000000  0.000000  0.000000 
 14.264325  32.854206  92.463457  99.158261 1
 9.365844  20.714127  59.423122  63.623274 
 6.634641  16.138878  44.294378  47.607688 
 4.802224  
 0.653126  0.480658  0.383436  0.373187   0.451147   0.607912   0.824575   1.075003   1.328990   1.555902   1.728370   1.825591   1.835840   1.757881   1.601115   1.384452   1.134025   0.880038 
 121.956345  
TUPLE  35.796818  
 40.570101  37.855922  84.362747  100.975626 1
 23.731110  22.069774  49.039049  58.779999 
 20.199663  18.921991  42.311986  50.560760 
 -40.659356  12.712491  33.867089  54.422149 1
 -23.067598  7.096587  18.799181  30.592553 
 -22.493385  7.148445  19.150705  30.394414 
 0.220598  
 1.316786  1.567800  1.772732  1.906865   1.954019   1.908508   1.775822   1.571963   1.321520   1.054700   0.803687   0.598755   0.464622   0.417468   0.462978   0.595665   0.799524   1.049967 
 115.054436  
TUPLE  33.718788  
 25.044173  -41.699205  -14.992842  50.900094 0
 24.649772  -41.042516  -14.756731  50.098703 
 0.000000  0.000000  0.000000  0.000000 
 -46.817681  -3.587651  18.501016  50.468348 0
 -46.552116  -3.567300  18.396072  50.182269 
 0.000000  0.000000  0.000000  0.000000 
 0.481417  
 0.110549  0.203359  0.384073  0.630892   0.914049   1.199388   1.452495   1.642841   1.747467   1.753754   1.660944   1.480231   1.233411   0.950255   0.664915   0.411809   0.221463   0.116836 
 122.999443  
TUPLE  32.649361  
 59.432556  -9.886979  -18.385164  62.992026 2
 14.334093  -2.245703  -4.323345  15.140020 
 47.670817  -8.069204  -14.857565  50.657853 
 -23.163474  -36.443581  -2.648890  43.263122 1
 -19.681794  -31.003942  -2.224983  36.791133 
 -4.129115  -6.458255  -0.497945  7.682761 
 1.731043  
 1.166017  1.469338  1.711843  1.864282   1.908269   1.838498   1.663384   1.404049   1.091773   0.764220   0.460898   0.218393   0.065954   0.021968   0.091739   0.266853   0.526188   0.838464 
 116.639137  
TUPLE  31.800991  
 -44.926868  46.894620  41.026827  76.816205 1
 -23.789856  24.829422  21.447380  40.527362 
 -22.545332  23.535210  20.865517  38.698658 
 27.443881  33.654859  69.425237  81.888215 1
 4.429574  5.856606  11.965938  14.040089 
 22.928029  27.692449  57.241039  67.595273 
 5.840555  
 0.393810  0.534038  0.750317  1.016561   1.300657   1.568338   1.787319   1.931187   1.982589   1.935327   1.795099   1.578820   1.312576   1.028480   0.760799   0.541818   0.397950   0.346547 
 99.952072  
TUPLE  33.402683  
 71.012490  51.578122  128.020351  155.216902 0
 70.617662  51.291349  127.308559  154.353961 
 0.000000  0.000000  0.000000  0.000000 
 -20.795975  31.067741  3.227866  37.524608 1
 -17.396999  24.981669  2.421956  30.538905 
 -4.503861  7.739832  0.978273  9.009162 
 2.749217  
 1.463907  1.524867  1.494029  1.375112   1.182458   0.939306   0.674982   0.421368   0.209054   0.063648   0.002687   0.033525   0.152443   0.345096   0.588249   0.852573   1.106186   1.318501 
 132.320602  
TUPLE  36.744804  
 -48.935530  89.898614  42.885637  110.975785 1
 -12.289652  22.814537  10.764501  28.061229 
 -35.780204  65.493751  31.362481  80.952318 
 8.568165  36.500924  -26.927352  46.160732 1
 7.643732  33.949739  -25.076500  42.893610 
 2.415334  8.902520  -6.536342  11.306223 
 1.768952  
 1.170789  1.455189  1.674311  1.801727   1.822067   1.732879   1.544919   1.280859   0.972548   0.657173   0.372773   0.153651   0.026235   0.005895   0.095083   0.283043   0.547103   0.855414 
 117.926521  
TUPLE  35.796818  
 -46.950694  -54.745037  78.784404  106.809967 1
 -22.964767  -27.121794  38.900118  52.689760 
 -13.003536  -14.817643  21.455559  29.137840 
 -33.177103  22.685837  -21.576964  45.617241 3
 -31.746654  21.707727  -20.646663  43.666222 
 0.000000  0.000000  0.000000  0.000000 
 5.098931  
 0.856096  0.959913  1.069150  1.170631   1.252116   1.303777   1.319382   1.297049   1.239473   1.153597   1.049779   0.940542   0.839061   0.757576   0.705916   0.690311   0.712643   0.770220 
 152.517227  
TUPLE  33.718788  
 47.281357  43.612253  45.571535  78.830960 1
 28.167440  26.507383  27.126702  47.243237 
 20.856160  18.711915  20.124073  34.497995 
 -40.693394  1.495145  72.533704  83.182486 2
 -12.241209  0.186607  21.520557  24.759561 
 -26.709351  1.244508  47.906645  54.876482 
 5.014104  
 0.092086  0.081313  0.066661  0.049897   0.033044   0.018133   0.006963   0.000882   0.000623   0.006217   0.016990   0.031642   0.048405   0.065259   0.080170   0.091340   0.097421   0.097680 
 141.315842  
TUPLE  35.796818  
 66.503337  -49.916973  -103.612559  132.853153 1
 10.644534  -8.241024  -17.289914  21.913037 
 55.173888  -41.161855  -85.255545  109.576377 
 8.184943  31.302797  -134.997550  138.820736 1
 6.089645  22.924273  -99.862797  102.641140 
 2.650485  10.501839  -44.291756  45.597056 
 2.794536  
 0.279387  0.148444  0.110380  0.169786   0.319498   0.541457   0.808892   1.089547   1.349570   1.557599   1.688542   1.726606   1.667200   1.517488   1.295529   1.028094   0.747439   0.487416 
 125.738464  
TUPLE  33.402683  
 -10.874917  50.942330  -41.682774  66.714605 3
 -10.774757  50.473156  -41.298878  66.109256 
 0.000000  0.000000  0.000000  0.000000 
 -27.128962  -16.233250  -25.919931  40.882047 1
 -13.987862  -8.140511  -12.681245  20.561169 
 -16.827619  -10.298659  -16.760915  25.887789 
 0.080224  
 1.811547  1.746782  1.666641  1.580791   1.499587   1.432822   1.388549   1.372109   1.385485   1.427062   1.491827   1.571968   1.657818   1.739023   1.805788   1.850060   1.866500   1.853124 
 96.632538  
TUPLE  33.718788  
 -44.590054  21.486895  10.047456  50.506544 1
 -2.320553  1.181031  0.395527  2.637370 
 -41.990763  20.171543  9.589121  47.561379 
 18.895891  -37.982830  17.284892  45.809579 0
 18.745641  -37.680811  17.147452  45.445541 
 0.000000  0.000000  0.000000  0.000000 
 5.096389  
 1.199386  1.019322  0.800881  0.570408   0.355703   0.182663   0.072157   0.037515   0.082916   0.202883   0.382946   0.601388   0.831860   1.046565   1.219606   1.330111   1.364753   1.319352 
 123.656586  
TUPLE  35.796818  
 64.343337  11.654593  73.456147  98.344802 1
 43.178309  7.731934  49.263823  65.962814 
 20.654027  3.830101  23.608954  31.601573 
 4.244370  -54.795200  72.152925  90.700459 2
 2.910779  -41.441887  54.693103  68.682295 
 1.454317  -14.911894  19.512117  24.612765 
 2.983268  
 0.556699  0.698833  0.841904  0.968657   1.063802   1.115864   1.118563   1.071574   0.980565   0.856512   0.714378   0.571307   0.444555   0.349410   0.297348   0.294648   0.341637   0.432646 
 111.638931  
TUPLE  33.402683  
 58.583183  27.622128  99.022819  118.323666 0
 59.698392  28.147952  100.907851  120.576196 
 0.000000  0.000000  0.000000  0.000000 
 -15.878638  25.823321  21.904763  37.400450 0
 -15.729139  25.580191  21.698526  37.048583 
 0.000000  0.000000  0.000000  0.000000 
 3.528871  
 1.661182  1.530739  1.368267  1.193363   1.027122   0.889597   0.797374   0.761577   0.786524   0.869205   0.999649   1.162120   1.337025   1.503265   1.640790   1.733013   1.768810   1.743863 
 105.789001  
TUPLE  33.402683  
 72.118822  67.973599  232.668000  252.895103 1
 56.701468  53.536202  182.540092  198.499587 
 17.902875  16.780057  58.146625  63.112055 
 -21.156847  27.014207  49.733021  60.421461 1
 -4.012859  4.895093  8.524370  10.618349 
 -19.168740  24.704433  45.968209  55.595361 
 4.287736  
 1.508851  1.633815  1.740737  1.816718   1.852596   1.844043   1.792090   1.703003   1.587529   1.459593   1.334629   1.227708   1.151726   1.115848   1.124401   1.176354   1.265441   1.380915 
 113.397652  
TUPLE  33.402683  
 67.363952  19.033124  62.062254  93.551512 3
 67.412196  19.046754  62.106699  93.625555 
 0.000000  0.000000  0.000000  0.000000 
 3.848206  -32.791294  19.406370  38.297322 1
 2.357623  -20.233926  11.579897  23.432534 
 1.448498  -12.198765  7.614246  14.453476 
 2.404888  
 1.643423  1.703491  1.704538  1.646435   1.536192   1.387105   1.217156   1.046844   0.896710   0.784864   0.724796   0.723749   0.781852   0.892095   1.041183   1.211131   1.381443   1.531577 
 112.840134  
TUPLE  33.402683  
 91.284029  23.826722  14.146301  95.397088 0
 92.563695  24.160737  14.344611  96.734514 
 0.000000  0.000000  0.000000  0.000000 
 -26.667313  16.456744  10.571278  33.071467 1
 -13.985938  9.048848  5.760058  17.626283 
 -14.295526  8.403809  5.450986  17.456161 
 4.232364  
 1.366113  1.430514  1.523091  1.632678   1.746057   1.849552   1.930680   1.979657   1.990575   1.962116   1.897715   1.805138   1.695551   1.582172   1.478677   1.397549   1.348572   1.337654 
 141.704071  
TUPLE  33.402683  
 -57.032690  -64.437985  188.030764  206.786242 1
 -30.603838  -34.734622  100.413316  110.570983 
 -27.777846  -31.227522  92.064962  101.107578 
 26.890784  -17.872342  38.568984  50.300114 1
 5.838138  -3.762751  8.224987  10.766245 
 23.294356  -15.599493  33.559240  43.728847 
 5.020103  
 1.757790  1.779791  1.766400  1.719234   1.643980   1.549715   1.447811   1.350556   1.269683   1.214944   1.192944   1.206334   1.253501   1.328755   1.423019   1.524924   1.622179   1.703052 
 130.864197  
TUPLE  35.796818  
 16.093070  -181.145907  -47.576578  187.979673 1
 4.420169  -44.221424  -11.619429  45.935856 
 11.508561  -135.074707  -35.471319  140.127999 
 -6.157571  -54.631060  -56.092205  78.541733 1
 -3.446357  -33.622387  -34.601706  48.369824 
 -2.658864  -20.544232  -21.013638  29.508070 
 3.574358  
 1.938484  1.874831  1.713504  1.473961   1.185094   0.881746   0.600504   0.375290   0.233269   0.191570   0.255222   0.416549   0.656092   0.944959   1.248307   1.529549   1.754763   1.896785 
 97.213928  
TUPLE  31.800991  
 41.248019  -30.803704  -81.136441  96.090527 1
 5.238336  -4.138159  -10.877680  12.763539 
 40.239304  -29.824194  -78.578585  93.184207 
 21.667882  42.909732  -76.330114  90.205479 3
 21.380604  42.340821  -75.318109  89.016716 
 0.000000  0.000000  0.000000  0.000000 
 5.834146  
 0.911973  1.142381  1.381628  1.600858   1.773628   1.879099   1.904550   1.846912   1.713136   1.519358   1.288950   1.049703   0.830473   0.657703   0.552232   0.526781   0.584419   0.718195 
 105.015587  
TUPLE  33.718788  
 65.385617  -60.004838  -23.120780  91.708396 1
 9.097110  -8.427362  -3.044316  12.769698 
 59.295291  -54.336812  -21.139698  83.158438 
 -49.330224  -14.419418  -7.331251  51.914717 1
 -33.250399  -9.881603  -4.967141  35.041791 
 -13.085523  -3.662568  -1.919109  13.723940 
 1.819828  
 0.681825  0.867832  1.026949  1.139986   1.193308   1.180484   1.103060   0.970375   0.798433   0.607972   0.421965   0.262847   0.149811   0.096489   0.109313   0.186737   0.319422   0.491364 
 161.972443  
TUPLE  31.800991  
 -177.009694  85.616158  -254.443573  321.565063 1
 -28.296674  13.350330  -39.953388  50.746682 
 -149.792131  72.787779  -216.041347  272.781277 
 -18.853576  51.001222  -36.404311  65.435891 2
 -9.938709  27.416857  -20.129964  35.435814 
 -9.735045  25.803045  -17.858025  32.869425 
 6.200248  
 0.048071  0.167503  0.357200  0.594280   0.850149   1.093945   1.296262   1.432699   1.486798   1.452035   1.332602   1.142906   0.905825   0.649957   0.406161   0.203843   0.067407   0.013308 
 123.433479  
TUPLE  36.744804  
 -71.435143  338.238134  22.269620  346.415864 2
 -15.116872  70.957045  4.818947  72.709447 
 -53.647243  254.634090  16.617994  260.754246 
 27.386246  62.377621  5.174616  68.320939 1
 13.881773  32.370807  2.535331  35.313173 
 13.131104  29.156012  2.568781  32.079835 
 0.448315  
 1.749637  1.826947  1.809655  1.699847   1.510766   1.265218   0.992821   0.726430   0.498175   0.335587   0.258277   0.275569   0.385378   0.574459   0.820006   1.092403   1.358794   1.587049 
 117.413239  
TUPLE  33.402683  
 -71.671107  64.960629  116.895425  151.727293 1
 -15.021203  13.568157  24.109259  31.480268 
 -51.423035  46.654987  84.261155  109.183226 
 33.165872  43.297383  27.864655  61.246040 3
 32.847720  42.882043  27.597356  60.668314 
 0.000000  0.000000  0.000000  0.000000 
 2.248578  
 1.485633  1.420146  1.274680  1.066779   0.821519   0.568482   0.338188   0.158414   0.050844   0.028452   0.093938   0.239404   0.447306   0.692566   0.945602   1.175896   1.355670   1.463240 
 128.202469  
TUPLE  33.718788  
 57.345256  1.220474  -0.035558  57.358253 1
 28.884880  0.526713  -0.091176  28.890163 
 21.055382  0.536227  0.060264  21.062728 
 32.230823  36.753174  -26.832911  55.764028 1
 28.585123  32.663254  -24.109177  49.651479 
 2.781989  3.105020  -2.004673  4.627910 
 0.303134  
 0.618141  0.746612  0.839051  0.884309   0.876928   0.817798   0.714051   0.578200   0.426630   0.277624   0.149154   0.056715   0.011456   0.018837   0.077967   0.181715   0.317566   0.469135 
 94.860725  
TUPLE  33.402683  
 37.991358  126.775736  -88.216745  159.052270 2
 25.331219  85.748918  -59.495403  107.397720 
 12.186512  39.446323  -27.621561  49.674410 
 97.414103  20.922670  -63.535371  118.169408 1
 6.239271  1.389802  -3.934915  7.507535 
 92.712140  19.863045  -60.603136  112.529284 
 1.500072  
 0.772374  0.781214  0.775026  0.754556   0.722273   0.682072   0.638800   0.597677   0.563664   0.540862   0.532022   0.538210   0.558680   0.590962   0.631164   0.674436   0.715558   0.749572 
 144.352432  
TUPLE  33.718788  
 53.310333  67.902706  -251.177495  265.599140 1
 18.382224  23.704000  -87.579003  92.573684 
 35.793711  45.301244  -167.676871  177.338501 
 -12.104407  51.348413  -47.358723  70.894463 1
 -1.274269  5.202455  -4.904797  7.264008 
 -10.300063  43.897318  -40.380003  60.527917 
 0.172998  
 0.613409  0.870924  1.146992  1.408316   1.623375   1.766232   1.819654   1.777199   1.643986   1.436085   1.178570   0.902502   0.641178   0.426118   0.283262   0.229840   0.272295   0.405507 
 131.390686  
TUPLE  31.800991  
 -37.946975  56.833168  -113.494771  132.480357 1
 -33.467339  50.067288  -100.074022  116.797369 
 -4.008957  6.060940  -12.012993  14.040547 
 -41.643256  -29.285673  -116.803467  127.416095 1
 -17.420450  -12.273693  -48.589915  53.057656 
 -24.759401  -17.389346  -69.718628  76.000807 
 0.948183  
 1.887046  1.807085  1.719717  1.635478   1.564531   1.515432   1.494103   1.503117   1.541386   1.604295   1.684257   1.771625   1.855863   1.926811   1.975910   1.997239   1.988225   1.949955 
 114.736610  
TUPLE  33.402683  
 21.851382  89.898854  -5.721234  92.693146 1
 16.494939  68.703571  -4.334705  70.788932 
 4.456090  17.491118  -1.150794  18.086970 
 34.091880  -4.962287  18.999193  39.342723 1
 8.929140  -1.107715  4.844708  10.219944 
 25.068095  -3.840795  14.101739  29.017897 
 0.289934  
 0.337836  0.597432  0.896110  1.197845   1.466243   1.668931   1.781463   1.790265   1.694275   1.505072   1.245477   0.946799   0.645064   0.376666   0.173978   0.061446   0.052644   0.148634 
 137.593613  
TUPLE  0.001334  
 -51.704025  -48.251643  0.233923  70.721863 0
 -50.102707  -46.757249  0.226678  68.531689 
 0.000000  0.000000  0.000000  0.000000 
 32.601605  -38.524289  -16.204166  53.005288 1
 8.892715  -10.432435  -4.221136  14.344112 
 30.585957  -36.218267  -15.401180  49.844540 
 3.217698  
 0.442705  0.352093  0.286969  0.255187   0.260582   0.302502   0.375890   0.471897   0.578941   0.684111   0.774723   0.839847   0.871629   0.866235   0.824315   0.750926   0.654920   0.547876 
 131.191940  
TUPLE  33.402683  
 34.864822  30.757266  23.786753  52.224275 1
 13.272806  11.523749  9.534168  19.997100 
 25.801373  22.946952  17.124446  38.542681 
 -7.142054  -36.813408  9.607461  38.710971 1
 -0.222263  -2.620463  0.753332  2.739200 
 -7.346998  -36.394958  9.428804  38.307857 
 5.166284  
 0.495345  0.319130  0.227141  0.230472   0.328722   0.510041   0.752558   1.027022   1.300330   1.539516   1.715730   1.807720   1.804388   1.706138   1.524820   1.282303   1.007838   0.734530 
 131.302734  
TUPLE  31.800991  
 -57.147201  -23.109566  224.387416  232.700595 3
 -58.441880  -23.633112  229.470914  237.974334 
 0.000000  0.000000  0.000000  0.000000 
 -26.400013  18.464176  43.446985  54.088141 1
 -3.440929  2.274823  5.225004  6.658450 
 -25.022087  17.632218  41.617101  51.662378 
 3.355927  
 0.633936  0.631357  0.668951  0.742183   0.842220   0.956996   1.072668   1.175284   1.252466   1.294906   1.297485   1.259891   1.186659   1.086622   0.971846   0.856174   0.753558   0.676376 
 103.513008  
TUPLE  31.699320  
 69.187535  16.730807  171.835752  185.995593 1
 12.216783  3.135402  30.223663  32.750112 
 65.990883  15.776636  164.014689  177.495170 
 10.326816  40.501259  25.457035  48.939307 1
 0.892522  3.955946  2.456376  4.743350 
 9.456808  36.633619  23.056164  44.306412 
 3.889211  
 0.907577  0.888410  0.936120  1.044952   1.201780   1.387689   1.580254   1.756249   1.894447   1.978180   1.997347   1.949637   1.840804   1.683976   1.498068   1.305503   1.129508   0.991309 
 123.772697  
TUPLE  33.718788  
 -70.682400  -30.413620  134.564944  155.011980 1
 -10.726691  -4.449133  20.644715  23.687136 
 -56.598724  -24.520021  107.529201  123.964488 
 -46.895733  -12.295226  14.635625  50.641721 0
 -48.424772  -12.696113  15.112821  52.293085 
 0.000000  0.000000  0.000000  0.000000 
 2.337424  
 0.636182  0.961201  1.293320  1.592478   1.822595   1.955913   1.976354   1.881450   1.682651   1.403932   1.078913   0.746795   0.447636   0.217519   0.084201   0.063761   0.158664   0.357464 
 118.401443  
TUPLE  33.718788  
 -65.874851  76.707946  -32.769221  106.289354 1
 -37.972559  44.148450  -19.109075  61.287658 
 -23.453124  27.378663  -11.446923  37.824470 
 -12.543767  -37.971757  8.123768  40.806813 2
 -4.780336  -13.940011  2.869371  15.014269 
 -6.215546  -19.346074  4.251934  20.761874 
 2.113270  
 0.442092  0.664141  0.930506  1.209062   1.466209   1.670933   1.798539   1.833638   1.771996   1.621047   1.398999   1.132633   0.854078   0.596930   0.392207   0.264600   0.229501   0.291144 
 198.398804  
TUPLE  35.796818  
 -4.854120  69.459617  21.292363  72.811851 0
 -4.829309  69.104593  21.183533  72.439826 
 0.000000  0.000000  0.000000  0.000000 
 43.072129  14.096115  37.725025  58.966824 0
 43.129480  14.114884  37.775256  59.045503 
 0.000000  0.000000  0.000000  0.000000 
 5.217410  
 1.842164  1.677828  1.429028  1.125773   0.804640   0.504362   0.261158   0.104361   0.052884   0.112935   0.277271   0.526072   0.829327   1.150460   1.450737   1.693941   1.850738   1.902215 
 131.351395  
TUPLE  0.008312  
 -28.883907  52.726195  -94.140709  111.699619 0
 -29.602257  54.037510  -96.482014  114.477704 
 0.000000  0.000000  0.000000  0.000000 
 49.605288  25.326809  -173.449947  182.173039 1
 27.525838  13.997066  -97.177149  101.965717 
 20.998983  10.778092  -72.494834  76.240696 
 1.107754  
 1.649781  1.706247  1.761550  1.809021   1.842932   1.859195   1.855847   1.833293   1.794252   1.743434   1.686968   1.631665   1.584194   1.550282   1.534020   1.537367   1.559922   1.598963 
 128.322556  
TUPLE  33.402683  
 186.073794  1.557532  467.725026  503.381151 0
 229.399214  1.920187  576.630115  620.588427 
 0.000000  0.000000  0.000000  0.000000 
 7.524278  29.596336  79.465443  85.131160 0
 7.454476  29.321771  78.728243  84.341515 
 0.000000  0.000000  0.000000  0.000000 
 4.850817  
 1.387394  1.561022  1.647476  1.636327   1.528921   1.338212   1.087202   0.806167   0.529004   0.289143   0.115515   0.029061   0.040210   0.147616   0.338325   0.589335   0.870370   1.147532 
 115.519630  
TUPLE  31.800991  
 -40.972649  -62.683850  93.388044  119.705262 1
 -6.896392  -10.177782  14.975447  19.376041 
 -34.258502  -52.784898  78.828005  100.865073 
 67.484514  -29.232156  43.015319  85.199743 0
 67.789483  -29.364259  43.209710  85.584883 
 0.000000  0.000000  0.000000  0.000000 
 4.646872  
 0.720100  0.576923  0.426681  0.287496   0.176155   0.106088   0.085746   0.117582   0.197757   0.316600   0.459777   0.610019   0.749204   0.860545   0.930612   0.950954   0.919118   0.838943 
 146.058685  
TUPLE  35.796818  
 8.617588  -75.011661  -74.097767  105.789844 1
 7.997074  -68.945119  -68.094204  97.232828 
 0.462517  -4.691276  -4.645049  6.619418 
 -46.286558  -30.913303  -140.534912  151.156010 1
 -35.400326  -23.685064  -107.627452  115.749096 
 -12.842858  -8.535000  -38.848141  41.796908 
 1.447917  
 0.517568  0.462358  0.495522  0.613060   0.800793   1.036080   1.290541   1.533484   1.735607   1.872531   1.927741   1.894577   1.777039   1.589306   1.354019   1.099558   0.856614   0.654492 
 120.326317  
TUPLE  33.718788  
 -119.830505  -42.926635  -50.580639  136.968781 0
 -121.909656  -43.671445  -51.458252  139.345364 
 0.000000  0.000000  0.000000  0.000000 
 -25.111523  -29.399632  14.735768  41.377165 1
 -4.352516  -5.817951  2.634195  7.729903 
 -21.374591  -24.302380  12.462805  34.681674 
 5.756475  
 0.476590  0.429540  0.466777  0.583809   0.766522   0.992877   1.235572   1.465335   1.654453   1.780115   1.827166   1.789929   1.672896   1.490183   1.263828   1.021133   0.791370   0.602252 
 120.189575  
TUPLE  35.796818  
 49.615486  62.235857  56.967066  97.878726 1
 12.041302  14.767261  13.750740  23.498240 
 39.343266  49.687664  45.247535  77.872423 
 -31.138013  49.736236  84.517447  102.890563 0
 -31.563349  50.415619  85.671930  104.296111 
 0.000000  0.000000  0.000000  0.000000 
 4.474837  
 0.431401  0.211070  0.068123  0.019802   0.071934   0.218233   0.441052   0.713515   1.002760   1.273900   1.494231   1.637178   1.685499   1.633367   1.487068   1.264250   0.991786   0.702541 
 121.900116  
TUPLE  33.718788  
 -31.819467  28.647358  51.210738  66.750950 1
 -17.468943  15.911022  28.062890  36.686099 
 -17.073634  15.187887  27.530479  35.778854 
 -32.149828  -20.554600  11.167541  39.759489 1
 -24.322127  -15.952155  8.154485  30.208479 
 -18.015786  -11.116067  6.551980  22.160373 
 0.816723  
 1.201545  1.280690  1.283409  1.209372   1.067511   0.874936   0.654874   0.433868   0.238574   0.092549   0.013403   0.010685   0.084721   0.226582   0.419157   0.639219   0.860226   1.055519 
 116.671700  
TUPLE  35.796818  
 -52.486725  12.855913  240.924267  246.910172 0
 -51.872836  12.705550  238.106399  244.022332 
 0.000000  0.000000  0.000000  0.000000 
 7.156160  43.943180  126.174249  133.798934 1
 1.741870  10.548131  30.825100  32.626729 
 6.053391  37.319519  106.617458  113.122458 
 2.193251  
 1.023887  1.360605  1.653198  1.866376   1.974427   1.964317   1.837266   1.608599   1.305896   0.965667   0.628950   0.336356   0.123178   0.015128   0.025238   0.152288   0.380956   0.683659 
 100.360092  
TUPLE  0.001334  
 -75.415401  111.458524  377.236966  400.522426 1
 -26.643328  39.189819  132.636990  140.848498 
 -45.873039  67.984135  230.098623  244.277655 
 -74.623317  11.251681  119.307341  141.171815 1
 -6.671268  1.129326  10.873043  12.807176 
 -73.234552  10.918847  116.879941  138.359892 
 6.096813  
 0.999969  0.829342  0.633741  0.436759   0.262155   0.130988   0.059079   0.055102   0.119535   0.244608   0.415235   0.610836   0.807818   0.982422   1.113589   1.185498   1.189476   1.125042 
 111.607185  
TUPLE  0.874500  
 28.787116  37.169675  29.739814  55.630381 1
 10.589376  14.011680  10.461206  20.443052 
 19.739009  25.147595  20.871559  38.179448 
 36.878974  -9.858008  -22.711505  44.419044 1
 18.284747  -4.482367  -11.450743  22.035484 
 21.056589  -6.034109  -12.777056  25.358663 
 0.121724  
 1.714185  1.525867  1.293603  1.045407   0.811216   0.619275   0.492737   0.446863   0.487186   0.608844   0.797161   1.029425   1.277621   1.511813   1.703753   1.830292   1.876166   1.835842 
 113.273888  
TUPLE  33.718788  
 -67.329544  -3.049199  -25.019350  71.892511 2
 -11.825264  -0.330136  -4.024004  12.496317 
 -60.358236  -2.938888  -22.799055  64.588107 
 12.390610  -42.806410  -15.818575  47.287877 1
 5.782549  -21.136643  -7.521528  23.168695 
 7.282067  -23.998295  -9.157525  26.698785 
 1.461777  
 0.615533  0.950982  1.293221  1.600972   1.837115   1.973167   1.992720   1.893414   1.687228   1.399030   1.063582   0.721343   0.413592   0.177449   0.041396   0.021844   0.121149   0.327336 
 122.253799  
TUPLE  35.796818  
 -86.918573  114.796404  162.317957  216.979658 0
 -83.124311  109.785189  155.232282  207.507879 
 0.000000  0.000000  0.000000  0.000000 
 -37.710760  5.066688  64.975045  75.296276 1
 -15.443454  2.080867  26.557206  30.791801 
 -19.984908  2.679162  34.485299  39.947822 
 2.254489  
 1.304462  1.488570  1.667791  1.820507   1.928299   1.978166   1.964092   1.887775   1.758421   1.591631   1.407522   1.228302   1.075585   0.967793   0.917927   0.932001   1.008317   1.137672 
 98.166367  
TUPLE  33.402683  
 55.141398  -9.374172  21.453810  59.905884 1
 24.906867  -4.024371  9.653937  27.014173 
 28.675662  -5.084789  11.193365  31.200294 
 0.734370  -54.079545  -0.722394  54.089355 1
 -0.068891  -30.088913  -0.571931  30.094751 
 0.913165  -32.084248  -0.258577  32.098566 
 6.066179  
 1.734051  1.473861  1.155167  0.816408   0.498444   0.239625   0.071170   0.013395   0.073271   0.243574   0.503764   0.822458   1.161216   1.479181   1.737999   1.906455   1.964229   1.904354 
 98.770416  
TUPLE  31.355324  
 31.612631  -109.041010  -164.025573  199.483555 1
 28.479334  -98.225139  -147.788295  179.723816 
 3.853268  -13.299265  -19.972942  24.303390 
 40.693005  6.485875  -50.013954  64.802645 3
 39.990496  6.373905  -49.150533  63.692709 
 0.000000  0.000000  0.000000  0.000000 
 1.869516  
 1.916538  1.997122  1.966149  1.827355   1.597481   1.304253   0.983038   0.672581   0.410326   0.227905   0.147322   0.178295   0.317089   0.546963   0.840191   1.161405   1.471863   1.734118 
 122.447151  
TUPLE  33.402683  
 26.673853  68.022742  368.184929  375.364796 1
 10.192247  26.782852  143.654606  146.485045 
 16.206487  40.538291  220.732800  225.008867 
 -13.671914  43.641518  74.143329  87.113355 1
 -3.461053  10.496811  17.343449  20.566395 
 -11.812093  38.256084  65.483827  76.754175 
 3.488466  
 0.829059  1.091403  1.352027  1.579496   1.746374   1.832532   1.827579   1.732113   1.557647   1.325225   1.062881   0.802257   0.574788   0.407911   0.321752   0.326705   0.422172   0.596638 
 108.802780  
TUPLE  36.744804  
 -30.028656  57.946814  49.365504  81.832184 1
 -6.390018  12.539598  10.810806  17.747306 
 -24.606847  47.275580  40.146380  66.725013 
 -27.714863  25.815645  93.819536  101.176413 1
 -25.279007  23.443085  83.917082  90.723220 
 -8.468413  7.991728  30.323700  32.482715 
 4.662056  
 1.417809  1.090881  0.753117  0.445255   0.204429   0.059686   0.028484   0.114587   0.307608   0.584267   0.911196   1.248960   1.556822   1.797647   1.942390   1.973592   1.887490   1.694469 
 126.759918  
TUPLE  33.718788  
 -29.059796  74.203790  235.869454  248.968017 2
 -13.073526  32.540157  103.485624  109.266064 
 -15.819456  41.237685  131.029887  138.274025 
 5.935057  34.702062  43.977115  56.333335 1
 0.941050  4.773608  6.378310  8.023417 
 4.959164  29.724715  37.340610  47.984283 
 3.224082  
 0.634673  0.434826  0.262406  0.138208   0.077214   0.086780   0.165752   0.304605   0.486591   0.689761   0.889608   1.062028   1.186225   1.247220   1.237654   1.158682   1.019829   0.837843 
 98.321686  
TUPLE  33.402683  
 40.861935  -80.304487  -86.187463  124.686756 2
 26.794622  -52.441428  -56.507482  81.615992 
 15.765302  -31.200057  -33.261442  48.253339 
 -25.783589  -83.853568  -41.629157  97.104073 1
 -23.530363  -76.625259  -38.020457  88.716870 
 -0.699355  -2.174805  -1.099884  2.539063 
 3.328487  
 1.225427  1.314163  1.417331  1.522487   1.616949   1.689321   1.730876   1.736601   1.705805   1.642204   1.553467   1.450299   1.345143   1.250682   1.178309   1.136755   1.131030   1.161825 
 119.259415  
TUPLE  31.800991  
 -25.438331  54.535013  71.817562  93.695990 1
 -17.428485  37.903844  50.365268  65.399795 
 -5.380775  10.994935  14.029899  18.619818 
 -31.232096  -6.217683  55.498341  63.985696 1
 -29.159242  -5.791151  52.215088  60.085220 
 -3.068566  -0.624760  5.052602  5.945875 
 0.261530  
 1.556575  1.795737  1.938715  1.968264   1.880820   1.686929   1.409979   1.083373   0.746504   0.440005   0.200843   0.057865   0.028316   0.115760   0.309651   0.586601   0.913207   1.250076 
 107.598961  
TUPLE  33.718788  
 53.758128  15.383973  61.930238  83.438344 0
 54.243440  15.522855  62.489325  84.191716 
 0.000000  0.000000  0.000000  0.000000 
 -30.879184  45.786593  50.101132  74.565807 1
 -22.163523  32.454341  35.597990  53.025865 
 -7.231337  11.131337  12.094834  17.958344 
 4.793381  
 0.690556  0.704300  0.794531  0.950365   1.153006   1.378013   1.598246   1.787143   1.921919   1.986318   1.972574   1.882343   1.726509   1.523868   1.298861   1.078628   0.889731   0.754955 
 127.249237  
TUPLE  31.800991  
 -27.870524  -49.368517  -8.602910  57.341317 3
 -28.164508  -49.889273  -8.693656  57.955335 
 0.000000  0.000000  0.000000  0.000000 
 -51.631805  5.877887  -30.718801  60.365865 1
 -19.952268  1.903698  -11.849378  23.283992 
 -29.709165  3.749872  -17.697133  34.783656 
 1.876135  
 0.974955  1.089338  1.188249  1.259756   1.295236   1.290408   1.245855   1.166952   1.063213   0.947153   0.832770   0.733860   0.662352   0.626873   0.631701   0.676253   0.755157   0.858895 
 120.095184  
TUPLE  31.800991  
 -67.138395  38.336646  -17.824447  79.340869 3
 -63.691483  36.368422  -16.909332  75.275636 
 0.000000  0.000000  0.000000  0.000000 
 -21.783212  60.275127  -74.911546  98.586707 1
 -1.595052  4.205446  -5.299268  6.952100 
 -21.387280  59.387694  -73.735995  97.063531 
 3.420571  
 1.526188  1.696925  1.840881  1.940693   1.984321   1.966503   1.889389   1.762280   1.600506   1.423581   1.252843   1.108887   1.009075   0.965447   0.983265   1.060379   1.187488   1.349262 
 111.645309  
TUPLE  36.744804  
 -56.353344  24.650392  13.851690  63.049271 3
 -56.121739  24.549082  13.794762  62.801223 
 0.000000  0.000000  0.000000  0.000000 
 21.055206  -47.227136  -13.795723  53.516783 1
 2.752848  -6.748623  -2.052911  7.573375 
 18.964424  -41.963536  -12.176608  47.632717 
 3.253567  
 1.966702  1.998179  1.981279  1.918039   1.816088   1.687722   1.548424   1.414995   1.303530   1.227472   1.195994   1.212895   1.276135   1.378086   1.506452   1.645750   1.779178   1.890644 
 160.576172  
TUPLE  31.800991  
 13.332112  52.259387  38.542302  66.289499 0
 13.735777  53.841677  39.709271  68.296731 
 0.000000  0.000000  0.000000  0.000000 
 -28.304354  25.867977  47.519854  61.060832 1
 -13.734119  11.894059  22.153827  28.651461 
 -16.274338  15.531328  28.227018  36.095138 
 0.542205  
 1.061380  0.718452  0.409486  0.171749   0.033915   0.012609   0.110401   0.315495   0.603155   0.938683   1.281611   1.590577   1.828314   1.966148   1.987454   1.889662   1.684568   1.396908 
 96.334167  
TUPLE  33.402683  
 62.346814  -74.277222  -316.138276  330.677547 0
 70.142117  -83.564198  -355.665452  372.022613 
 0.000000  0.000000  0.000000  0.000000 
 9.257384  -35.294630  -17.507449  40.471235 1
 3.696078  -13.611759  -6.397585  15.488368 
 6.074560  -23.639704  -12.080527  27.234045 
 4.388532  
 1.158814  0.987321  0.860299  0.793068   0.793738   0.862227   0.990275   1.162437   1.357948   1.553227   1.724720   1.851742   1.918973   1.918303   1.849814   1.721767   1.549604   1.354093 
 117.112358  
TUPLE  36.744804  
 -95.977234  -51.640366  -91.415953  142.250601 1
 -7.724129  -3.845756  -7.234284  11.260833 
 -94.392877  -51.098092  -90.029649  140.094205 
 3.505824  -34.789626  -18.019306  39.335789 3
 3.508996  -34.821100  -18.035608  39.387947 
 0.000000  0.000000  0.000000  0.000000 
 3.765840  
 1.039355  1.039302  1.046938  1.061341   1.080773   1.102892   1.125029   1.144514   1.158997   1.166731   1.166783   1.159148   1.144745   1.125312   1.103194   1.081057   1.061572   1.047089 
 99.148651  
TUPLE  31.800991  
 83.177543  -3.722451  73.544401  111.090680 1
 66.600699  -2.665471  58.615315  88.761097 
 17.123496  -1.081444  15.412428  23.063928 
 -3.265833  46.179057  7.331193  46.871285 1
 -0.927901  18.855446  2.890263  19.098742 
 -2.344560  27.417343  4.455810  27.876157 
 3.371140  
 1.859041  1.798840  1.679278  1.514776   1.325177   1.133348   0.962427   0.833030   0.760763   0.754343   0.814545   0.934107   1.098608   1.288207   1.480036   1.650957   1.780355   1.852621 
 136.372253  
TUPLE  31.355324  
 74.547919  -4.473651  192.443872  206.426863 1
 57.741000  -3.488374  149.582742  160.378328 
 14.109858  -0.823425  35.898722  38.581117 
 26.607447  38.101791  77.263139  90.162605 1
 14.708913  21.271283  43.636752  50.724799 
 13.797498  19.549821  39.140634  45.875636 
 0.434687  
 0.713388  0.894704  1.117697  1.355471   1.579346   1.762320   1.882323   1.924882   1.884863   1.767093   1.585777   1.362784   1.125011   0.901135   0.718161   0.598158   0.555599   0.595618 
 106.023895  
TUPLE  0.001334  
 -29.923139  112.682071  -75.237236  138.756207 1
 -8.242886  29.560553  -19.662641  36.447364 
 -21.503501  82.455911  -55.130172  101.492521 
 -51.392357  26.625382  -16.037849  60.060785 3
 -51.677516  26.773120  -16.126838  60.407490 
 0.000000  0.000000  0.000000  0.000000 
 6.255699  
 0.550128  0.875537  1.216325  1.531389   1.782729   1.940027   1.984313   1.910244   1.726754   1.455975   1.130566   0.789778   0.474714   0.223375   0.066076   0.021790   0.095860   0.279349 
 123.258011  
TUPLE  35.796818  
 53.473179  36.838712  16.879353  67.092355 1
 8.798034  6.318724  2.712605  11.167335 
 42.363954  28.927764  13.437197  53.029205 
 26.444449  31.989036  -32.709989  52.844590 1
 12.990428  16.402708  -16.849335  26.864840 
 12.862437  14.870706  -15.128906  24.808914 
 1.549486  
 0.926445  1.258147  1.558511  1.791306   1.928456   1.953417   1.863179   1.668625   1.393223   1.070189   0.738487   0.438123   0.205328   0.068178   0.043217   0.133455   0.328009   0.603411 
 83.171135  
TUPLE  33.718788  
 20.741383  -58.482722  -13.688376  63.543728 2
 14.452480  -40.862905  -9.346553  44.339923 
 6.418317  -17.984708  -4.427228  19.604024 
 35.435438  26.813954  -10.972554  45.771775 1
 14.302820  10.733521  -4.045248  18.334739 
 22.697874  17.264862  -7.411987  29.465654 
 3.525034  
 0.191217  0.264306  0.411176  0.614111   0.848635   1.086460   1.298901   1.460335   1.551290   1.560796   1.487706   1.340836   1.137901   0.903378   0.665553   0.453112   0.291678   0.200723 
 129.085083  
TUPLE  0.001334  
 -5.975862  -146.636784  34.105784  150.669379 1
 -0.662360  -15.228134  3.869961  15.726756 
 -5.297343  -131.012072  30.143585  134.539507 
 -33.789533  -54.091877  91.932215  111.889212 1
 -2.632068  -4.367307  7.386174  8.976425 
 -32.064593  -51.176741  87.014083  105.918204 
 0.890172  
 0.180360  0.267939  0.357638  0.438637   0.501168   0.537688   0.543792   0.518744   0.465565   0.390670   0.303091   0.213392   0.132393   0.069862   0.033342   0.027238   0.052286   0.105465 
 136.818283  
TUPLE  31.355324  
 -67.378590  -64.422863  12.997927  94.122929 1
 -16.850820  -16.204240  3.540775  23.644959 
 -49.538184  -47.272441  9.266252  69.098459 
 -32.001047  24.785522  37.901601  55.451966 0
 -30.347916  23.505136  35.943656  52.587577 
 0.000000  0.000000  0.000000  0.000000 
 5.161583  
 0.022956  0.010031  0.115618  0.326979   0.618623   0.955373   1.296611   1.601179   1.832342   1.962218   1.975142   1.869556   1.658194   1.366550   1.029801   0.688563   0.383995   0.152832 
 122.964279  
TUPLE  31.800991  
 1.022883  -50.703699  -45.160304  67.907028 1
 0.941176  -45.174036  -40.175291  60.461995 
 0.125989  -7.724694  -6.940062  10.386022 
 50.269878  0.603764  -5.770947  50.603646 1
 20.019700  -0.216696  -2.440960  20.169609 
 29.703535  0.813894  -3.267233  29.894071 
 3.770681  
 0.048213  0.003467  0.077721  0.262019   0.534131   0.861238   1.203884   1.520742   1.773595   1.931943   1.976689   1.902435   1.718137   1.446025   1.118919   0.776272   0.459414   0.206562 
 122.637833  
TUPLE  31.800991  
 7.008299  -49.220196  72.551956  87.951863 0
 7.239379  -50.843105  74.944169  90.851955 
 0.000000  0.000000  0.000000  0.000000 
 41.741221  26.695621  185.030717  191.549868 1
 29.626541  19.322524  132.644576  137.279623 
 12.334059  7.513402  53.358590  55.278727 
 0.872085  
 1.123648  1.399423  1.615777  1.746613   1.776150   1.700826   1.529726   1.283487   0.991809   0.689874   0.414098   0.197745   0.066909   0.037372   0.112696   0.283796   0.530034   0.821712 
 118.796768  
TUPLE  35.796818  
 77.050971  -23.576497  122.992910  147.037272 1
 60.967530  -18.721257  97.612265  116.600596 
 20.522202  -6.213428  32.465992  38.907921 
 24.026843  -57.484376  272.372531  279.407477 3
 24.628011  -58.922671  279.187441  286.401848 
 0.000000  0.000000  0.000000  0.000000 
 2.940367  
 0.572421  0.876591  1.201629  1.508331   1.759703   1.925426   1.985513   1.932714   1.773400   1.526784   1.222614   0.897576   0.590875   0.339503   0.173779   0.113693   0.166491   0.325806 
 123.313622  
TUPLE  35.796818  
 -6.449303  143.389208  -74.139226  161.550869 1
 -1.628022  33.000468  -16.801199  37.067251 
 -4.611926  105.734224  -54.931417  119.241246 
 -34.756688  23.771667  -11.352259  43.611848 3
 -34.346967  23.491441  -11.218437  43.109508 
 0.000000  0.000000  0.000000  0.000000 
 3.627662  
 0.902412  0.927552  0.998246  1.105967   1.237723   1.377621   1.508787   1.615402   1.684606   1.708052   1.682912   1.612218   1.504497   1.372742   1.232844   1.101677   0.995062   0.925858 
 101.696793  
TUPLE  35.796818  
 2.444131  102.557615  22.924098  105.116851 1
 1.011921  45.908564  10.422163  47.087803 
 1.355974  53.450366  11.786952  54.751536 
 56.072719  23.050038  -25.841865  65.903384 3
 55.775526  22.927869  -25.704900  65.569379 
 0.000000  0.000000  0.000000  0.000000 
 2.715287  
 1.286397  1.030442  0.774544  0.549570   0.382654   0.293928   0.294094   0.383133   0.550304   0.775445   1.031400   1.287297   1.512271   1.679188   1.767914   1.767747   1.678709   1.511537 
 110.286949  
TUPLE  35.796818  
 -57.322387  31.715468  27.527634  71.059817 1
 -15.891221  8.666969  7.951578  19.771048 
 -42.177968  23.461696  19.934691  52.219176 
 -18.799098  -27.027218  5.119872  33.318009 1
 -9.608115  -14.300461  2.870186  17.466439 
 -9.600514  -13.315532  2.361220  16.585139 
 2.120028  
 0.871236  0.746898  0.685867  0.695502   0.774642   0.913741   1.096023   1.299500   1.499631   1.672277   1.796614   1.857646   1.848010   1.768870   1.629771   1.447490   1.244012   1.043881 
 143.640335  
TUPLE  36.744804  
 -181.289125  -138.684611  -33.183064  230.651867 1
 -10.450119  -7.847947  -2.077381  13.233679 
 -167.573869  -128.338858  -30.508033  213.266552 
 -39.793332  8.548142  11.042808  42.172546 1
 -28.601664  6.247940  8.217127  30.407772 
 -7.993453  1.613180  1.938163  8.382860 
 0.615910  
 0.533067  0.639621  0.785319  0.952590   1.121257   1.270977   1.383691   1.445804   1.449825   1.395269   1.288715   1.143017   0.975746   0.807079   0.657360   0.544645   0.482532   0.478511 
 120.006210  
TUPLE  31.800991  
 -162.027625  29.445895  -163.843414  232.302984 2
 -76.502471  13.719584  -77.617198  109.842178 
 -82.029629  15.091054  -82.691516  117.450243 
 -18.472536  -33.789262  -35.541382  52.403613 1
 -12.504653  -22.987115  -24.072731  35.556852 
 -6.305411  -11.419542  -12.118060  17.805330 
 6.177086  
 0.612767  0.323969  0.114557  0.009790   0.022304   0.150590   0.379175   0.680487   1.018185   1.351536   1.640334   1.849746   1.954513   1.941999   1.813713   1.585129   1.283816   0.946119 
 125.465851  
TUPLE  31.800991  
 -90.950095  98.412511  76.505882  154.305192 1
 -64.122625  69.283842  53.813111  108.663850 
 -23.844612  25.901089  20.183642  40.581147 
 30.591652  25.983286  32.267601  51.499305 0
 30.432907  25.848455  32.100160  51.232257 
 0.000000  0.000000  0.000000  0.000000 
 1.012025  
 0.075376  0.203428  0.389964  0.612486   0.844153   1.057023   1.225422   1.329037   1.355371   1.301248   1.173196   0.986660   0.764139   0.532472   0.319601   0.151203   0.047588   0.021253 
 128.499619  
TUPLE  33.718788  
 -19.137173  -42.090970  11.393998  47.620419 1
 -4.516475  -10.676863  2.810771  11.929538 
 -12.788230  -27.383709  7.492201  31.137721 
 -39.930720  13.626410  -25.866096  49.489357 3
 -40.194977  13.716583  -26.037273  49.825513 
 0.000000  0.000000  0.000000  0.000000 
 4.639358  
 1.626785  1.373651  1.100322  0.839769   0.623416   0.477359   0.419215   0.455997   0.583268   0.785678   1.038813   1.312141   1.572695   1.789048   1.935105   1.993249   1.956467   1.829195 
 99.127617  
TUPLE  31.355324  
 -174.474353  74.259226  423.488032  464.001989 2
 -146.171628  62.248595  354.890204  388.829151 
 -22.112887  9.376137  53.573738  58.712094 
 -16.936061  -25.381311  52.133069  60.406109 1
 -10.963134  -16.126007  33.658355  38.899136 
 -7.300007  -11.244135  22.559761  26.242746 
 1.881241  
 1.123613  0.976154  0.881891  0.852194   0.890643   0.992602   1.145772   1.331680   1.527902   1.710771   1.858229   1.952492   1.982190   1.943741   1.841782   1.688611   1.502703   1.306482 
 121.694405  
TUPLE  36.744804  
 33.237629  42.256630  -57.048660  78.389491 2
 11.065891  14.017037  -18.801235  25.931393 
 25.326973  32.251001  -43.663035  59.925719 
 -39.439560  19.521158  -26.776555  51.512507 1
 -36.077912  17.897280  -24.484556  47.132169 
 -2.052346  0.975817  -1.403079  2.674172 
 4.322713  
 0.458159  0.319073  0.272546  0.324190   0.467775   0.685983   0.952496   1.235167   1.499902   1.714771   1.853857   1.900384   1.848741   1.705156   1.486947   1.220435   0.937764   0.673028 
 115.736008  
TUPLE  33.718788  
 66.765045  -19.914793  -32.689404  76.959517 1
 34.491586  -10.787033  -17.056221  39.962028 
 26.102777  -7.287158  -12.611904  29.892072 
 -11.980945  34.362877  -8.767684  37.432909 2
 -2.953724  9.136644  -2.685912  9.971778 
 -8.583263  23.952908  -5.756884  26.105670 
 1.109920  
 1.471041  1.701135  1.840667  1.872807   1.793679   1.612827   1.352064   1.042842   0.722457   0.429554   0.199460   0.059928   0.027788   0.106916   0.287768   0.548531   0.857753   1.178137 
 136.777740  
TUPLE  33.718788  
 -88.027768  -15.623409  201.907008  220.815350 1
 -36.924915  -6.992486  85.393505  93.297451 
 -56.811664  -9.644132  129.607650  141.840529 
 -26.822487  35.079192  28.329683  52.464907 1
 -15.869107  20.117228  16.578001  30.518536 
 -14.236190  19.255322  15.218963  28.373784 
 5.784575  
 0.090062  0.036552  0.007120  0.005316   0.031357   0.082103   0.151433   0.230984   0.311162   0.382296   0.435806   0.465238   0.467042   0.441001   0.390255   0.320926   0.241374   0.161196 
 130.070709  
TUPLE  33.402683  
 20.014934  -52.130874  -37.970899  67.527881 1
 9.617403  -24.912734  -18.013841  32.212679 
 10.580387  -27.694416  -20.303968  35.933196 
 -43.850110  -16.658851  16.709136  49.795027 1
 -35.786100  -13.838499  13.530233  40.684588 
 -7.543906  -2.622765  2.980717  8.525979 
 1.518780  
 1.032828  1.297859  1.518901  1.669293   1.730896   1.696280   1.569619   1.366191   1.110532   0.833479   0.568448   0.347406   0.197014   0.135410   0.170027   0.296688   0.500116   0.755774 
 116.190125  
TUPLE  0.028151  
 56.068420  -42.225899  -3.667676  70.286173 1
 14.372720  -10.686254  -0.414757  17.915429 
 45.029593  -34.050449  -3.471004  56.561148 
 35.204843  23.406480  -52.644980  67.518429 1
 26.147978  18.005314  -39.393005  50.593838 
 8.275466  4.881642  -12.083480  15.438344 
 2.688309  
 0.878650  1.161523  1.416228  1.612044   1.725353   1.742488   1.661383   1.491819   1.254248   0.977326   0.694453   0.439748   0.243932   0.130622   0.113487   0.194593   0.364157   0.601727 
 116.006790  
TUPLE  36.744804  
 55.305269  -58.939729  94.520756  124.365340 2
 12.123695  -12.354168  20.289628  26.670170 
 52.702664  -56.732343  90.503370  119.109456 
 43.974026  -26.848572  -23.910930  56.800469 1
 6.717725  -4.320088  -3.484812  8.715181 
 39.999490  -24.203354  -21.917732  51.634937 
 1.997714  
 1.692051  1.861329  1.949812  1.946826   1.852732   1.678880   1.446238   1.182866   0.920532   0.690876   0.521598   0.433116   0.436101   0.530195   0.704047   0.936689   1.200061   1.462395 
 163.043961  
TUPLE  31.355324  
 -9.949134  53.408090  -141.938975  151.980531 1
 -10.404000  57.258229  -151.442289  162.239127 
 -1.038135  4.164460  -11.796538  12.553764 
 6.981623  50.906712  -45.376649  68.551270 1
 3.248467  23.929199  -21.077004  32.053372 
 4.017006  29.047203  -26.144504  39.286507 
 6.227848  
 0.694218  0.454952  0.269682  0.160751   0.141300   0.213675   0.369145   0.588959   0.846604   1.111005   1.350270   1.535541   1.644471   1.663922   1.591548   1.436077   1.216263   0.958618 
 106.481705  
TUPLE  36.744804  
 66.242046  82.164999  -119.073907  159.115339 2
 48.619919  60.007649  -87.119884  116.424689 
 10.743965  13.625845  -19.590130  26.171407 
 34.675979  -7.588161  -23.326441  42.475011 1
 16.094130  -3.560509  -10.980062  19.806046 
 19.272601  -4.178801  -12.811014  23.516714 
 1.773942  
 1.115519  1.344763  1.571373  1.768015   1.910973   1.983002   1.975417   1.889130   1.734551   1.530323   1.301079   1.074469   0.877827   0.734869   0.662840   0.670425   0.756712   0.911291 
 92.135307  
TUPLE  33.402683  
 26.606646  -40.420458  14.835922  50.614540 3
 26.699358  -40.561303  14.887618  50.800767 
 0.000000  0.000000  0.000000  0.000000 
 32.963951  20.144389  -9.711362  39.833767 1
 31.294571  19.018163  -9.020417  37.715091 
 14.323651  8.859298  -4.418963  17.412628 
 4.394866  
 0.610568  0.774996  0.952162  1.120699   1.260279   1.354065   1.390746   1.365898   1.282518   1.150663   0.986235   0.809069   0.640532   0.500953   0.407166   0.370485   0.395333   0.478713 
 115.046646  
TUPLE  33.718788  
 -279.606454  -14.656253  16.787656  280.493138 0
 -249.210075  -13.062953  14.962648  250.000405 
 0.000000  0.000000  0.000000  0.000000 
 -70.933268  19.434253  68.789420  100.703540 0
 -70.329752  19.268902  68.204144  99.846829 
 0.000000  0.000000  0.000000  0.000000 
 0.733735  
 0.289101  0.400535  0.509858  0.603887   0.671279   0.703905   0.697832   0.653790   0.577093   0.476991   0.365558   0.256234   0.162205   0.094814   0.062187   0.068261   0.112302   0.188999 
 132.937393  
TUPLE  33.718788  
 -22.041700  45.440771  -20.670492  54.570774 1
 -21.129780  43.148472  -19.215672  51.744756 
 -2.013232  4.562746  -2.487622  5.574786 
 42.663664  4.308266  -29.196378  51.876563 2
 29.168360  3.123240  -20.108725  35.565828 
 15.500131  1.387477  -10.459633  18.752492 
 3.591214  
 1.001467  1.115493  1.252571  1.396166   1.528959   1.634933   1.701305   1.720072   1.688968   1.611745   1.497719   1.360641   1.217046   1.084253   0.978280   0.911907   0.893141   0.924245 
 115.818405  
TUPLE  35.796818  
 62.932263  38.119963  64.553134  97.881093 1
 6.622800  3.734456  6.827307  10.219551 
 54.132899  33.067095  55.493201  84.281178 
 -40.841471  5.897209  31.005686  51.615457 1
 -6.095625  0.961500  4.664389  7.736740 
 -34.584869  4.912464  26.219088  43.677274 
 2.460133  
 1.006084  1.213490  1.361244  1.431524   1.415855   1.316126   1.144366   0.921291   0.673808   0.431767   0.224361   0.076608   0.006327   0.021996   0.121725   0.293485   0.516560   0.764043 
 141.008240  
TUPLE  35.796818  
 -44.991297  -11.410060  52.956070  70.418404 1
 -29.424666  -7.874101  34.981210  46.384447 
 -15.960959  -3.635810  18.438867  24.657278 
 -29.293425  6.696593  100.051065  104.466093 1
 -19.976590  4.156889  67.361913  70.384591 
 -11.506064  3.040169  40.166412  41.892613 
 5.270149  
 1.191702  1.387019  1.509586  1.544617   1.487889   1.346243   1.136764   0.884718   0.620506   0.375995   0.180678   0.058112   0.023080   0.079808   0.221454   0.430933   0.682979   0.947191 
 93.229568  
TUPLE  35.796818  
 -96.713404  14.119086  -52.225089  110.816475 1
 -82.506324  12.066507  -44.542630  94.535493 
 -7.505363  1.074195  -4.063543  8.603196 
 4.721771  -33.001843  -50.928673  60.869914 2
 1.913950  -11.373505  -17.823600  21.230167 
 3.339032  -25.341118  -38.834658  46.492203 
 2.808115  
 1.318297  1.496656  1.639604  1.729899   1.756649   1.716629   1.614665   1.463056   1.280088   1.087829   0.909470   0.766522   0.676227   0.649477   0.689497   0.791461   0.943070   1.126038 
 134.999695  
TUPLE  31.355324  
 72.731519  32.663693  56.397046  97.659702 2
 26.424785  11.711985  20.714612  35.560575 
 49.633708  22.445850  38.262216  66.599039 
 21.027061  27.855270  -23.019974  41.808762 1
 9.378824  12.501916  -9.794159  18.444654 
 12.790150  16.866084  -14.475977  25.644198 
 2.757430  
 1.158215  1.073731  0.935316  0.759666   0.567965   0.383337   0.228050   0.120833   0.074620   0.094983   0.179467   0.317881   0.493532   0.685232   0.869861   1.025148   1.132364   1.178578 
 96.485107  
TUPLE  33.718788  
 132.410147  10.911965  -214.172864  252.034786 1
 39.037649  3.632968  -63.365968  74.514441 
 94.495372  7.371533  -152.623140  179.659556 
 61.517446  -41.847701  -84.642378  112.694092 0
 62.411983  -42.456216  -85.873179  114.332883 
 0.000000  0.000000  0.000000  0.000000 
 1.388982  
 0.823925  1.158678  1.475822  1.737104   1.911009   1.976563   1.925857   1.765008   1.513417   1.201430   0.866676   0.549532   0.288250   0.114345   0.048792   0.099497   0.260346   0.511937 
 101.137482  
TUPLE  35.796818  
 34.244619  -36.862293  -84.657287  98.480348 0
 34.076563  -36.681390  -84.241830  97.997153 
 0.000000  0.000000  0.000000  0.000000 
 -36.781873  -22.035564  -37.821654  57.174731 1
 -4.249742  -2.376273  -4.527833  6.650393 
 -33.195741  -20.056856  -33.976192  51.561949 
 2.474286  
 0.883134  1.112280  1.309778  1.451806   1.521234   1.509687   1.418559   1.258840   1.049796   0.816639   0.587493   0.389995   0.247967   0.178539   0.190086   0.281214   0.440933   0.649977 
 117.019096  
TUPLE  33.718788  
 41.381648  13.216875  125.420709  132.730858 0
 41.351500  13.207246  125.329335  132.634232 
 0.000000  0.000000  0.000000  0.000000 
 -13.802956  -27.961624  41.036713  51.540138 1
 -2.153881  -5.259990  7.599154  9.490697 
 -12.605937  -24.640013  36.282342  45.634050 
 0.732127  
 0.915218  1.170153  1.407418  1.598396   1.720051   1.757711   1.706834   1.573555   1.373950   1.132094   0.877160   0.639895   0.448917   0.327261   0.289601   0.340479   0.473758   0.673363 
 100.254395  
TUPLE  33.718788  
 -27.482056  -34.921835  -1.238641  44.455958 0
 -26.500087  -33.674034  -1.194383  42.867717 
 0.000000  0.000000  0.000000  0.000000 
 -16.250370  25.997939  -39.085084  49.675055 1
 -3.979389  6.679897  -9.762664  12.481412 
 -11.745776  18.477794  -28.059201  35.591138 
 0.342396  
 0.269248  0.463617  0.729524  1.034897   1.342903   1.616392   1.822378   1.936014   1.943596   1.844209   1.649840   1.383932   1.078560   0.770554   0.497064   0.291079   0.177442   0.169860 
 120.854050  
TUPLE  35.796818  
 -66.767124  -17.405323  -20.891316  72.091894 1
 -61.080552  -15.973478  -18.983390  65.927038 
 -4.603346  -1.149458  -1.568986  4.999198 
 -3.085237  49.657260  -59.571205  77.615016 3
 -3.029799  48.764945  -58.500746  76.231773 
 0.000000  0.000000  0.000000  0.000000 
 1.057343  
 1.420216  1.592246  1.744465  1.858512   1.920632   1.923332   1.866287   1.756376   1.606858   1.435766   1.263735   1.111517   0.997469   0.935349   0.932649   0.989695   1.099605   1.249123 
 130.964951  
TUPLE  33.718788  
 162.041705  9.620073  123.870034  204.190708 1
 110.429193  6.570904  84.415066  139.153535 
 40.987668  2.418387  31.332986  51.648928 
 23.327992  -55.997415  60.795965  85.883963 0
 23.355399  -56.063204  60.867392  85.984978 
 0.000000  0.000000  0.000000  0.000000 
 0.329854  
 0.500025  0.588181  0.709566  0.849538   0.991215   1.117509   1.213186   1.266706   1.271615   1.227320   1.139163   1.017778   0.877806   0.736129   0.609836   0.514159   0.460638   0.455730 
 136.849411  
TUPLE  36.744804  
 -95.762185  -91.227633  81.196793  155.195993 0
 -24.212644  -23.066122  20.529910  39.240220 
 0.000000  0.000000  0.000000  0.000000 
 -15.940498  -65.487190  -15.164727  69.084300 1
 -1.883607  -8.445653  -1.790770  8.837611 
 -14.259342  -57.873262  -13.566557  61.128660 
 1.850848  
 0.375798  0.246736  0.215928  0.287091   0.451640   0.689730   0.972643   1.266256   1.535154   1.746904   1.875966   1.906774   1.835611   1.671061   1.432971   1.150058   0.856446   0.587548 
 127.514610  
TUPLE  33.402683  
 48.078265  -18.865075  88.543552  102.505469 2
 12.987424  -4.623627  23.931077  27.618237 
 35.769606  -14.507783  65.862524  76.340768 
 -27.906692  -31.786449  140.494991  146.724246 1
 -11.349881  -12.644865  55.968076  58.490661 
 -15.520928  -17.961692  79.311820  82.788312 
 1.357227  
 1.093279  1.337886  1.576503  1.780349   1.924837   1.992540   1.975292   1.875173   1.704259   1.483165   1.238558   0.999941   0.796094   0.651606   0.583903   0.601151   0.701270   0.872184 
 113.178123  
TUPLE  35.796818  
 9.793871  -96.155214  -153.628593  181.503415 0
 9.201016  -90.334625  -144.328954  170.516479 
 0.000000  0.000000  0.000000  0.000000 
 -17.176977  -28.862334  -13.374310  36.151833 0
 -17.194305  -28.891451  -13.387802  36.188573 
 0.000000  0.000000  0.000000  0.000000 
 3.064377  
 0.635797  0.729815  0.888124  1.091630   1.315786   1.533557   1.718675   1.848814   1.908276   1.889889   1.795871   1.637562   1.434057   1.209900   0.992129   0.807011   0.676872   0.617410 
 95.033226  
TUPLE  0.305674  
 -58.004024  31.084094  -2.987699  65.875747 3
 -58.614443  31.411218  -3.019141  66.580320 
 0.000000  0.000000  0.000000  0.000000 
 -59.222086  -23.739594  28.919285  70.051045 1
 -28.415603  -11.868776  13.902889  33.787929 
 -29.416706  -11.313715  14.337741  34.625594 
 3.983261  
 1.633464  1.437589  1.222907  1.015310   0.839838   0.717656   0.663500   0.683902   0.776402   0.929843   1.125717   1.340400   1.547996   1.723468   1.845651   1.899807   1.879404   1.786904 
 104.903221  
TUPLE  36.744804  
 91.614509  -16.745820  -4.181903  93.226225 1
 9.368153  -1.582319  -0.512146  9.515661 
 82.644231  -15.236240  -3.687910  84.117958 
 20.339185  59.123061  -13.116898  63.884833 0
 19.810973  57.587628  -12.776250  62.225892 
 0.000000  0.000000  0.000000  0.000000 
 0.556608  
 0.036426  0.036760  0.103262  0.227912   0.395673   0.586313   0.776836   0.944264   1.068402   1.134276   1.133942   1.067440   0.942791   0.775029   0.584389   0.393866   0.226438   0.102301 
 125.562675  
TUPLE  33.718788  
 49.699343  -52.285978  13.834277  73.452266 1
 35.948807  -38.052962  9.918922  53.279913 
 12.761746  -13.192761  3.640115  18.713091 
 51.905949  8.004703  -10.665734  53.591610 2
 38.384781  5.928329  -7.711598  39.598292 
 11.449483  1.756889  -2.528443  11.859309 
 2.901504  
 1.831145  1.966258  1.985957  1.887867   1.683818   1.398422   1.066101   0.726939   0.421843   0.187612   0.052499   0.032799   0.130890   0.334939   0.620335   0.952656   1.291818   1.596914 
 108.288826  
TUPLE  33.402683  
 -95.783822  20.523385  -523.359249  532.447794 1
 -53.957516  11.762503  -293.687159  298.834297 
 -46.468012  9.755454  -255.034139  259.416412 
 -24.730320  20.432662  -34.861536  47.375195 0
 -23.646072  19.536835  -33.333106  45.298345 
 0.000000  0.000000  0.000000  0.000000 
 5.311076  
 1.087476  0.891190  0.737872  0.646013   0.626694   0.682244   0.805963   0.982929   1.191798   1.407376   1.603661   1.756979   1.848838   1.868157   1.812607   1.688888   1.511922   1.303054 
 130.849365  
TUPLE  31.800991  
 47.125797  -31.496143  -73.431767  92.763528 0
 50.349922  -33.650960  -78.455621  99.110069 
 0.000000  0.000000  0.000000  0.000000 
 3.585568  -40.109966  13.507245  42.474832 1
 0.865084  -13.532931  4.505469  14.290113 
 2.632691  -25.594920  8.671043  27.152094 
 2.976877  
 1.922843  1.943149  1.847844  1.648424   1.368940   1.043104   0.710215   0.410426   0.179895   0.046427   0.026121   0.121425   0.320846   0.600329   0.926166   1.259054   1.558844   1.789375 
 110.849205  
TUPLE  35.796818  
 -106.335640  -11.094876  13.846658  107.805818 2
 -40.954314  -4.670120  5.114484  41.536048 
 -64.696737  -6.353318  8.643029  65.580540 
 -21.980824  -45.958683  -12.220028  52.389754 1
 -21.864657  -46.044266  -11.671556  52.291322 
 -7.309874  -14.955406  -4.547744  17.256843 
 1.446763  
 1.000000  1.000000  1.000000  1.000000   1.000000   1.000000   1.000000   1.000000   1.000000   1.000000   1.000000   1.000000   1.000000   1.000000   1.000000   1.000000   1.000000   1.000000 
 109.356842  
TUPLE  31.800991  
 67.632178  -67.239139  362.895494  375.217741 1
 20.939837  -21.311172  113.177663  117.054883 
 48.888925  -48.111787  261.504127  270.350324 
 -32.877171  -9.412313  96.982451  102.835284 0
 -32.347711  -9.260735  95.420626  101.179301 
 0.000000  0.000000  0.000000  0.000000 
 1.495417  
 0.545673  0.768512  1.030318  1.299516   1.543634   1.733229   1.845433   1.866713   1.794501   1.637508   1.414669   1.152863   0.883666   0.639547   0.449952   0.337748   0.316468   0.388680 
 127.591896  
TUPLE  31.800991  
 -57.100090  103.201499  -125.784088  172.431454 1
 -5.611256  9.636689  -11.880832  16.294956 
 -57.004834  103.534325  -126.054304  172.796450 
 32.731228  20.533631  -22.889032  44.909588 0
 32.305865  20.266784  -22.591575  44.326179 
 0.000000  0.000000  0.000000  0.000000 
 1.079888  
 0.106160  0.227933  0.404454  0.614432   0.832542   1.032476   1.190119   1.286456   1.309869   1.257533   1.135761   0.959240   0.749261   0.531151   0.331218   0.173575   0.077237   0.053824 
 123.237976  
TUPLE  0.718627  
 67.128316  69.140230  224.985019  244.754654 2
 22.135796  22.898321  73.700973  80.288103 
 49.981551  51.380464  168.005115  182.657875 
 21.189764  46.493134  38.740611  64.120609 1
 1.669395  3.939496  3.127781  5.301792 
 20.872047  45.519392  38.084058  62.913203 
 3.461933  
 1.046235  0.773009  0.504939  0.274359   0.109080   0.029037   0.043884   0.151830   0.339856   0.585283   0.858509   1.126578   1.357158   1.522438   1.602481   1.587634   1.479688   1.291662 
 100.413063  
TUPLE  31.355324  
 -49.397993  -4.759153  28.178555  57.068750 1
 -19.237021  -1.227655  10.932926  22.161193 
 -30.125058  -3.528032  17.225143  34.881082 
 -6.452527  47.215750  78.044387  91.443363 1
 -0.991568  8.672108  14.066885  16.555524 
 -5.579179  39.408726  65.407426  76.565819 
 4.397845  
 1.366039  1.167340  0.956286  0.758334   0.597358   0.492775   0.457200   0.494924   0.601395   0.763773   0.962471   1.173525   1.371478   1.532453   1.637036   1.672611   1.634888   1.528416 
 132.523392  
TUPLE  33.402683  
 -12.916597  -78.683193  -265.166088  276.895174 1
 -3.489471  -19.494326  -65.135339  68.079637 
 -9.628858  -60.417752  -204.172145  213.141508 
 -76.871349  -14.453336  -238.731280  251.218485 0
 -73.609235  -13.839994  -228.600475  240.557813 
 0.000000  0.000000  0.000000  0.000000 
 5.521097  
 1.448020  1.194218  0.916995  0.649789   0.424829   0.269249   0.201814   0.230657   0.352299   0.552069   0.805872   1.083095   1.350300   1.575260   1.730840   1.798276   1.769433   1.647790 
 116.291748  
TUPLE  33.402683  
 101.269790  -115.990967  528.558850  550.530592 0
 106.575470  -122.067912  556.250863  579.373756 
 0.000000  0.000000  0.000000  0.000000 
 -3.721395  -42.416566  169.324080  174.595698 1
 -1.550523  -16.071751  62.692178  64.738196 
 -2.456045  -29.595279  119.607582  123.239217 
 2.654072  
 0.402889  0.235703  0.167018  0.205117   0.345405   0.570961   0.854581   1.162054   1.456296   1.701816   1.869002   1.937687   1.899589   1.759300   1.533744   1.250125   0.942651   0.648409 
 103.166351  
TUPLE  31.800991  
 98.886783  46.750882  -77.163600  133.859859 1
 56.244338  26.114000  -43.716406  75.871669 
 43.437071  21.012559  -34.067258  59.066937 
 -22.067393  31.137847  -3.852688  38.358552 2
 -12.269449  18.092819  -1.874232  21.941324 
 -13.981480  18.948133  -2.708847  23.704942 
 5.149648  
 0.391015  0.270450  0.162302  0.079614   0.032359   0.026238   0.061989   0.135299   0.237326   0.355765   0.476329   0.584477   0.667165   0.714420   0.720541   0.684790   0.611480   0.509453 
 139.995331  
TUPLE  36.744804  
 84.695166  13.316991  98.486086  130.576118 1
 69.941386  11.206867  81.447462  107.940261 
 11.411878  1.584663  13.152557  17.485711 
 -13.594366  -31.310947  50.465670  60.925906 3
 -13.516938  -31.132612  50.178236  60.592230 
 0.000000  0.000000  0.000000  0.000000 
 2.997543  
 1.430940  1.681690  1.845664  1.903084   1.847023   1.684245   1.434382   1.127571   0.800819   0.493537   0.242786   0.078812   0.021393   0.077453   0.240231   0.490095   0.796905   1.123657 
 128.567688  
TUPLE  36.744804  
 -14.188242  -105.382638  239.720806  262.245823 1
 -7.095716  -52.938085  119.581803  130.968001 
 -7.505331  -55.510656  127.113653  138.908826 
 28.036479  -26.657114  134.259348  139.721933 0
 27.598630  -26.240806  132.162604  137.539949 
 0.000000  0.000000  0.000000  0.000000 
 4.604431  
 1.972041  1.848881  1.635152  1.356631   1.046912   0.743353   0.482566   0.296008   0.206178   0.223912   0.347072   0.560802   0.839323   1.149041   1.452601   1.713387   1.899946   1.989775 
 97.436554  
TUPLE  35.796818  
 58.899399  27.263998  -34.010369  73.274621 3
 58.702390  27.172805  -33.896611  73.044288 
 0.000000  0.000000  0.000000  0.000000 
 1.356173  -43.904857  -17.507729  47.286322 1
 0.220385  -2.234536  -0.972823  2.451038 
 1.241381  -45.092524  -17.899500  48.531300 
 1.590713  
 0.830046  0.950583  1.028696  1.054963   1.026217   0.945924   0.823770   0.674486   0.516080   0.367658   0.247121   0.169008   0.142740   0.171486   0.251779   0.373934   0.523217   0.681623 
 131.458939  
TUPLE  36.744804  
 -47.225440  -0.900442  40.434237  62.177009 1
 -17.914019  -0.204919  15.372858  23.607167 
 -26.818285  -0.648029  22.926757  35.288734 
 -0.300972  32.322181  -4.049977  32.576315 1
 -0.193868  11.590749  -1.391422  11.676411 
 -0.087707  18.668546  -2.400208  18.822899 
 5.899463  
 1.547306  1.256523  0.933183  0.616288   0.344058   0.149329   0.055588   0.074141   0.202752   0.425906   0.716690   1.040029   1.356925   1.629154   1.823883   1.917624   1.899071   1.770461 
 98.320488  
TUPLE  36.744804  
 -114.000238  -43.018569  -11.115358  122.352779 0
 -120.070604  -45.309252  -11.707237  128.867983 
 0.000000  0.000000  0.000000  0.000000 
 -32.728639  -63.947554  -3.875911  71.940783 1
 -25.393118  -49.584105  -2.750688  55.776157 
 -8.414032  -16.470707  -1.252946  18.538291 
 3.193302  
 1.878024  1.794439  1.654645  1.475503   1.278620   1.087743   0.925895   0.812598   0.761515   0.778810   0.862395   1.002189   1.181332   1.378214   1.569091   1.730939   1.844237   1.895319 
 119.345985  
TUPLE  33.718788  
 4.211304  78.079027  112.654971  137.132097 3
 4.234804  78.514783  113.283689  137.902844 
 0.000000  0.000000  0.000000  0.000000 
 -36.847806  18.643724  96.860188  105.295989 1
 -31.258756  15.186434  81.414699  88.521807 
 -4.725731  3.020483  13.176120  14.320762 
 1.989758  
 1.692248  1.534827  1.324287  1.086022   0.848771   0.641149   0.488198   0.408368   0.411286   0.496600   0.654021   0.864561   1.102826   1.340077   1.547699   1.700650   1.780480   1.777562 
 101.645462  
TUPLE  33.718788  
 -72.755674  -61.943544  -118.937108  152.566138 1
 -34.818773  -29.129344  -56.453373  72.442173 
 -35.283068  -30.554747  -58.145381  74.561324 
 -1.816355  -54.710904  -35.511489  65.250656 0
 -1.765319  -53.173642  -34.513690  63.417402 
 0.000000  0.000000  0.000000  0.000000 
 0.835752  
 1.317238  1.121002  0.890438  0.653355   0.438349   0.271352   0.172508   0.153738   0.217306   0.355544   0.551780   0.782344   1.019427   1.234434   1.401430   1.500274   1.519045   1.455477 
 116.290497  
TUPLE  0.718627  
 -51.114870  -100.794904  -198.545300  228.456952 1
 -45.602689  -88.394791  -174.403194  200.772851 
 -6.083460  -13.527258  -26.362235  30.248650 
 46.361356  -38.211072  -89.037527  107.411092 1
 19.696521  -15.754824  -37.925883  45.547332 
 24.187386  -20.414360  -46.353670  56.128929 
 2.044935  
 0.605131  0.629335  0.687741  0.773305   0.875705   0.982590   1.081070   1.159265   1.207745   1.220661   1.196456   1.138050   1.052487   0.950087   0.843201   0.744722   0.666526   0.618047 
 130.140381  
TUPLE  33.718788  
 65.255961  -122.165899  -48.621274  146.788540 0
 24.529687  -45.922107  -18.276715  55.177923 
 0.000000  0.000000  0.000000  0.000000 
 41.659078  6.658708  -44.872397  61.590171 0
 39.739070  6.351817  -42.804292  58.751734 
 0.000000  0.000000  0.000000  0.000000 
 4.704112  
 1.575093  1.457529  1.353309  1.275005   1.232061   1.229656   1.268080   1.342700   1.444515   1.561244   1.678808   1.783028   1.861332   1.904277   1.906682   1.868257   1.793637   1.691823 
 168.811508  
TUPLE  36.744804  
 51.807979  -6.528442  49.853138  72.194339 0
 49.138946  -6.192111  47.284814  68.475188 
 0.000000  0.000000  0.000000  0.000000 
 24.815037  30.874119  126.599217  132.651268 0
 23.909641  29.747652  121.980145  127.811459 
 0.000000  0.000000  0.000000  0.000000 
 1.663486  
 0.513323  0.509505  0.500428  0.487188   0.471382   0.454916   0.439777   0.427789   0.420400   0.418500   0.422318   0.431395   0.444634   0.460440   0.476906   0.492046   0.504034   0.511423 
 105.153000  
TUPLE  31.800991  
 80.062525  9.670050  -70.362279  107.025081 0
 80.325830  9.701853  -70.593682  107.377150 
 0.000000  0.000000  0.000000  0.000000 
 -8.177945  29.665484  -42.068966  52.122141 1
 -3.907989  13.097050  -19.100052  23.486944 
 -4.922124  18.934169  -26.323790  32.797717 
 1.148819  
 0.577615  0.504219  0.484754  0.521565   0.610214   0.740009   0.895293   1.057337   1.206597   1.325069   1.398465   1.417931   1.381119   1.292470   1.162676   1.007392   0.845347   0.696087 
 139.159943  
TUPLE  35.796818  
 8.105163  -97.011055  102.961203  141.696322 0
 7.867097  -94.161639  99.937019  137.534478 
 0.000000  0.000000  0.000000  0.000000 
 -43.868859  -5.853080  56.963768  72.136025 1
 -6.217752  -0.981774  7.662865  9.917828 
 -42.294038  -5.490770  55.329754  69.859388 
 2.449371  
 1.845161  1.902592  1.948753  1.978075   1.987022   1.974514   1.942060   1.893575   1.834907   1.773131   1.715699   1.669539   1.640217   1.631270   1.643778   1.676231   1.724716   1.783385 
 119.289963  
TUPLE  33.718788  
 66.612237  41.146826  61.371077  99.481960 1
 33.547704  20.765011  30.564994  49.908642 
 28.875426  17.794179  26.946582  43.319275 
 -3.660721  37.047497  37.211423  52.636564 2
 -2.115661  16.382555  16.213305  23.146379 
 -1.504129  20.250717  20.582060  28.921474 
 4.189853  
 1.174303  0.924740  0.676606  0.459831   0.300560   0.218003   0.222118   0.312410   0.477986   0.698878   0.948440   1.196574   1.413349   1.572621   1.655177   1.651062   1.560770   1.395194 
 105.048119  
TUPLE  36.744804  
 58.599982  75.025117  -102.317557  139.755531 0
 57.763417  73.954068  -100.856885  137.760471 
 0.000000  0.000000  0.000000  0.000000 
 46.733501  -32.444852  -38.608644  68.755480 1
 38.665188  -26.580515  -31.603522  56.571393 
 8.158143  -5.926700  -7.079334  12.321374 
 4.796579  
 1.007308  0.747960  0.503685  0.303947   0.172837   0.126169   0.169571   0.297809   0.495415   0.738556   0.997904   1.242179   1.441917   1.573027   1.619695   1.576293   1.448055   1.250448 
 127.928162  
TUPLE  33.718788  
 94.141555  -51.622777  102.440050  148.396453 3
 89.279574  -48.956695  97.149490  140.734443 
 0.000000  0.000000  0.000000  0.000000 
 59.193811  22.426592  45.497500  77.954358 1
 25.899483  9.864301  19.665288  33.982800 
 32.535965  12.274972  25.249319  42.974530 
 4.571615  
 1.607377  1.348425  1.062761  0.784839   0.548181   0.381332   0.304416   0.326709   0.445524   0.646529   0.905481   1.191145   1.469067   1.705724   1.872574   1.949490   1.927197   1.808382 
 119.926598  
TUPLE  31.800991  
 65.371555  51.496683  -8.709194  83.673166 1
 43.500519  34.660059  -5.706796  55.912448 
 22.907996  17.653492  -3.140548  29.091293 
 -1.290872  47.995835  -77.906951  91.513712 0
 -1.221438  45.414245  -73.716508  86.591505 
 0.000000  0.000000  0.000000  0.000000 
 0.918864  
 1.363390  1.585747  1.738444  1.803064   1.771813   1.648460   1.447884   1.194276   0.918226   0.653029   0.430672   0.277975   0.213354   0.244605   0.367958   0.568535   0.822143   1.098193 
 133.762863  
TUPLE  33.718788  
 91.991892  172.983158  562.490445  595.635108 1
 8.344491  15.417250  50.887949  53.823089 
 83.390796  157.083408  510.033527  540.151311 
 40.339143  -5.220290  122.777468  129.339880 1
 5.513678  -0.694010  15.684836  16.640789 
 37.809143  -4.912398  116.173883  122.270406 
 3.823455  
 1.368642  1.225774  1.021757  0.781199   0.533115   0.307426   0.131356   0.026140   0.004469   0.068956   0.211824   0.415841   0.656399   0.904483   1.130171   1.306242   1.411458   1.433129 
 134.423141  
TUPLE  44.201973  
 77.982796  7.944322  126.383607  148.718677 1
 17.668344  1.740481  28.227129  33.346513 
 70.514276  7.242925  114.686930  134.825195 
 25.198844  40.963050  14.336161  50.184447 0
 25.099807  40.802057  14.279817  49.987407 
 0.000000  0.000000  0.000000  0.000000 
 2.402560  
 1.264038  0.963925  0.675142  0.432520   0.265324   0.193719   0.226343   0.359259   0.576438   0.851683   1.151796   1.440579   1.683201   1.850397   1.922002   1.889378   1.756462   1.539283 
 127.426407  
TUPLE  33.718788  
 78.118724  -38.433312  84.282713  121.174379 0
 74.931153  -36.865072  80.843626  116.230042 
 0.000000  0.000000  0.000000  0.000000 
 -33.915257  -7.146450  31.144340  46.597064 1
 -8.410792  -1.551893  7.371750  11.292120 
 -28.127693  -6.147311  26.181498  38.915879 
 5.413732  
 0.566705  0.557237  0.607066  0.710182   0.854149   1.021601   1.192342   1.345776   1.463399   1.531023   1.540492   1.490662   1.387546   1.243579   1.076127   0.905387   0.751952   0.634329 
 145.944855  
TUPLE  35.796818  
 -162.361679  72.821986  190.714771  260.838035 1
 -93.336971  41.588930  109.088498  149.471566 
 -73.363557  33.179098  86.722809  118.338193 
 -45.963007  71.907823  31.486617  90.965598 0
 -44.762447  70.029581  30.664182  88.589674 
 0.000000  0.000000  0.000000  0.000000 
 1.421510  
 1.212994  1.287355  1.374311  1.463373   1.543799   1.605889   1.642154   1.648219   1.623353   1.570555   1.496194   1.409238   1.320176   1.239749   1.177659   1.141395   1.135330   1.160196 
 122.488655  
TUPLE  33.402683  
 71.358016  18.292522  -228.707648  240.278529 1
 53.688407  13.449453  -171.925277  180.614654 
 20.431967  5.551196  -65.635940  68.966484 
 -11.739128  36.440050  -129.719067  135.250585 1
 -5.018271  15.421730  -54.120583  56.498405 
 -6.342708  19.844482  -71.419861  74.396560 
 4.687024  
 1.363068  1.496108  1.580463  1.605958   1.569519   1.475541   1.335358   1.165879   0.987546   0.821868   0.688828   0.604473   0.578978   0.615417   0.709395   0.849578   1.019057   1.197390 
 113.077751  
TUPLE  33.718788  
 54.258427  11.818150  -55.274095  78.350948 1
 7.894749  1.611835  -7.684090  11.135070 
 48.702469  10.715732  -49.972575  70.597690 
 31.880758  44.161010  14.371169  56.330347 0
 31.847554  44.115016  14.356201  56.271852 
 0.000000  0.000000  0.000000  0.000000 
 1.586662  
 0.493880  0.252736  0.090869  0.027803   0.071145   0.215666   0.443936   0.728422   1.034811   1.326147   1.567291   1.729158   1.792224   1.748883   1.604361   1.376091   1.091605   0.785217 
 107.288139  
TUPLE  35.796818  
 -99.512558  -55.574712  254.593542  278.942951 1
 -22.320840  -11.918243  56.315546  61.739166 
 -82.252925  -46.483007  211.226626  231.393430 
 -2.530692  -63.913316  100.730866  119.323190 1
 -0.659490  -23.622696  37.200141  44.071949 
 -2.124333  -46.683511  73.606270  87.188097 
 0.669138  
 0.461088  0.551765  0.638933  0.712078   0.762378   0.783765   0.773661   0.733283   0.667503   0.584254   0.493576   0.406408   0.333263   0.282964   0.261576   0.271681   0.312058   0.377839 
 127.109268  
TUPLE  33.718788  
 36.235841  163.726368  -75.854266  184.046813 3
 33.778662  152.623966  -70.710535  171.570793 
 0.000000  0.000000  0.000000  0.000000 
 -27.069581  19.393699  2.923975  33.427943 1
 -6.095267  4.567356  0.805445  7.660368 
 -21.207933  14.993715  2.143765  26.061501 
 4.112056  
 1.533964  1.771770  1.922974  1.969339   1.905271   1.738500   1.489139   1.187266   0.869291   0.573566   0.335760   0.184556   0.138192   0.202259   0.369030   0.618391   0.920264   1.238239 
 138.957092  
TUPLE  31.800991  
 -3.785241  -137.911516  -152.214079  205.433786 1
 -0.333627  -9.076400  -9.984320  13.498091 
 -3.673475  -136.918527  -151.151491  203.977864 
 40.025769  -72.522544  -50.828887  97.186199 0
 41.163491  -74.583979  -52.273686  99.948790 
 0.000000  0.000000  0.000000  0.000000 
 5.813182  
 0.093248  0.284466  0.557854  0.880437   1.213306   1.516313   1.752910   1.894561   1.924180   1.838195   1.646977   1.373589   1.051006   0.718137   0.415130   0.178532   0.036882   0.007262 
 116.314156  
TUPLE  31.800991  
 33.294504  -51.179952  -35.524661  70.639316 1
 4.307062  -6.671772  -4.377352  9.068849 
 32.845817  -50.439234  -35.264131  69.760599 
 15.655248  37.156886  -71.643198  82.209907 1
 10.914183  25.132823  -48.502684  55.707343 
 7.160955  17.767646  -34.214868  39.212803 
 4.954516  
 0.270467  0.255845  0.321809  0.460404   0.654913   0.881876   1.113916   1.323047   1.484045   1.577490   1.592113   1.526148   1.387553   1.193044   0.966082   0.734042   0.524910   0.363913 
 138.855362  
TUPLE  33.402683  
 -26.870785  35.169199  21.553479  49.228692 1
 -7.225946  9.462779  5.480431  13.107749 
 -22.728700  29.742649  18.546657  41.775778 
 43.513856  3.786860  9.941367  44.795388 1
 15.701119  0.572794  3.753024  16.154191 
 30.509428  3.448750  6.804441  31.448970 
 4.358468  
 0.451457  0.506090  0.604481  0.734763   0.881223   1.026195   1.152193   1.244020   1.290600   1.286316   1.231683   1.133292   1.003010   0.856550   0.711578   0.585580   0.493753   0.447173 
 126.137680  
TUPLE  33.402683  
 -76.434258  -4.446503  -46.859561  89.765169 1
 -33.273762  -2.069903  -20.330698  39.048489 
 -39.565668  -2.167474  -24.324981  46.495838 
 -11.906006  -32.672832  -1.365553  34.801317 0
 -11.714424  -32.147088  -1.343580  34.241608 
 0.000000  0.000000  0.000000  0.000000 
 1.249049  
 1.039082  1.004091  1.006600  1.046305   1.118417   1.214239   1.322213   1.429316   1.522630   1.590899   1.625889   1.623381   1.583676   1.511563   1.415741   1.307767   1.200665   1.107351 
 113.224724  
TUPLE  33.402683  
 2.293169  89.115922  36.816563  96.448772 1
 -0.005167  7.366492  2.771919  7.871991 
 2.415654  86.308662  35.928204  93.519381 
 32.551796  -8.978373  16.583435  37.619688 1
 4.413723  -1.061892  2.064060  4.988826 
 28.874786  -8.119680  14.894691  33.489588 
 1.500808  
 1.205141  1.170695  1.186164  1.249682   1.353586   1.485345   1.629067   1.767417   1.883708   1.963912   1.998358   1.982889   1.919371   1.815467   1.683708   1.539986   1.401636   1.285345 
 131.174377  
TUPLE  33.718788  
 36.545510  -37.449406  -39.605135  65.624683 1
 15.485486  -15.360945  -16.547162  27.378586 
 24.430883  -25.542693  -26.711045  44.303446 
 -39.634310  -10.446297  -15.390464  43.782074 0
 -39.895957  -10.515259  -15.492064  44.071323 
 0.000000  0.000000  0.000000  0.000000 
 3.826905  
 1.566711  1.309742  1.004851  0.688813   0.399747   0.172518   0.034533   0.002436   0.080097   0.258151   0.515120   0.820010   1.136048   1.425115   1.652344   1.790328   1.822426   1.744764 
 119.239983  
TUPLE  44.201973  
 -90.018578  -96.466876  132.544186  187.021827 3
 -92.790668  -99.437555  136.625845  192.784289 
 0.000000  0.000000  0.000000  0.000000 
 23.356174  -26.973158  -2.889607  35.796815 1
 14.406922  -15.797614  -1.646541  21.444221 
 8.950232  -11.179696  -1.243676  14.375577 
 3.793713  
 1.810043  1.568290  1.260342  0.923342   0.597938   0.323379   0.132779   0.049129   0.082518   0.228918   0.470671   0.778619   1.115619   1.441023   1.715582   1.906182   1.989832   1.956444 
 137.847992  
TUPLE  31.800991  
 -40.726489  -39.229057  46.613246  73.282744 1
 -30.327361  -29.484073  34.812535  54.781305 
 -10.459555  -9.803182  11.869869  18.612273 
 -30.724325  28.277020  70.995195  82.364383 1
 -26.002952  24.220398  60.750427  70.380502 
 -5.908590  5.149276  12.988096  15.170213 
 5.949048  
 0.790303  1.098344  1.405750  1.675444   1.874896   1.980050   1.978223   1.869634   1.667382   1.395861   1.087820   0.780413   0.510720   0.311267   0.206113   0.207941   0.316529   0.518782 
 119.984680  
TUPLE  35.796818  
 -83.993902  -44.514269  -79.437734  123.882401 3
 -81.994823  -43.454817  -77.547092  120.937865 
 0.000000  0.000000  0.000000  0.000000 
 -27.490566  21.035594  -16.676668  38.423153 1
 -18.168288  14.159706  -10.727794  25.410411 
 -10.113751  7.481480  -6.429054  14.128392 
 5.863258  
 1.187446  1.219820  1.204449  1.143186   1.043420   0.917185   0.779707   0.647566   0.536703   0.460487   0.428113   0.443484   0.504747   0.604513   0.730748   0.868226   1.000366   1.111230 
 113.871300  
TUPLE  36.744804  
 36.862339  42.317290  -67.311884  87.638318 1
 36.085155  40.848813  -65.444218  85.168827 
 2.996875  4.016639  -5.920890  7.758209 
 13.902702  -36.111607  -47.525995  61.286650 0
 13.686241  -35.549359  -46.786028  60.332595 
 0.000000  0.000000  0.000000  0.000000 
 6.097346  
 0.190707  0.342469  0.578105  0.869194   1.180626   1.474838   1.716343   1.876013   1.934589   1.885005   1.733243   1.497607   1.206518   0.895086   0.600874   0.359369   0.199699   0.141123 
 109.245743  
TUPLE  31.800991  
 -35.789046  52.339094  -101.623868  119.781665 0
 -35.960173  52.589356  -102.109788  120.354488 
 0.000000  0.000000  0.000000  0.000000 
 32.918545  28.254999  -43.127776  61.171730 1
 25.696928  21.496622  -33.480818  47.364771 
 7.890127  7.332181  -10.522797  15.058634 
 2.222334  
 1.386776  1.170001  0.927198  0.687653   0.480258   0.330028   0.255083   0.264462   0.357035   0.521636   0.738410   0.981213   1.220758   1.428153   1.578383   1.653328   1.643949   1.551376 
 125.687004  
TUPLE  33.718788  
 123.925209  1.897955  -126.852328  177.348732 3
 127.732817  1.956270  -130.749877  182.803037 
 0.000000  0.000000  0.000000  0.000000 
 61.267164  -84.360790  -112.627567  153.477611 1
 34.585344  -47.690168  -63.660972  86.736595 
 17.989738  -24.702181  -32.987887  44.967180 
 0.748681  
 0.619122  0.477620  0.331988  0.199791   0.096974   0.035938   0.024045   0.062729   0.147325   0.267629   0.409130   0.554763   0.686960   0.789777   0.850813   0.862706   0.824022   0.739426 
 118.832977  
TUPLE  33.402683  
 47.149436  -66.157079  -11.858782  82.100299 2
 42.675202  -59.944246  -10.811824  74.373386 
 4.170780  -5.787043  -0.970635  7.204185 
 -39.618084  -15.521550  23.545734  48.630369 1
 -27.394534  -10.563674  16.106175  33.488506 
 -10.880181  -4.431569  6.641170  13.495944 
 5.333167  
 0.099405  0.248534  0.487202  0.786624   1.110683   1.420295   1.678114   1.853045   1.923988   1.882386   1.733257   1.494589   1.195168   0.871108   0.561497   0.303677   0.128746   0.057803 
 150.576920  
TUPLE  44.201973  
 -29.793758  72.335402  65.839966  102.249594 0
 -28.934432  70.249068  63.940977  99.300559 
 0.000000  0.000000  0.000000  0.000000 
 30.477328  -3.004222  23.286498  38.472768 0
 29.285044  -2.886696  22.375522  36.967963 
 0.000000  0.000000  0.000000  0.000000 
 3.432682  
 1.770680  1.697285  1.532688  1.296740   1.017901   0.729803   0.467195   0.261751   0.138250   0.111590   0.184984   0.349582   0.585530   0.864369   1.152467   1.415075   1.620519   1.744019 
 109.123627  
TUPLE  35.796818  
 11.244405  -39.747916  12.714924  43.220397 1
 6.863990  -24.984533  7.394491  26.945115 
 4.177149  -14.044427  5.090801  15.512220 
 37.609682  15.028246  -26.395924  48.343367 0
 37.358083  14.927711  -26.219342  48.020166 
 0.000000  0.000000  0.000000  0.000000 
 1.121158  
 0.710134  1.038242  1.361449  1.640772   1.842522   1.942364   1.928255   1.801898   1.578532   1.285100   0.956993   0.633785   0.354462   0.152712   0.052870   0.066979   0.193336   0.416702 
 106.369110  
TUPLE  33.402683  
 -85.497732  0.703387  322.326978  333.474194 0
 -94.603197  0.778298  356.654639  368.989053 
 0.000000  0.000000  0.000000  0.000000 
 -15.660707  32.494275  168.027833  171.856011 1
 -11.160690  23.053144  117.694618  120.449371 
 -3.746052  7.876729  42.243693  43.134946 
 4.396759  
 1.318895  0.995698  0.668282  0.376137   0.154500   0.030105   0.017955   0.119515   0.322536   0.602531   0.925728   1.253144   1.545289   1.766926   1.891321   1.903471   1.801911   1.598890 
 104.751305  
TUPLE  53.569981  
 80.443581  -82.733820  -122.017042  167.941101 1
 12.387008  -12.770707  -18.976645  26.012717 
 76.126553  -78.262847  -115.280967  158.776714 
 31.492140  4.981992  -100.872408  105.791388 1
 1.337983  0.215781  -4.629162  4.825493 
 30.575568  4.832878  -97.593071  102.384802 
 1.336556  
 1.371600  1.553130  1.674229  1.720291   1.685761   1.574803   1.400800   1.184740   0.952682   0.732617   0.551088   0.429989   0.383926   0.418457   0.529415   0.703418   0.919478   1.151535 
 106.951431  
TUPLE  31.800991  
 28.476698  50.034929  60.985164  83.866600 3
 28.199060  49.547104  60.390580  83.057684 
 0.000000  0.000000  0.000000  0.000000 
 25.968444  -27.703222  49.712267  62.555081 1
 22.272662  -24.276573  43.730383  54.752072 
 4.748683  -4.549889  7.997492  10.355172 
 5.364110  
 0.201077  0.045574  0.002352  0.076625   0.259433   0.528729   0.852029   1.190341   1.502858   1.751887   1.907390   1.950612   1.876339   1.693531   1.424236   1.100935   0.762623   0.450106 
 105.808884  
TUPLE  31.800991  
 34.840390  21.436193  -33.952801  53.161601 1
 14.797685  9.157137  -14.581726  22.703983 
 18.615660  11.401039  -17.980383  28.281423 
 21.885204  -33.401402  -169.625361  174.262385 0
 21.226889  -32.396676  -164.522972  169.020570 
 0.000000  0.000000  0.000000  0.000000 
 4.621717  
 0.850895  0.548020  0.304680  0.150226   0.103286   0.169523   0.340948   0.596884   0.906461   1.232340   1.535215   1.778555   1.933009   1.979949   1.913712   1.742287   1.486351   1.176774 
 103.442101  
TUPLE  35.796818  
 -4.785990  56.403801  -13.120231  58.107099 1
 -1.288075  13.247064  -3.366417  13.729388 
 -3.568210  43.985169  -9.946518  45.236917 
 46.966173  0.031839  72.240062  86.165242 1
 29.127017  0.037046  44.181381  52.918791 
 19.232851  -0.004262  30.202367  35.806476 
 4.766044  
 0.853080  0.580986  0.373500  0.255648   0.241644   0.333178   0.519209   0.777299   1.076319   1.380202   1.652295   1.859781   1.977633   1.991637   1.900103   1.714072   1.455982   1.156963 
 136.401917  
TUPLE  33.402683  
 -113.520247  6.819139  -55.268599  126.443526 0
 -110.872231  6.660073  -53.979383  123.494136 
 0.000000  0.000000  0.000000  0.000000 
 -50.556393  -12.242880  -94.724677  108.067578 1
 -2.506500  -0.618787  -4.579930  5.259342 
 -49.169258  -11.895166  -92.242038  105.203245 
 2.432743  
 1.238412  1.056332  0.837865  0.609363   0.398385   0.230380   0.125610   0.096712   0.147173   0.270905   0.452986   0.671452   0.899954   1.110932   1.278938   1.383708   1.412605   1.362144 
 111.737106  
TUPLE  35.796818  
 132.112439  78.843784  -115.484891  192.371513 3
 134.283231  80.139293  -117.382465  195.535453 
 0.000000  0.000000  0.000000  0.000000 
 15.530345  72.609560  -77.163009  107.086273 1
 3.380429  14.708757  -15.641330  21.735812 
 12.958786  61.682538  -65.540574  90.929922 
 1.078092  
 1.671343  1.871552  1.965913  1.943045   1.805704   1.570458   1.265680   0.928130   0.598523   0.316613   0.116404   0.022043   0.044911   0.182252   0.417498   0.722276   1.059826   1.389433 
 124.300568  
TUPLE  0.718627  
 -44.532194  -57.162432  -306.759549  315.201651 0
 -43.987095  -56.462732  -303.004640  311.343437 
 0.000000  0.000000  0.000000  0.000000 
 -31.441239  29.686586  -51.401145  67.170846 1
 -6.204186  6.166252  -10.169714  13.414811 
 -22.963497  21.373655  -37.514545  48.903115 
 3.371578  
 1.622444  1.513152  1.329083  1.092438   0.831762   0.578494   0.363183   0.211799   0.142601   0.163934   0.273226   0.457295   0.693940   0.954616   1.207884   1.423195   1.574579   1.643777 
 133.569565  
TUPLE  44.201973  
 -7.225376  89.088761  270.898055  285.262633 0
 -7.856363  96.868825  294.555407  310.174465 
 0.000000  0.000000  0.000000  0.000000 
 -26.608091  28.762837  34.987925  52.530431 1
 -2.982957  3.017927  3.875587  5.748527 
 -23.441996  25.546940  30.871523  46.424589 
 5.404228  
 0.680987  0.550903  0.419242  0.301884   0.212984   0.163266   0.158725   0.199909   0.281852   0.394669   0.524753   0.656415   0.773773   0.862672   0.912391   0.916932   0.875747   0.793804 
 120.251190  
TUPLE  35.796818  
 -82.014788  -38.002584  75.559845  117.813038 0
 -83.178791  -38.541940  76.632236  119.485194 
 0.000000  0.000000  0.000000  0.000000 
 -84.462974  -6.093378  11.064548  85.402268 1
 -45.146167  -2.712267  2.003436  45.272133 
 -40.401208  -3.460234  9.209591  41.582034 
 1.563524  
 1.426409  1.596021  1.750696  1.871776   1.944659   1.960552   1.917539   1.820808   1.682027   1.517934   1.348321   1.193646   1.072566   0.999684   0.983790   1.026803   1.123534   1.262315 
 114.804321  
TUPLE  36.744804  
 -122.283191  85.030806  -93.446521  175.828522 3
 -122.881260  85.446669  -93.903552  176.691681 
 0.000000  0.000000  0.000000  0.000000 
 -46.706626  -14.675450  -33.922115  59.561629 1
 -35.234050  -10.581334  -25.627716  44.835279 
 -9.479643  -3.467929  -6.846970  12.197925 
 0.322247  
 1.470880  1.348099  1.207108  1.064914   0.938666   0.843593   0.791162   0.787696   0.833614   0.923377   1.046158   1.187149   1.329343   1.455591   1.550664   1.603095   1.606561   1.560643 
 98.360519  
TUPLE  31.800991  
 79.563133  4.288928  100.214431  128.029759 1
 14.249300  0.875282  18.334861  23.237798 
 68.629778  3.592395  86.056193  110.130097 
 21.300639  -28.743630  16.222778  39.282210 1
 11.509031  -15.410357  8.284759  20.942627 
 11.677105  -15.877613  9.374034  21.825309 
 1.875001  
 0.066703  0.093344  0.127738  0.165737   0.202757   0.234334   0.256659   0.267039   0.264222   0.248547   0.221907   0.187513   0.149514   0.112493   0.080916   0.058592   0.048212   0.051029 
 115.219467  
TUPLE  31.800991  
 -46.276403  43.715881  98.586473  117.353638 0
 -45.642558  43.117107  97.236141  115.746337 
 0.000000  0.000000  0.000000  0.000000 
 35.580327  16.083073  5.404301  39.418668 1
 8.878423  3.691524  1.339601  9.709158 
 24.288434  11.300610  3.698117  27.043041 
 0.656679  
 0.668848  0.901051  1.117644  1.292502   1.404535   1.440230   1.395283   1.275113   1.094216   0.874410   0.642207   0.425615   0.250757   0.138723   0.103028   0.147976   0.268145   0.449042 
 134.979599  
TUPLE  0.028151  
 -47.791242  -68.890921  -127.274641  152.409960 1
 -40.914739  -59.221647  -109.127740  130.729118 
 -8.279562  -11.691790  -21.883458  26.156320 
 33.887165  -40.310944  -90.045528  104.314473 1
 1.623945  -2.015622  -4.357303  5.070059 
 32.852097  -38.995831  -87.253006  101.059588 
 3.088741  
 0.014146  0.006754  0.005174  0.009599   0.019493   0.033664   0.050403   0.067690   0.083440   0.095754   0.103147   0.104726   0.100302   0.090407   0.076236   0.059498   0.042211   0.026460 
 104.280197  
TUPLE  36.744804  
 81.111013  -17.535109  11.546181  83.784192 1
 33.120094  -6.907137  4.464767  34.126277 
 46.163309  -10.232867  6.821254  47.773532 
 33.422290  13.918416  -42.733512  56.008257 1
 13.827394  5.517958  -16.785351  22.436849 
 22.151386  9.465086  -29.216875  37.867080 
 0.134661  
 0.035791  0.003332  0.040268  0.142144   0.296672   0.485214   0.685029   0.872016   1.023621   1.121560   1.154019   1.117083   1.015207   0.860679   0.672137   0.472323   0.285336   0.133730 
 110.487823  
TUPLE  33.718788  
 -66.879020  48.405245  -31.739054  88.449074 0
 -68.244060  49.393224  -32.386866  90.254478 
 0.000000  0.000000  0.000000  0.000000 
 53.950726  52.586685  -11.192704  76.166376 1
 3.232244  3.419722  -0.539630  4.738415 
 51.170399  49.607455  -10.746830  72.075113 
 2.395620  
 0.121177  0.162646  0.205772  0.245351   0.276611   0.295780   0.300547   0.290337   0.266381   0.231569   0.190100   0.146974   0.107395   0.076135   0.056966   0.052199   0.062409   0.086365 
 142.879517  
TUPLE  36.744804  
 -28.816636  -93.225707  55.229196  112.123571 1
 -27.897251  -89.809201  53.187343  108.041020 
 -0.671530  -2.614656  1.566818  3.124183 
 31.594591  -4.891348  35.648907  47.885155 1
 20.429632  -3.467878  22.730080  30.758284 
 11.953278  -1.545514  13.808305  18.329129 
 3.706227  
 1.557055  1.589376  1.572002  1.507026   1.402287   1.270417   1.127323   0.990262   0.875767   0.797648   0.765326   0.782701   0.847677   0.952416   1.084285   1.227380   1.364441   1.478936 
 123.188492  
TUPLE  35.796818  
 -55.241642  69.326663  -156.359778  179.739271 3
 -54.692219  68.637168  -154.804664  177.954261 
 0.000000  0.000000  0.000000  0.000000 
 32.129626  2.213075  -126.051327  130.100529 1
 1.991601  0.253569  -7.614034  7.875517 
 31.812307  2.074830  -125.005840  129.007000 
 3.217531  
 1.089301  1.136358  1.114973  1.027725   0.885138   0.704410   0.507339   0.317695   0.158352   0.048529   0.001472   0.022857   0.110105   0.252692   0.433420   0.630491   0.820135   0.979478 
 129.523148  
TUPLE  31.800991  
 4.546832  -57.984818  89.877160  107.055204 1
 3.770192  -40.564577  63.157253  75.156885 
 2.030207  -33.407177  51.499830  61.419964 
 41.843343  29.674301  143.630618  152.516176 1
 8.371391  5.816374  29.077186  30.812540 
 32.692175  23.304931  111.876772  118.862646 
 1.967013  
 0.582193  0.714371  0.912596  1.152960   1.406469   1.642548   1.832722   1.954053   1.991907   1.941718   1.809539   1.611314   1.370951   1.117442   0.881363   0.691189   0.569858   0.532004 
 147.849442  
TUPLE  33.718788  
 -7.711150  41.264213  -57.687714  71.344723 1
 -5.181919  30.834415  -43.123206  53.265784 
 -2.533851  10.454531  -14.599088  18.134751 
 -34.383562  -18.874804  -12.246992  41.091074 2
 -10.652990  -5.354910  -3.810085  12.517887 
 -23.228722  -13.244398  -8.258153  27.986739 
 6.097523  
 1.264681  1.167308  1.025376  0.856004   0.679623   0.517505   0.389204   0.310196   0.290010   0.331080   0.428454   0.570386   0.739757   0.916139   1.078257   1.206558   1.285566   1.305752 
 125.894272  
TUPLE  35.796818  
 -64.865473  92.679055  388.539250  404.672319 1
 -18.988965  26.960007  113.629677  118.317986 
 -43.455083  62.259362  260.405468  271.248223 
 -43.383070  3.594312  80.053841  91.124241 1
 -2.769599  0.188425  5.066114  5.778510 
 -40.967298  3.435197  75.640631  86.090902 
 4.527144  
 1.872349  1.957261  1.968894  1.905845   1.775719   1.594210   1.383211   1.168173   0.975031   0.827081   0.742169   0.730536   0.793585   0.923712   1.105221   1.316219   1.531258   1.724400 
 97.469765  
TUPLE  35.796818  
 -98.129810  49.304879  -50.354059  120.813749 1
 -61.795076  31.053915  -31.584112  76.029946 
 -30.347770  15.242853  -15.697815  37.413518 
 -26.627305  -34.411465  3.988061  43.692870 1
 -6.347983  -7.951249  0.639105  10.195450 
 -20.859735  -27.210300  3.435886  34.457982 
 5.229811  
 0.880556  0.554504  0.283207  0.099387   0.025216   0.069639   0.227299   0.479179   0.794899   1.136379   1.462431   1.733728   1.917548   1.991719   1.947296   1.789636   1.537756   1.222036 
 139.214813  
TUPLE  33.402683  
 -31.587361  -40.985751  34.470121  62.175416 3
 -31.772598  -41.226105  34.672264  62.551232 
 0.000000  0.000000  0.000000  0.000000 
 49.496412  -10.293201  21.840488  55.071332 1
 33.086460  -6.683767  14.386898  36.693172 
 13.033275  -2.907226  5.963618  14.625361 
 2.702368  
 1.757586  1.837881  1.814261  1.689577   1.478867   1.207546   0.908339   0.617335   0.369633   0.195110   0.114816   0.138435   0.263119   0.473829   0.745150   1.044357   1.335361   1.583063 
 130.044373  
TUPLE  35.796818  
 -54.944273  100.684753  61.676568  130.231684 0
 -36.080684  66.117442  40.501633  85.520370 
 0.000000  0.000000  0.000000  0.000000 
 34.108768  30.608727  11.690828  47.296699 1
 12.323697  11.363032  4.545082  17.368629 
 21.734996  19.200759  7.128582  29.864931 
 5.695779  
 0.549559  0.564419  0.625242  0.724692   0.850774   0.988280   1.120626   1.231848   1.308531   1.341427   1.326567   1.265743   1.166293   1.040212   0.902705   0.770360   0.659138   0.582454 
 118.333298  
TUPLE  36.744804  
 76.575269  -49.675077  83.455999  123.678167 1
 49.076556  -31.862780  53.452146  79.252107 
 28.479624  -18.448624  31.072906  46.010699 
 65.703201  -3.082482  -5.078228  65.971211 2
 46.668059  -2.293526  -3.648117  46.866792 
 17.098762  -0.698110  -1.280448  17.162968 
 0.209255  
 0.721769  0.700458  0.746283  0.853717   1.009801   1.195710   1.389020   1.566416   1.706500   1.792376   1.813687   1.767862   1.660428   1.504344   1.318435   1.125125   0.947729   0.807645 
 130.443970  
TUPLE  35.796818  
 76.640511  -7.900135  56.713743  95.669372 0
 77.429914  -7.981507  57.297899  96.654874 
 0.000000  0.000000  0.000000  0.000000 
 -20.237324  34.800524  5.074953  40.575619 1
 -0.988645  1.599303  0.269322  1.904522 
 -20.760098  35.800283  5.184653  41.707802 
 5.059818  
 0.219266  0.254294  0.279093  0.290671   0.287632   0.270344   0.240890   0.202824   0.160737   0.119705   0.084677   0.059878   0.048300   0.051338   0.068627   0.098081   0.136147   0.178234 
 136.672363  
TUPLE  31.800991  
 -115.943584  -15.979329  0.234169  117.039773 0
 -108.316685  -14.928191  0.218765  109.340855 
 0.000000  0.000000  0.000000  0.000000 
 -27.637727  -68.355725  -47.997616  87.977953 0
 -28.034463  -69.336961  -48.686615  89.240973 
 0.000000  0.000000  0.000000  0.000000 
 2.349660  
 0.668010  0.617000  0.628882  0.702223   0.828176   0.991550   1.172639   1.349602   1.501093   1.608842   1.659852   1.647970   1.574629   1.448676   1.285302   1.104213   0.927250   0.775759 
 145.982941  
TUPLE  33.718788  
 -94.913484  52.036136  59.570069  123.551293 1
 -73.530231  39.802139  46.483683  95.664296 
 -21.173235  12.118868  12.954579  27.622675 
 1.340192  -33.253649  17.017377  37.379037 3
 1.329414  -32.986209  16.880516  37.099676 
 0.000000  0.000000  0.000000  0.000000 
 4.099316  
 1.138660  1.032484  0.944939  0.886584   0.864459   0.881231   0.934878   1.018930   1.123247   1.235249   1.341425   1.428970   1.487325   1.509450   1.492678   1.439031   1.354979   1.250662 
 136.662231  
TUPLE  33.718788  
 87.995371  -69.611958  183.231045  214.854895 1
 15.242580  -12.018829  31.958759  37.392115 
 68.800986  -54.466912  143.043518  167.814441 
 84.108815  -27.634841  40.519543  97.364319 1
 42.172547  -13.306656  20.198487  48.616758 
 41.825388  -14.291986  20.267688  48.625316 
 0.430169  
 1.868779  1.824173  1.709558  1.538758   1.332375   1.115300   0.913717   0.751940   0.649481   0.618697   0.663303   0.777918   0.948718   1.155101   1.372176   1.573759   1.735536   1.837996 
 125.707962  
TUPLE  33.718788  
 -88.152723  21.660848  105.277102  139.008501 1
 -58.140931  14.366718  69.120554  91.457317 
 -30.297578  7.364346  36.497850  48.003000 
 -26.733023  -25.096771  0.528838  36.671270 0
 -26.711908  -25.076949  0.528420  36.642572 
 0.000000  0.000000  0.000000  0.000000 
 4.234718  
 0.514383  0.299954  0.145617  0.069988   0.082188   0.180746   0.353775   0.580404   0.833300   1.081958   1.296387   1.450724   1.526353   1.514152   1.415594   1.242565   1.015936   0.763041 
 135.746506  
TUPLE  44.201973  
 -24.492147  117.296307  3.367962  119.873401 3
 -25.359785  121.451515  3.487272  124.124586 
 0.000000  0.000000  0.000000  0.000000 
 1.781341  39.028103  -62.638503  73.823764 1
 1.393943  32.373441  -51.867415  61.157428 
 0.325069  5.289083  -8.579387  10.084848 
 0.299314  
 0.981389  1.259117  1.526020  1.749907   1.903773   1.969060   1.937893   1.814032   1.612416   1.357362   1.079634   0.812731   0.588844   0.434978   0.369691   0.400858   0.524719   0.726336 
 126.626389  
TUPLE  35.796818  
 10.031744  76.416696  59.121662  97.136596 1
 8.378607  63.885086  49.770670  81.416487 
 3.923485  29.825904  22.730646  37.705156 
 47.935742  40.161192  -29.156562  68.998998 1
 2.392442  1.946034  -1.548001  3.453493 
 45.801684  38.431635  -27.765720  65.922213 
 3.968924  
 1.636044  1.679906  1.694845  1.679060   1.634453   1.566406   1.483125   1.394656   1.311670   1.244175   1.200312   1.185373   1.201159   1.245765   1.313813   1.397093   1.485562   1.568549 
 123.850487  
TUPLE  31.800991  
 -19.883876  -51.222447  -259.941903  265.685718 1
 -16.365943  -41.193757  -208.887320  213.538525 
 -3.507012  -10.000553  -50.911817  52.003284 
 -20.152070  -29.596528  -30.442559  46.997977 1
 -0.914560  -1.365261  -1.422724  2.178068 
 -20.350023  -29.865162  -30.700437  47.419262 
 4.937395  
 1.236059  1.382686  1.451852  1.435213   1.334776   1.162657   0.939614   0.692551   0.451266   0.244863   0.098235   0.029070   0.045709   0.146145   0.318265   0.541307   0.788371   1.029656 
 102.637917  
TUPLE  35.796818  
 -85.654035  -32.732020  371.136504  382.296094 3
 -91.297417  -34.888595  395.589156  407.485788 
 0.000000  0.000000  0.000000  0.000000 
 -51.580456  -2.779030  72.162262  88.744907 1
 -31.993718  -1.677656  44.599976  54.914387 
 -8.206706  -0.488241  11.641357  14.252292 
 5.695230  
 1.980327  1.947792  1.800597  1.556495   1.244928   0.903475   0.573322   0.294289   0.100032   0.013982   0.046516   0.193711   0.437814   0.749381   1.090833   1.420986   1.700019   1.894276 
 99.717171  
TUPLE  31.800991  
 -49.087248  47.953127  180.427295  193.036446 1
 -43.008700  42.204914  158.397662  169.472245 
 -5.684037  5.362820  20.579553  22.013731 
 29.675979  36.955189  255.149085  259.513787 2
 10.485192  13.056618  90.492614  92.029056 
 20.417561  25.426261  175.204084  178.216869 
 5.396906  
 1.261744  1.196365  1.156330  1.146468   1.167968   1.218237   1.291212   1.378090   1.468394   1.551231   1.616610   1.656645   1.666507   1.645007   1.594738   1.521764   1.434885   1.344581 
 107.713554  
TUPLE  33.402683  
 84.402679  -59.095733  -262.544100  282.038158 2
 40.676428  -28.290568  -125.557603  134.980217 
 37.531863  -26.468080  -117.718171  126.359964 
 69.855664  -38.000334  -94.568768  123.560071 1
 34.191410  -18.811986  -46.595265  60.778957 
 38.311920  -20.628635  -51.557848  67.465352 
 1.945516  
 1.226626  1.545515  1.798891  1.956192   1.998447   1.920559   1.731922   1.455288   1.124024   0.778086   0.459197   0.205821   0.048519   0.006264   0.084153   0.272790   0.549423   0.880687 
 113.606987  
TUPLE  36.744804  
 -15.392648  -41.873188  34.451426  56.366641 1
 -7.980017  -21.813513  18.200097  29.508864 
 -3.942554  -10.619897  8.484694  14.153946 
 34.429829  3.149555  78.922941  86.163586 2
 11.878712  1.404872  27.623204  30.102132 
 23.528895  1.834128  53.541082  58.512335 
 1.287828  
 1.150704  1.204933  1.187074  1.099283   0.952148   0.763415   0.555849   0.354484   0.183610   0.063835   0.009606   0.027465   0.115256   0.262391   0.451124   0.658690   0.860054   1.030929 
 127.939201  
TUPLE  35.796818  
 -59.594854  -39.888064  74.624734  103.496160 1
 -32.130012  -21.737046  40.652478  56.191461 
 -31.079373  -20.570304  38.498378  53.583656 
 -36.438133  6.497558  195.260369  198.737433 1
 -22.354102  4.443194  119.267613  121.425824 
 -15.085952  2.233024  81.361705  82.778726 
 3.165182  
 0.769254  0.896830  1.061713  1.244015   1.421749   1.573477   1.680899   1.731058   1.717903   1.643022   1.515447   1.350564   1.168261   0.990527   0.838799   0.731377   0.681219   0.694373 
 116.213570  
TUPLE  33.402683  
 -59.045116  -31.125883  332.943885  339.568515 1
 -23.819478  -12.310444  132.282103  134.972178 
 -32.732257  -17.501049  186.602130  190.257879 
 31.040506  -22.908461  48.535854  62.000321 1
 7.213495  -5.640800  11.217915  14.481513 
 28.025192  -20.365994  43.882337  55.909416 
 5.385139  
 1.302129  1.044764  0.792140  0.574728   0.418751   0.343022   0.356674   0.458062   0.634957   0.866021   1.123387   1.376010   1.593423   1.749400   1.825129   1.811476   1.710088   1.533194 
 153.331161  
TUPLE  31.800991  
 83.465189  -111.147151  4.155880  139.058974 1
 25.610952  -33.501745  1.189416  42.186752 
 57.545819  -77.234703  2.951107  96.361029 
 -27.021850  -47.315861  37.323796  66.045718 3
 -26.776609  -46.886444  36.985061  65.459324 
 0.000000  0.000000  0.000000  0.000000 
 0.863567  
 0.337684  0.153626  0.056638  0.058419   0.158753   0.345539   0.596247   0.880639   1.164412   1.413340   1.597398   1.694386   1.692605   1.592271   1.405485   1.154777   0.870385   0.586612 
 134.631668  
TUPLE  35.796818  
 -33.833590  -64.592701  29.065319  78.496634 1
 -15.333828  -28.471703  12.774982  34.770445 
 -16.678091  -32.643206  14.725405  39.504347 
 38.044092  6.149304  -6.727818  39.120716 1
 7.126645  1.400772  -1.384141  7.395036 
 31.341674  4.817102  -5.418699  32.169637 
 0.122109  
 0.602651  0.669500  0.812160  1.013423   1.249014   1.490517   1.708805   1.877547   1.976391   1.993415   1.926566   1.783907   1.582644   1.347053   1.105549   0.887262   0.718520   0.619676 
 131.624771  
TUPLE  33.402683  
 -107.446784  -51.313243  -159.608811  199.130190 1
 -19.324696  -9.428284  -28.621018  35.798304 
 -88.378524  -42.007422  -131.368715  163.808255 
 -50.704571  30.464056  -139.374176  151.407309 1
 -18.186614  10.774719  -49.925360  54.216313 
 -32.715371  19.807951  -89.991459  97.781038 
 2.547257  
 1.666246  1.550251  1.377480  1.168772   0.949300   0.745535   0.582054   0.478577   0.447583   0.492811   0.608805   0.781576   0.990285   1.209757   1.413522   1.577002   1.680480   1.711474 
 122.595901  
TUPLE  31.355324  
 -25.424004  47.154519  -53.431475  75.662746 1
 -10.106120  18.556432  -21.258078  29.973325 
 -16.471227  30.737214  -34.597277  49.122983 
 -41.190694  1.176631  -4.521702  41.454837 1
 -29.969035  0.900689  -3.598484  30.198060 
 -11.689356  0.289305  -0.974559  11.734254 
 2.454065  
 0.938120  0.679519  0.465965  0.323215   0.268488   0.308385   0.438093   0.641967   0.895418   1.167876   1.426477   1.640032   1.782781   1.837508   1.797611   1.667903   1.464029   1.210578 
 123.753250  
TUPLE  35.796818  
 -31.123643  29.182810  1.363626  42.686966 1
 -17.826245  16.892272  1.093340  24.583302 
 -12.968557  11.982203  0.255878  17.659003 
 21.949731  28.205158  28.331005  45.606660 1
 15.489498  19.266727  18.976482  31.165007 
 11.240583  15.081128  15.524628  24.389002 
 3.566399  
 0.874880  0.598038  0.383410  0.256884   0.233722   0.316716   0.495856   0.749536   1.047157   1.352823   1.629666   1.844293   1.970819   1.993982   1.910988   1.731848   1.478168   1.180546 
 97.534996  
TUPLE  31.800991  
 61.380201  85.088172  52.310717  117.234539 2
 29.529550  40.794572  24.999887  56.224596 
 37.055942  51.509419  31.746987  70.952851 
 37.784874  5.765216  85.232384  93.410352 1
 15.620424  2.300216  35.235830  38.611809 
 22.518387  3.519013  50.794940  55.674100 
 5.588290  
 0.355131  0.227226  0.175859  0.207226   0.317543   0.493505   0.713887   0.952108   1.179436   1.368452   1.496356   1.547723   1.516356   1.406039   1.230078   1.009696   0.771474   0.544146 
 104.806511  
TUPLE  33.402683  
 -60.727388  -42.528682  279.231100  288.905714 1
 -10.984581  -7.569331  49.171188  50.948808 
 -50.537317  -35.515764  233.713207  241.738022 
 -13.394915  36.671894  89.623387  97.757880 1
 -9.140731  24.332837  58.639647  64.142556 
 -5.004085  14.392102  36.001234  39.093229 
 2.973650  
 1.909550  1.995794  1.965541  1.822439   1.583750   1.278262   0.942822   0.617888   0.342653   0.150314   0.064070   0.094323   0.237425   0.476114   0.781602   1.117042   1.441976   1.717211 
 119.556946  
TUPLE  33.402683  
 44.155428  37.441628  19.765854  61.174065 0
 42.374997  35.931910  18.968857  58.707577 
 0.000000  0.000000  0.000000  0.000000 
 38.619326  19.672369  -61.905354  75.569354 1
 15.127096  7.894863  -24.217732  29.625596 
 28.669996  14.415019  -45.987388  56.076908 
 5.577516  
 1.188590  1.380380  1.568194  1.729379   1.844493   1.899651   1.888201   1.811524   1.678869   1.506234   1.314444   1.126630   0.965445   0.850331   0.795173   0.806623   0.883300   1.015955 
 115.185501  
TUPLE  33.718788  
 49.815415  81.901603  -88.937547  130.764427 0
 43.905244  72.184682  -78.385872  115.250436 
 0.000000  0.000000  0.000000  0.000000 
 23.470625  -25.717921  -20.417124  40.362614 1
 4.485738  -4.657654  -3.530709  7.368919 
 20.350142  -22.556245  -18.074053  35.349711 
 0.405021  
 1.421904  1.297825  1.112661  0.888745   0.653085   0.434105   0.258218   0.146637   0.112822   0.160850   0.284929   0.470094   0.694009   0.929669   1.148649   1.324536   1.436117   1.469933 
 127.730675  
TUPLE  0.874500  
 40.149651  47.027639  27.352118  67.614582 1
 4.170714  5.237926  3.096147  7.378098 
 36.523225  42.427245  24.626769  61.159734 
 14.542989  -27.927336  -10.877792  33.313075 0
 13.891338  -26.675951  -10.390373  31.820669 
 0.000000  0.000000  0.000000  0.000000 
 1.550848  
 0.948160  1.215623  1.456084  1.640539   1.746741   1.761880   1.684130   1.522869   1.297547   1.035343   0.767880   0.527419   0.342964   0.236763   0.221624   0.299373   0.460634   0.685956 
 112.799065  
TUPLE  35.796818  
 -50.511138  55.461323  108.884912  132.224270 1
 -33.996583  37.336017  72.969052  88.736959 
 -17.356199  19.049428  37.730151  45.691365 
 12.131087  49.136414  32.715061  60.264630 0
 12.111055  49.055276  32.661039  60.165278 
 0.000000  0.000000  0.000000  0.000000 
 2.519345  
 1.398197  1.514032  1.608062  1.668945   1.689339   1.666783   1.603999   1.508558   1.391972   1.268303   1.152469   1.058439   0.997555   0.977161   0.999717   1.062502   1.157943   1.274529 
 112.358063  
TUPLE  36.744804  
 22.071479  -55.370584  64.617295  87.911584 1
 11.973406  -30.375777  34.497859  47.499180 
 11.595693  -28.751871  34.503919  46.386085 
 25.018184  32.092829  50.148590  64.581269 0
 23.721070  30.428917  47.548543  61.233092 
 0.000000  0.000000  0.000000  0.000000 
 5.926003  
 0.286818  0.563940  0.891839  1.230966   1.540417   1.782869   1.929076   1.961406   1.875958   1.683039   1.405917   1.078018   0.738891   0.429440   0.186989   0.040781   0.008451   0.093899 
 121.327095  
TUPLE  0.305674  
 -59.689950  -46.959976  -3.774903  76.041958 1
 -30.937655  -24.855129  -1.694844  39.721631 
 -28.445770  -21.863694  -2.060673  35.936716 
 -29.686462  -31.457256  -61.349215  75.063781 0
 -30.091926  -31.886905  -62.187135  76.089145 
 0.000000  0.000000  0.000000  0.000000 
 4.344157  
 0.723729  0.957992  1.177854  1.356797   1.473237   1.513131   1.471666   1.353843   1.173874   0.953466   0.719204   0.499341   0.320399   0.203958   0.164065   0.205530   0.323353   0.503321 
 113.992706  
TUPLE  31.699320  
 -78.003106  6.199980  123.980302  146.608457 2
 -13.891653  1.245646  22.387080  26.376703 
 -75.496676  5.859277  119.689218  141.632133 
 -22.808581  -28.615835  208.967848  212.147729 1
 -15.866968  -19.812039  145.673604  147.868509 
 -5.738421  -7.294268  52.270843  53.088559 
 2.760245  
 1.498013  1.470470  1.443526  1.420429   1.403966   1.396122   1.397844   1.408923   1.428024   1.452842   1.480385   1.507329   1.530426   1.546889   1.554733   1.553011   1.541932   1.522831 
 102.872520  
TUPLE  33.402683  
 60.955898  -94.824187  262.190931  285.396798 0
 63.330168  -98.517649  272.403433  296.513216 
 0.000000  0.000000  0.000000  0.000000 
 49.970117  6.662479  91.117667  104.133715 1
 40.702506  5.330418  74.277593  84.866293 
 4.627399  0.713385  8.378907  9.599273 
 2.791962  
 1.497789  1.714360  1.840619  1.861337   1.774017   1.589190   1.329149   1.025259   0.714173   0.433413   0.216843   0.090584   0.069865   0.157185   0.342012   0.602053   0.905943   1.217029 
 118.858078  
TUPLE  31.355324  
 -61.118585  80.026333  -30.445637  105.198062 1
 -13.147407  17.080765  -6.696779  22.571512 
 -48.119670  63.140016  -23.822832  82.883713 
 19.081820  91.249286  -27.166860  97.100908 3
 18.877017  90.269930  -26.875283  96.062222 
 0.000000  0.000000  0.000000  0.000000 
 0.896427  
 1.946152  1.842160  1.653910  1.404109   1.122885   0.844158   0.601548   0.424316   0.333840   0.341031   0.445023   0.633273   0.883075   1.164299   1.443025   1.685635   1.862867   1.953344 
 122.587769  
TUPLE  31.800991  
 59.586395  -46.088967  -43.659760  87.068398 1
 8.811537  -7.110511  -6.317528  12.966618 
 52.801217  -40.545808  -38.826975  77.068043 
 23.860837  38.551614  -25.563050  52.048400 2
 12.645793  20.600788  -13.750344  27.810070 
 8.555430  13.653727  -8.963356  18.440018 
 1.517088  
 1.325244  1.084841  0.860244  0.678542   0.561652   0.523672   0.569184   0.692697   0.879315   1.106528   1.346931   1.571529   1.753230   1.870120   1.908100   1.862588   1.739075   1.552457 
 131.023438  
TUPLE  35.796818  
 17.185594  -71.542443  18.618264  75.896676 1
 10.106799  -43.293632  11.121729  45.827921 
 5.629977  -22.217474  5.926934  23.674027 
 54.999600  -21.120870  8.972726  59.594941 2
 24.494119  -8.726389  4.064521  26.318274 
 31.798407  -12.890989  5.119135  34.692863 
 3.905515  
 0.580325  0.902435  1.238865  1.549036   1.795537   1.948637   1.989868   1.914259   1.730929   1.461989   1.139879   0.803449   0.493278   0.246777   0.093677   0.052446   0.128055   0.311386 
 127.258751  
TUPLE  33.402683  
 -42.191750  6.745359  -24.541065  49.273801 1
 -33.334216  5.225734  -19.747834  39.095712 
 -8.446667  1.453940  -4.554247  9.706673 
 -19.806548  28.947356  6.245369  35.626583 0
 -19.950135  29.157208  6.290644  35.885127 
 0.000000  0.000000  0.000000  0.000000 
 4.756293  
 0.653058  0.797256  0.922991  1.015098   1.062467   1.059384   1.006222   0.909392   0.780574   0.635305   0.491107   0.365372   0.273265   0.225896   0.228979   0.282141   0.378971   0.507789 
 92.976936  
TUPLE  33.718788  
 44.721718  3.078406  38.311470  58.968444 1
 36.353700  2.837664  30.852595  47.765531 
 8.844790  0.273561  7.867309  11.841365 
 -15.646318  41.315989  29.958408  53.379064 2
 -3.605739  10.220661  7.226618  13.027154 
 -14.616120  37.896353  27.663246  49.143591 
 3.031584  
 1.319092  1.530806  1.663823  1.702098   1.641016   1.487943   1.261342   0.988545   0.702455   0.437579   0.225865   0.092848   0.054573   0.115656   0.268729   0.495329   0.768126   1.054216 
 99.042000  
TUPLE  33.402683  
 32.181074  56.871153  -60.961564  89.365888 1
 5.794572  10.989593  -11.510323  16.936802 
 26.083448  45.345999  -48.877161  71.593302 
 32.965731  -3.985402  9.580491  34.560218 1
 14.817302  -1.825925  4.065974  15.473786 
 16.961355  -2.015965  5.169530  17.846399 
 2.861922  
 1.949168  1.989388  1.950191  1.836304   1.661464   1.446759   1.218086   1.003025   0.827517   0.712731   0.672510   0.711707   0.825594   1.000434   1.215139   1.443812   1.658873   1.834381 
 123.187782  
TUPLE  36.744804  
 55.112907  47.455864  108.713372  130.797893 0
 54.061373  46.550424  106.639160  128.302393 
 0.000000  0.000000  0.000000  0.000000 
 24.477264  -31.577599  60.576062  72.565422 1
 10.813621  -14.634389  27.020449  32.576431 
 14.114598  -17.524977  34.671635  41.333850 
 4.412534  
 1.385037  1.593604  1.717461  1.741669   1.663309   1.491832   1.247921   0.960994   0.665660   0.397539   0.188972   0.065115   0.040907   0.119267   0.290744   0.534656   0.821582   1.116917 
 110.016960  
TUPLE  1.274791  
 -88.847675  -98.673340  -46.209216  140.590288 3
 -88.712080  -98.522762  -46.138699  140.379424 
 0.000000  0.000000  0.000000  0.000000 
 -51.190094  11.633199  10.834357  53.601682 1
 -18.912377  3.940224  4.039996  19.736880 
 -26.114624  6.292382  5.489945  27.417611 
 3.703515  
 1.670519  1.392096  1.075187  0.758017   0.478842   0.271332   0.160519   0.159766   0.269166   0.475522   0.753945   1.070854   1.388024   1.667200   1.874709   1.985523   1.986275   1.876876 
 120.214272  
TUPLE  33.402683  
 7.766327  65.947641  -79.063295  103.249270 1
 1.721026  12.438818  -15.135110  19.666651 
 6.072238  53.737544  -64.202388  83.943794 
 -41.649293  -1.847794  -10.746478  43.053045 1
 -37.516117  -1.590402  -9.554764  38.746631 
 -3.013452  -0.207719  -0.902799  3.155520 
 5.145585  
 0.010374  0.016449  0.107946  0.273828   0.494088   0.742159   0.988119   1.202303   1.358877   1.438955   1.432880   1.341383   1.175501   0.955241   0.707170   0.461210   0.247026   0.090452 
 119.892296  
TUPLE  31.355324  
 46.002215  -21.860592  21.253886  55.188921 0
 46.295986  -22.000194  21.389613  55.541533 
 0.000000  0.000000  0.000000  0.000000 
 -22.757590  -34.333168  7.106502  41.799243 0
 -22.520801  -33.975938  7.032560  41.364565 
 0.000000  0.000000  0.000000  0.000000 
 3.289468  
 0.466033  0.334610  0.297249  0.358457   0.510851   0.736051   1.006893   1.290711   1.553272   1.762907   1.894330   1.931691   1.870483   1.718089   1.492889   1.222047   0.938229   0.675668 
 127.089272  
TUPLE  33.402683  
 -17.950911  -56.803436  37.684989  70.491304 1
 -16.274243  -51.335674  33.744665  63.552532 
 -1.509290  -4.938102  3.588936  6.289792 
 -25.469685  18.736286  8.005103  32.616482 1
 -7.279747  5.547371  2.394571  9.461580 
 -21.593438  15.692631  6.680248  27.516889 
 0.682928  
 0.777080  1.072649  1.373094  1.642178   1.847444   1.964136   1.978177   1.887874   1.704120   1.449077   1.153508   0.853063   0.583979   0.378712   0.262021   0.247980   0.338283   0.522037 
 108.190643  
TUPLE  36.744804  
 12.709153  -189.657118  518.894032  552.614116 1
 7.619413  -106.819913  292.606750  311.588316 
 5.284522  -85.743800  234.239605  249.495764 
 38.084480  -9.319139  103.807198  110.964897 2
 6.616633  -1.296873  18.075292  19.292417 
 35.052694  -8.899466  95.503154  102.124677 
 0.482379  
 0.425805  0.625328  0.885030  1.173588   1.456196   1.698769   1.872048   1.955133   1.938004   1.822726   1.623203   1.363501   1.074944   0.792336   0.549763   0.376484   0.293398   0.310527 
 118.607391  
TUPLE  36.744804  
 46.575385  14.031376  110.283682  120.534794 1
 27.988430  8.454409  66.487006  72.631747 
 17.683829  5.304889  41.658199  45.566253 
 -4.868690  -38.647434  23.258789  45.368486 0
 -4.739245  -37.619903  22.640401  44.162481 
 0.000000  0.000000  0.000000  0.000000 
 4.899146  
 1.524523  1.455675  1.388937  1.332360   1.292767   1.274934   1.281012   1.310267   1.359172   1.421827   1.490676   1.557413   1.613991   1.653584   1.671417   1.665339   1.636083   1.587179 
 149.873367  
TUPLE  31.800991  
 -5.388930  -55.360995  65.311638  85.787472 0
 -4.976282  -51.121821  60.310510  79.218565 
 0.000000  0.000000  0.000000  0.000000 
 34.286908  4.731106  75.638192  83.181197 0
 34.603869  4.774842  76.337421  83.950273 
 0.000000  0.000000  0.000000  0.000000 
 0.054724  
 0.107436  0.183350  0.360056  0.616241   0.921005   1.237590   1.527810   1.756660   1.896538   1.930573   1.854659   1.677953   1.421768   1.117003   0.800419   0.510199   0.281349   0.141470 
 113.017273  
TUPLE  33.402683  
 -19.015904  -72.425339  115.520808  137.666595 1
 -0.808064  -3.877342  6.189326  7.349421 
 -19.552863  -73.670762  117.502465  140.059070 
 -59.537413  -10.079538  35.036253  69.812890 1
 -22.469795  -4.159539  13.401171  26.491590 
 -33.754478  -5.359095  19.685385  39.441314 
 2.770804  
 1.876239  1.845507  1.754328  1.613699   1.440584   1.255861   1.081812   0.939429   0.845885   0.812464   0.843196   0.934376   1.075004   1.248119   1.432842   1.606891   1.749274   1.842818 
 113.847687  
TUPLE  0.718627  
 66.947872  -38.639664  -191.239845  206.270985 3
 65.225537  -37.645602  -186.319906  200.965781 
 0.000000  0.000000  0.000000  0.000000 
 -15.190894  -36.067350  -45.124840  59.731635 1
 -3.538399  -9.374490  -11.538210  15.282379 
 -12.273119  -28.166392  -35.430207  46.896619 
 0.848727  
 1.282021  1.569736  1.785750  1.904009   1.910248   1.803715   1.597260   1.315784   0.993237   0.668523   0.380808   0.164794   0.046535   0.040296   0.146829   0.353284   0.634760   0.957307 
 123.616013  
TUPLE  33.718788  
 -94.591709  -5.805741  -33.310218  100.453316 3
 -96.170214  -5.902626  -33.866084  102.136554 
 0.000000  0.000000  0.000000  0.000000 
 -35.998494  -28.335402  18.476386  49.398011 1
 -16.937829  -13.873356  8.470335  23.476075 
 -18.857767  -14.302343  9.901915  25.656159 
 4.628852  
 1.947310  1.983955  1.915307  1.749644   1.506949   1.216493   0.913311   0.633970   0.412162   0.274642   0.237996   0.306645   0.472307   0.715003   1.005458   1.308641   1.587982   1.809790 
 112.145905  
TUPLE  35.796818  
 -110.292297  -84.271404  -31.623926  142.359169 1
 -74.987930  -57.355482  -21.791673  96.890337 
 -29.927845  -22.807885  -8.290655  38.530880 
 -77.953196  0.670370  -57.167183  96.670766 1
 -2.458263  0.048016  -1.758572  3.026123 
 -82.990726  0.686803  -60.905680  102.943928 
 6.124242  
 0.859968  0.762167  0.632008  0.485192   0.339426   0.212291   0.119123   0.071158   0.074182   0.127830   0.225632   0.355790   0.502607   0.648373   0.775508   0.868676   0.916641   0.913617 
 139.169632  
TUPLE  36.744804  
 12.627399  88.356217  -22.358131  92.011729 1
 0.902990  7.294403  -1.918995  7.597744 
 11.788790  81.512313  -20.553132  84.886289 
 -32.446603  7.696219  -1.838074  33.397490 0
 -31.270919  7.417350  -1.771473  32.187654 
 0.000000  0.000000  0.000000  0.000000 
 1.341974  
 0.329507  0.300179  0.270737  0.244732   0.225300   0.214786   0.214457   0.224354   0.243282   0.268959   0.298287   0.327729   0.353734   0.373166   0.383680   0.384008   0.374112   0.355184 
 113.083466  
TUPLE  33.402683  
 -13.801521  69.714663  -192.305669  205.017283 2
 -7.600532  38.586783  -107.219411  114.204770 
 -6.395296  32.109354  -87.793624  93.700073 
 -39.212187  43.207442  -100.099242  115.863441 1
 -6.070763  6.758796  -15.980232  18.382676 
 -34.771447  38.244744  -88.280064  102.299080 
 1.536983  
 1.216125  0.962176  0.688005  0.426681   0.209724   0.063301   0.005074   0.042065   0.169813   0.372910   0.626859   0.901030   1.162354   1.379311   1.525734   1.583961   1.546970   1.419222 
 112.894424  
TUPLE  31.800991  
 39.528101  111.663954  166.255948  204.138066 0
 38.724980  109.395198  162.878008  199.990496 
 0.000000  0.000000  0.000000  0.000000 
 64.006234  17.638811  63.306183  91.736571 0
 61.769956  17.022538  61.094363  88.531548 
 0.000000  0.000000  0.000000  0.000000 
 2.909825  
 1.682876  1.679762  1.595384  1.439918   1.232117   0.997044   0.763052   0.558364   0.407669   0.329143   0.332257   0.416635   0.572100   0.779902   1.014975   1.248967   1.453654   1.604349 
 100.807198  
TUPLE  31.800991  
 -51.470978  1.286233  24.674876  57.094356 0
 -49.718478  1.242439  23.834739  55.150567 
 0.000000  0.000000  0.000000  0.000000 
 -26.790603  38.801655  3.548416  47.285263 0
 -26.771518  38.774013  3.545889  47.251784 
 0.000000  0.000000  0.000000  0.000000 
 4.697450  
 1.065904  0.900105  0.791709  0.753789   0.790919   0.898621   1.063904   1.266833   1.482931   1.686135   1.851933   1.960330   1.998250   1.961119   1.853418   1.688134   1.485205   1.269107 
 119.822403  
TUPLE  33.402683  
 68.939810  73.251771  -152.533234  182.715372 1
 11.936873  12.892677  -26.967479  32.186557 
 58.374181  61.816109  -128.599705  154.164453 
 14.550523  61.694966  -20.790203  66.709962 3
 14.796675  62.738675  -21.141916  67.845497 
 0.000000  0.000000  0.000000  0.000000 
 0.488560  
 1.555453  1.379654  1.208157  1.061648   0.957797   0.909131   0.921518   0.993466   1.116296   1.275193   1.450992   1.622489   1.768998   1.872849   1.921515   1.909128   1.837180   1.714350 
 111.557777  
TUPLE  33.718788  
 -37.920776  13.988544  -4.711593  40.692305 3
 -37.949586  13.999177  -4.715173  40.736120 
 0.000000  0.000000  0.000000  0.000000 
 -0.532596  -33.573979  3.700445  33.781489 1
 0.213957  -14.964061  1.760666  15.069450 
 -0.795980  -21.725609  2.283183  21.860165 
 1.117982  
 0.947834  1.145007  1.367083  1.587277   1.779030   1.919215   1.990922   1.985503   1.903612   1.755125   1.557952   1.335876   1.115682   0.923929   0.783744   0.712037   0.717456   0.799347 
 133.663254  
TUPLE  33.718788  
 12.010486  62.886300  111.458344  128.537547 1
 5.999463  30.791077  54.961503  63.284045 
 6.200118  33.085384  58.251744  67.278288 
 34.171536  -29.316896  47.147724  65.192655 1
 6.600283  -5.494452  9.200099  12.586264 
 32.149405  -27.750193  44.264269  61.343306 
 5.911433  
 0.972361  0.806926  0.620250  0.434848   0.273084   0.154467   0.093305   0.096975   0.165035   0.289274   0.454709   0.641385   0.826787   0.988552   1.107169   1.168330   1.164660   1.096601 
 121.445480  
TUPLE  33.718788  
 -27.031122  -55.959361  -71.411318  94.666298 3
 -26.476767  -54.811735  -69.946802  92.734023 
 0.000000  0.000000  0.000000  0.000000 
 -32.086415  26.470271  -24.199340  48.122981 1
 -17.757360  15.036407  -13.737226  27.021255 
 -14.991978  11.980756  -10.962087  22.101663 
 5.334391  
 0.853637  0.978699  1.123138  1.269532   1.400225   1.499452   1.555246   1.560876   1.515664   1.425063   1.300001   1.155562   1.009167   0.878475   0.779248   0.723454   0.717824   0.763036 
 112.989395  
TUPLE  33.718788  
 13.368525  69.064880  105.263617  126.606098 1
 3.821830  18.776702  28.349506  34.218196 
 9.786459  51.526862  78.802025  94.660286 
 36.069999  38.063910  155.272246  163.888305 1
 24.185371  25.827898  104.716413  110.533068 
 11.756714  12.101026  50.005195  52.774927 
 5.437273  
 0.638188  0.436582  0.319970  0.302416   0.386037   0.560748   0.805476   1.090702   1.382026   1.644307   1.845913   1.962525   1.980079   1.896458   1.721747   1.477019   1.191793   0.900469 
 90.138092  
TUPLE  33.718788  
 46.784277  21.726253  -28.029996  58.706723 1
 23.341613  10.802091  -14.132340  29.347208 
 22.346514  10.415118  -13.240916  27.985379 
 28.764908  -18.454987  -59.839232  68.911103 1
 2.857231  -2.023973  -5.880686  6.845596 
 26.215825  -16.628716  -54.599581  62.808567 
 5.776525  
 1.297601  1.401319  1.527407  1.660659   1.785001   1.885436   1.949850   1.970474   1.944820   1.875983   1.772265   1.646176   1.512924   1.388583   1.288148   1.223734   1.203110   1.228763 
 118.886131  
TUPLE  44.201973  
 -123.812455  29.433608  528.902160  543.997570 2
 -10.338544  2.707650  44.329634  45.599921 
 -113.445557  26.719224  484.451467  498.274130 
 6.680462  -33.315613  128.533745  132.949172 1
 2.826273  -15.660034  61.230906  63.265060 
 5.824098  -27.479552  105.204331  108.889923 
 2.569650  
 1.158730  1.346691  1.480681  1.544539   1.530563   1.440438   1.285035   1.083097   0.858982   0.639722   0.451761   0.317771   0.253913   0.267889   0.358014   0.513417   0.715354   0.939469 
 132.142700  
TUPLE  35.796818  
 -133.384363  114.273452  589.786292  615.384173 1
 -26.260785  22.418629  115.654823  120.699136 
 -105.122180  90.140193  465.281900  485.451534 
 -30.861474  -10.339590  114.162789  118.711752 1
 -11.291867  -3.864317  41.790690  43.461713 
 -17.548172  -5.798027  64.894406  67.474866 
 1.874773  
 1.719995  1.451173  1.132122  0.801324   0.498676   0.260685   0.116053   0.082227   0.163287   0.349454   0.618275   0.937327   1.268125   1.570772   1.808764   1.953395   1.987221   1.906162 
 111.880608  
TUPLE  31.800991  
 -21.472408  37.859408  47.786832  64.637299 3
 -20.267747  35.735385  45.105851  61.017569 
 0.000000  0.000000  0.000000  0.000000 
 24.210461  20.702262  42.886093  53.422346 1
 18.903231  16.603782  34.038572  42.328024 
 3.833242  2.838079  6.236517  7.852439 
 3.155444  
 0.650722  0.740238  0.891450  1.086122   1.300771   1.509509   1.687159   1.812293   1.869819   1.852797   1.763282   1.612069   1.417398   1.202749   0.994010   0.816361   0.691226   0.633701 
 109.270119  
TUPLE  33.402683  
 -25.774703  -42.921552  -20.314076  54.030146 1
 -11.404528  -18.973366  -8.657213  23.770122 
 -14.442138  -24.068018  -11.713577  30.414979 
 25.736170  -41.344206  4.582994  48.915209 1
 6.948162  -11.317922  1.535724  13.369751 
 18.219283  -29.112470  2.945648  34.469889 
 5.834315  
 1.335532  1.065759  0.783729  0.523456   0.316335   0.187347   0.152049   0.214700   0.367742   0.592717   0.862490   1.144520   1.404793   1.611914   1.740902   1.776200   1.713549   1.560507 
 104.573364  
TUPLE  31.355324  
 -0.251195  72.567573  61.923820  95.397459 1
 -0.527349  44.759632  38.109666  58.788340 
 0.288238  24.316450  20.834771  32.023097 
 -49.077144  -9.430220  27.542115  57.061925 2
 -29.648408  -6.022136  16.490031  34.456274 
 -20.357528  -3.586553  11.573323  23.706897 
 2.718185  
 1.829932  1.828146  1.765007  1.648132   1.491617   1.314340   1.137683   0.982955   0.868816   0.809034   0.810821   0.873959   0.990834   1.147349   1.324626   1.501283   1.656012   1.770150 
 134.109055  
TUPLE  35.796818  
 -88.475083  -78.156014  -98.115542  153.501995 0
 -82.520397  -72.895838  -91.512019  143.170835 
 0.000000  0.000000  0.000000  0.000000 
 -21.207956  21.327104  -35.228258  46.321193 1
 -0.774684  0.932904  -1.264351  1.757416 
 -21.343103  21.309148  -35.475219  46.563046 
 3.874229  
 0.286821  0.274322  0.354256  0.516982   0.742872   1.004683   1.270834   1.509224   1.691100   1.794525   1.807025   1.727091   1.564365   1.338474   1.076664   0.810513   0.572123   0.390247 
 122.839401  
TUPLE  33.718788  
 44.743496  -75.813356  -115.201485  144.986302 1
 17.444030  -29.292439  -44.589938  56.130413 
 25.819516  -44.013297  -66.801114  84.060840 
 66.089918  -35.473705  -2.990932  75.068014 1
 8.019504  -4.339916  -0.297912  9.124447 
 65.831648  -35.299625  -3.044258  74.760652 
 3.161442  
 0.960732  1.256123  1.533747  1.760119   1.907935   1.959366   1.908209   1.760634   1.534442   1.256913   0.961522   0.683898   0.457526   0.309710   0.258279   0.309436   0.457011   0.683204 
 119.208298  
TUPLE  36.744804  
 -55.260166  -8.464087  -9.580667  56.719625 0
 -53.510384  -8.196077  -9.277300  54.923808 
 0.000000  0.000000  0.000000  0.000000 
 24.373662  -34.550113  -16.995708  45.570163 1
 23.338773  -32.757873  -16.121572  43.332449 
 1.454862  -2.387558  -1.166982  3.032676 
 1.465787  
 0.169120  0.291327  0.429271  0.566313   0.685923   0.773676   0.818986   0.816389   0.766198   0.674467   0.552259   0.414316   0.277274   0.157663   0.069911   0.024601   0.027198   0.077389 
 128.504578  
TUPLE  33.402683  
 76.603161  -50.153575  68.925314  114.604207 3
 75.575117  -49.480498  68.000312  113.072499 
 0.000000  0.000000  0.000000  0.000000 
 6.348936  -58.983447  70.690451  92.284862 1
 5.167843  -48.178230  57.582917  75.257293 
 1.039557  -9.490314  11.531652  14.971438 
 4.186701  
 1.623380  1.780128  1.877361  1.903353   1.854967   1.738041   1.566676   1.361542   1.147382   0.950025   0.793277   0.696044   0.670052   0.718438   0.835365   1.006729   1.211863   1.426023 
 94.762108  
TUPLE  31.355324  
 -34.469282  -72.356230  232.407333  245.838816 1
 -7.619497  -16.526190  52.561082  55.622464 
 -28.460795  -59.211814  190.708448  201.707179 
 45.698653  -12.396566  134.999872  143.062948 1
 30.887816  -8.587437  90.995406  96.477897 
 15.276122  -3.935346  45.378981  48.042866 
 3.448345  
 0.492009  0.257984  0.091357  0.012224   0.030131   0.142919   0.336982   0.588914   0.868329   1.141525   1.375550   1.542177   1.621310   1.603402   1.490615   1.296552   1.044620   0.765205 
 115.688828  
TUPLE  33.402683  
 54.942513  -15.003058  53.782701  78.334861 3
 54.872910  -14.984053  53.714568  78.245897 
 0.000000  0.000000  0.000000  0.000000 
 -16.910524  -33.372960  17.120097  41.143870 1
 -14.611947  -28.591134  14.658905  35.296811 
 -2.360828  -4.904687  2.524219  6.001614 
 0.827172  
 1.178262  1.480340  1.719913  1.868083   1.906980   1.831912   1.651933   1.388752   1.074111   0.745962   0.443883   0.204310   0.056140   0.017243   0.092311   0.272290   0.535471   0.850112 
 111.229958  
TUPLE  0.874500  
 44.322261  13.805043  10.526329  47.600899 1
 23.760258  7.103588  5.836684  25.477386 
 16.027790  5.289387  3.612659  17.260857 
 1.418226  43.613736  70.638294  83.029742 1
 1.705917  39.142645  62.738733  73.967729 
 0.119371  16.989184  28.174291  32.900692 
 2.011161  
 1.700388  1.692145  1.606771  1.454564   1.253883   1.028932   0.806844   0.614406   0.474829   0.404948   0.413191   0.498565   0.650772   0.851453   1.076404   1.298492   1.490930   1.630507 
 107.480873  
TUPLE  33.402683  
 -38.430747  -54.096859  52.214234  84.437662 1
 -35.675536  -48.821674  47.623695  76.969705 
 -4.692897  -8.002747  7.223184  11.758395 
 20.956885  -29.421181  6.278463  36.663551 3
 20.652174  -28.993402  6.187175  36.147531 
 0.000000  0.000000  0.000000  0.000000 
 3.661782  
 1.820681  1.815052  1.719444  1.545389   1.313880   1.052841   0.793756   0.567876   0.402445   0.317416   0.323045   0.418653   0.592708   0.824217   1.085257   1.344341   1.570221   1.735652 
 98.168251  
TUPLE  44.201973  
 18.362799  -56.167996  -142.529194  154.293899 1
 11.446732  -34.299027  -87.190758  94.391201 
 8.355756  -26.272690  -66.513111  72.000591 
 -29.326085  -9.924688  -36.507211  47.867475 1
 -10.057753  -3.038733  -12.638431  16.435988 
 -24.080123  -8.514386  -29.858841  39.292693 
 4.186320  
 1.255378  0.949467  0.639720  0.363499   0.154119   0.036835   0.025792   0.122323   0.314785   0.579964   0.885875   1.195622   1.471843   1.681223   1.798508   1.809550   1.713019   1.520557 
 95.371834  
TUPLE  33.718788  
 -43.860786  -38.162306  -42.607123  72.079797 1
 -33.439211  -29.177906  -32.251553  54.860853 
 -10.508888  -9.060363  -10.440383  17.365100 
 -51.051458  12.375872  34.291895  62.732349 1
 -32.067774  7.459340  21.627902  39.392506 
 -19.790840  5.112202  13.206168  24.335839 
 0.178025  
 0.185680  0.268708  0.435627  0.666304   0.932918   1.203310   1.444866   1.628453   1.731925   1.742804   1.659777   1.492858   1.262181   0.995567   0.725175   0.483619   0.300032   0.196559 
 116.535637  
TUPLE  33.402683  
 56.229296  61.989437  96.294784  127.581776 1
 5.630546  6.226242  10.184656  13.199085 
 52.436256  57.788938  89.256924  118.557745 
 -43.241741  69.343417  32.774607  88.048467 1
 -8.230666  12.764141  6.284196  16.437085 
 -34.607188  55.931580  26.184285  70.792896 
 6.057920  
 0.016285  0.010763  0.080899  0.218233   0.406200   0.622129   0.839977   1.033466   1.179260   1.259773   1.265295   1.195159   1.057825   0.869858   0.653928   0.436081   0.242592   0.096798 
 122.508011  
TUPLE  31.800991  
 218.263987  -103.614841  -2.946257  241.627572 1
 130.332388  -61.959758  -1.914366  144.323343 
 71.436969  -33.824706  -0.809237  79.044445 
 32.477720  10.372496  -5.108304  34.474422 1
 19.114883  6.504713  -2.719823  20.374174 
 15.052644  4.407461  -2.654264  15.908210 
 2.117980  
 1.828678  1.925916  1.981563  1.988907   1.947062   1.861075   1.741317   1.602234   1.460600   1.333499   1.236261   1.180614   1.173270   1.215115   1.301102   1.420860   1.559943   1.701577 
 130.089020  
TUPLE  31.800991  
 -169.625870  -111.913476  13.251304  203.649598 2
 -34.252089  -22.680662  2.475694  41.155396 
 -127.571876  -84.085392  10.166119  153.128573 
 -99.322274  7.526180  -23.557849  102.354921 1
 -10.971592  0.791509  -2.402394  11.260253 
 -88.244137  6.726597  -21.130183  90.987789 
 2.478786  
 1.882839  1.799269  1.707485  1.618556   1.543209   1.490532   1.466878   1.475101   1.514208   1.579483   1.663052   1.754837   1.843765   1.919112   1.971789   1.995443   1.987221   1.948114 
 123.783783  
TUPLE  35.796818  
 -37.572292  41.939437  -55.200379  78.852237 0
 -37.409709  41.757957  -54.961515  78.511152 
 0.000000  0.000000  0.000000  0.000000 
 -14.174569  -27.944094  -37.996517  49.249630 0
 -14.076721  -27.751195  -37.734225  48.909857 
 0.000000  0.000000  0.000000  0.000000 
 4.929277  
 1.006914  0.667092  0.367367  0.143892   0.023621   0.021060   0.136518   0.356070   0.653233   0.992166   1.331988   1.631712   1.855187   1.975459   1.978020   1.862561   1.643010   1.345847 
 95.121223  
TUPLE  31.800991  
 45.802097  33.131804  15.432304  58.597821 1
 35.512508  25.648974  11.727906  45.349436 
 9.947890  7.235657  3.589267  12.814691 
 8.341257  -40.577347  -25.612792  48.704340 1
 5.627869  -25.027426  -16.022802  30.245572 
 2.634287  -15.166641  -9.347914  18.010224 
 0.627230  
 0.041360  0.159941  0.381118  0.678215   1.015397   1.351996   1.647411   1.866012   1.981433   1.979751   1.861170   1.639992   1.342895   1.005713   0.669115   0.373700   0.155099   0.039678 
 153.019119  
TUPLE  0.008312  
 131.211558  0.132967  -171.005156  215.544088 0
 109.801358  0.111270  -143.101710  180.373140 
 0.000000  0.000000  0.000000  0.000000 
 21.674685  -31.944082  -114.857273  121.170993 1
 6.789915  -10.547678  -37.784935  39.813028 
 15.991946  -23.028156  -82.939423  87.550011 
 5.887292  
 0.639515  0.349722  0.139246  0.033472   0.045159   0.172896   0.401278   0.702757   1.040971   1.375126   1.664918   1.875395   1.981169   1.969482   1.841744   1.613363   1.311884   0.973670 
 126.139603  
TUPLE  33.718788  
 66.710301  -81.974777  -246.753835  268.435437 2
 56.492841  -69.499885  -208.964145  227.349310 
 15.026020  -18.383734  -55.576007  60.435985 
 35.727890  -1.939815  -20.571198  41.272500 1
 5.463543  -0.387967  -3.147436  6.318754 
 29.401559  -1.505004  -16.926991  33.959652 
 3.735928  
 1.566872  1.340411  1.058700  0.755719   0.468010   0.230276   0.071191   0.009943   0.053920   0.197817   0.424278   0.705989   1.008970   1.296679   1.534413   1.693498   1.754746   1.710769 
 131.067688  
TUPLE  36.744804  
 -2.979767  -45.974764  -13.660824  48.053887 1
 -2.153932  -29.236383  -8.427351  30.503201 
 -0.930524  -18.353581  -5.713411  19.245287 
 38.475603  10.940185  35.261417  53.323796 1
 2.314623  0.759362  2.213439  3.294374 
 38.693565  10.900939  35.368994  53.544433 
 2.157771  
 1.951116  1.923866  1.791338  1.569518   1.285158   0.972559   0.669423   0.412313   0.232241   0.150926   0.178176   0.310703   0.532524   0.816883   1.129483   1.432619   1.689728   1.869801 
 124.714127  
TUPLE  33.718788  
 29.075449  -54.268339  40.959416  73.946658 3
 28.717123  -53.599537  40.454634  73.043815 
 0.000000  0.000000  0.000000  0.000000 
 -27.893486  -39.239418  -33.502415  58.653136 1
 -22.179229  -31.243736  -26.367506  46.511870 
 -7.072667  -9.906624  -8.766615  15.001186 
 6.225136  
 1.206616  1.249152  1.257111  1.229533   1.169744   1.084956   0.985395   0.883070   0.790322   0.718339   0.675803   0.667844   0.695422   0.755211   0.840000   0.939560   1.041886   1.134633 
 126.222336  
TUPLE  36.744804  
 62.080814  24.095818  26.336910  71.611932 0
 61.701815  23.948715  26.176125  71.174882 
 0.000000  0.000000  0.000000  0.000000 
 -36.650797  15.408756  28.628030  48.992599 0
 -36.965110  15.540900  28.873541  49.412951 
 0.000000  0.000000  0.000000  0.000000 
 0.908293  
 0.433512  0.625666  0.820965  0.995852   1.129233   1.205021   1.214075   1.155303   1.035793   0.869960   0.677806   0.482507   0.307621   0.174239   0.098451   0.089397   0.148169   0.267679 
 130.845474  
TUPLE  33.718788  
 51.383813  129.883829  -39.180648  145.069736 3
 53.126689  134.289316  -40.509605  149.993992 
 0.000000  0.000000  0.000000  0.000000 
 39.017961  4.289606  -4.389216  39.497686 1
 6.883774  0.646559  -0.537531  6.936339 
 36.633542  4.137786  -4.358006  37.123417 
 2.910702  
 1.591582  1.312741  0.991475  0.666533   0.377109   0.158111   0.035954   0.025371   0.127639   0.330423   0.609264   0.930530   1.255471   1.544895   1.763893   1.886051   1.896634   1.794366 
 116.437340  
TUPLE  44.201973  
 -57.362794  -63.180283  43.950117  95.988807 3
 -57.531791  -63.366426  44.079603  96.281332 
 0.000000  0.000000  0.000000  0.000000 
 31.394358  -49.018922  72.420166  92.914697 1
 12.167677  -19.111814  28.385170  36.318744 
 21.325367  -33.183975  48.876212  62.808039 
 0.842950  
 0.868819  0.754212  0.675341  0.641718   0.657400   0.720495   0.823391   0.953680   1.095645   1.232164   1.346771   1.425642   1.459264   1.443583   1.380488   1.277592   1.147303   1.005338 
 124.393387  
TUPLE  35.796818  
 100.034932  17.855328  -261.272485  280.337496 2
 6.068331  1.145141  -15.613111  16.790614 
 93.163085  16.566767  -243.560755  261.296254 
 15.288821  30.972333  -16.186853  38.145087 1
 7.844429  16.394812  -8.722319  20.159942 
 8.225002  16.158713  -8.290845  19.937678 
 4.954309  
 1.657465  1.455674  1.235576  1.023718   0.845654   0.722860   0.670147   0.693874   0.791178   0.950323   1.152115   1.372213   1.584071   1.762135   1.884929   1.937642   1.913915   1.816611 
 134.128326  
TUPLE  35.796818  
 -75.311011  -26.141477  68.545939  105.136440 0
 -72.973382  -25.330054  66.418296  101.873134 
 0.000000  0.000000  0.000000  0.000000 
 -17.583514  30.459427  -13.098550  37.530370 1
 -13.539878  23.265289  -10.014565  28.721298 
 -3.700235  6.599280  -2.828176  8.078307 
 5.032843  
 0.031121  0.022765  0.119795  0.310510   0.571905   0.872453   1.175904   1.445656   1.649173   1.761909   1.770266   1.673235   1.482521   1.221125   0.920577   0.617127   0.347375   0.143857 
 136.024002  
TUPLE  0.305674  
 -64.470921  54.146109  6.968075  84.479908 1
 -46.654722  38.844345  4.882693  60.904896 
 -17.718038  15.219313  2.074772  23.449505 
 -48.553266  -34.654124  36.875535  70.129403 1
 -2.710218  -2.119605  2.219971  4.097042 
 -46.783156  -33.205500  35.369559  67.396535 
 5.649185  
 1.865279  1.845565  1.833586  1.830786   1.837504   1.852929   1.875201   1.901633   1.929038   1.954109   1.973824   1.985803   1.988603   1.981885   1.966459   1.944188   1.917755   1.890351 
 132.067612  
TUPLE  33.402683  
 -68.692660  -92.107179  84.119173  142.402420 1
 -45.175121  -60.212604  55.223257  93.359395 
 -18.398946  -25.031248  22.627819  38.433332 
 -45.430896  8.331857  78.022448  90.669116 1
 -48.960422  8.643268  83.716274  97.366643 
 -11.678254  2.477644  20.423819  23.657366 
 0.107336  
 1.792673  1.705022  1.608946  1.516036   1.437497   1.382802   1.358548   1.367661   1.409041   1.477697   1.565349   1.661424   1.754335   1.832874   1.887569   1.911823   1.902710   1.861330 
 138.953506  
TUPLE  0.001334  
 -56.524576  -71.621047  21.917167  93.834772 1
 -39.219134  -49.372156  15.133753  64.844431 
 -12.543828  -16.215539  4.937115  21.087547 
 38.476158  -41.242759  22.718026  60.806978 1
 18.359702  -19.570685  10.874595  28.954562 
 21.148842  -22.778692  12.452997  33.484887 
 3.712569  
 0.706757  0.420314  0.201943  0.077982   0.063384   0.159908   0.355914   0.627759   0.942655   1.262621   1.549064   1.767436   1.891396   1.905995   1.809470   1.613465   1.341619   1.026723 
 133.046432  
TUPLE  33.718788  
 -0.174430  -54.442709  4.225444  54.606715 1
 0.259339  -10.353190  0.729807  10.383058 
 -0.433509  -44.008783  3.489371  44.149234 
 -30.300094  -14.909934  -15.603113  37.200255 1
 -19.093925  -9.575384  -9.640943  23.435725 
 -7.985905  -3.749934  -4.303886  9.817247 
 6.157554  
 1.472943  1.282745  1.065111  0.846290   0.652676   0.507621   0.428621   0.425204   0.497783   0.637604   0.827802   1.045436   1.264257   1.457871   1.602926   1.681926   1.685342   1.612763 
 92.587059  
TUPLE  31.800991  
 67.984191  28.452341  -25.833014  78.094370 3
 67.892997  28.414176  -25.798362  77.998324 
 0.000000  0.000000  0.000000  0.000000 
 6.338695  52.743624  3.907456  53.266660 1
 4.862797  41.195537  3.204052  41.605342 
 1.660968  13.087935  0.817459  13.218900 
 1.042437  
 1.994837  1.901149  1.699743  1.414912   1.081011   0.738312   0.428151   0.187938   0.046645   0.021315   0.115003   0.316409   0.601240   0.935141   1.277840   1.588001   1.828214   1.969507 
 123.395065  
TUPLE  33.402683  
 21.106663  162.627616  -150.686800  222.710000 1
 1.007544  9.186948  -8.721488  12.708226 
 20.171861  154.001184  -142.484665  210.772784 
 33.096484  58.626656  -163.885917  177.175213 1
 21.394834  37.715443  -105.284816  113.864417 
 12.461537  22.257262  -62.363872  67.379124 
 5.670743  
 0.061888  0.014809  0.000763  0.021443   0.074356   0.153120   0.248233   0.348225   0.441035   0.515468   0.562547   0.576593   0.555913   0.503000   0.424237   0.329123   0.229131   0.136322 
 113.212029  
TUPLE  35.796818  
 53.895351  91.169204  -181.114090  209.806688 1
 27.260188  47.036645  -93.076497  107.790619 
 23.964172  39.614308  -79.061765  91.620717 
 44.164581  22.106451  -227.272900  232.577249 0
 45.709652  22.879832  -235.223906  240.713864 
 0.000000  0.000000  0.000000  0.000000 
 6.234493  
 0.164096  0.108000  0.141742  0.261250   0.452111   0.691304   0.949979   1.196936   1.402388   1.541554   1.597650   1.563909   1.444400   1.253539   1.014346   0.755671   0.508714   0.303262 
 105.495247  
TUPLE  36.744804  
 58.424280  -76.433574  -108.188213  144.776301 1
 10.174369  -12.676756  -18.376067  24.534002 
 47.494824  -62.768970  -88.413891  118.375404 
 51.447966  3.107793  -152.435735  160.913657 1
 10.314194  0.364805  -30.427015  32.130024 
 40.873406  2.727260  -121.237288  127.970979 
 1.020447  
 0.694021  0.699191  0.727915  0.776727   0.839741   0.909355   0.977175   1.035019   1.075910   1.094917   1.089747   1.061024   1.012212   0.949198   0.879583   0.811764   0.753920   0.713029 
 121.426239  
TUPLE  36.744804  
 9.124367  -79.247600  -43.800775  91.005187 1
 8.030950  -71.443601  -39.316212  81.941860 
 1.184181  -8.592354  -4.920292  9.972880 
 -15.230981  -42.320105  42.200147  61.675169 1
 -5.342424  -13.553854  13.918769  20.149443 
 -11.997292  -34.625489  34.124004  50.073200 
 1.344278  
 1.185892  1.046511  0.947273  0.900145   0.910814   0.977991   1.093575   1.243624   1.410041   1.572752   1.712133   1.811371   1.858499   1.847830   1.780653   1.665069   1.515020   1.348603 
 123.058052  
TUPLE  33.718788  
 -71.657626  -75.795356  -174.295672  203.122457 1
 -45.084528  -47.596246  -108.861697  127.078346 
 -27.790765  -29.487089  -68.395752  79.497246 
 19.864361  -59.786107  -103.837760  121.454731 3
 19.574930  -58.915012  -102.324820  119.689825 
 0.000000  0.000000  0.000000  0.000000 
 4.323571  
 1.424524  1.128319  0.808772  0.504423   0.251982   0.081898   0.014684   0.058448   0.207911   0.445046   0.741251   1.060798   1.365147   1.617588   1.787672   1.854886   1.811122   1.661659 
 121.571457  
TUPLE  36.744804  
 -103.648615  59.302806  -11.697009  119.986159 1
 -26.405590  14.735680  -2.746857  30.363797 
 -73.766423  42.577978  -8.557808  85.601540 
 -113.817291  4.291597  61.308282  129.350296 0
 -110.672791  4.173031  59.614480  125.776733 
 0.000000  0.000000  0.000000  0.000000 
 2.760507  
 0.542257  0.591021  0.711005  0.887736   1.099898   1.321901   1.526968   1.690366   1.792386   1.820723   1.771959   1.651976   1.475245   1.263083   1.041080   0.836012   0.672614   0.570594 
 112.256462  
TUPLE  33.718788  
 14.538148  121.102765  417.852254  435.290413 1
 8.099869  65.832940  228.014339  237.466087 
 6.378959  54.775727  188.133062  196.048817 
 33.861623  30.950475  72.100097  85.457390 1
 2.100739  2.038941  4.869401  5.683391 
 31.165512  28.367337  65.962964  78.275959 
 1.830510  
 1.060392  1.190421  1.351722  1.524840   1.688896   1.824100   1.914146   1.948173   1.922076   1.839004   1.708976   1.547674   1.374556   1.210501   1.075296   0.985250   0.951223   0.977320 
 93.372658  
TUPLE  31.355324  
 40.138422  1.014393  137.002877  142.765228 0
 39.691674  1.003102  135.478010  141.176294 
 0.000000  0.000000  0.000000  0.000000 
 -17.349516  32.822173  86.528488  94.156678 0
 -16.963799  32.092465  84.604774  92.063479 
 0.000000  0.000000  0.000000  0.000000 
 2.147053  
 0.140038  0.307353  0.562807  0.875588   1.207969   1.519860   1.773644   1.938709   1.995147   1.936151   1.768835   1.513382   1.200601   0.868220   0.556328   0.302545   0.137479   0.081041 
 103.307579  
TUPLE  44.201973  
 -61.731284  -70.159781  47.459939  104.812175 1
 -36.519104  -41.759857  27.950456  62.119064 
 -24.062201  -27.092944  18.625366  40.742356 
 27.170415  -38.360567  25.648254  53.549953 3
 26.824952  -37.872824  25.322144  52.884947 
 0.000000  0.000000  0.000000  0.000000 
 2.158929  
 0.674097  0.731980  0.858475  1.038326   1.249839   1.467502   1.665064   1.818694   1.909862   1.927573   1.869691   1.743195   1.563345   1.351832   1.134168   0.936607   0.782977   0.691808 
 122.875443  
TUPLE  31.800991  
 -50.201542  -108.920122  -385.209648  403.447965 3
 -52.332002  -113.542497  -401.557256  420.570828 
 0.000000  0.000000  0.000000  0.000000 
 10.788581  -40.519271  -68.508298  80.321801 1
 2.199092  -7.546853  -12.281879  14.582696 
 8.923317  -34.226201  -58.346261  68.230219 
 4.441672  
 0.880133  1.221231  1.533850  1.780284   1.930811   1.967273   1.885273   1.694702   1.418545   1.090111   0.749013   0.436394   0.189959   0.039433   0.002971   0.084971   0.275542   0.551699 
 110.895332  
TUPLE  33.402683  
 -73.647717  -3.304632  -110.001667  132.420820 2
 -37.022702  -1.772130  -55.419227  66.671816 
 -42.861568  -1.812341  -63.897477  76.963362 
 20.292319  22.691928  -51.741112  60.032029 1
 9.698680  10.906444  -24.675755  28.669274 
 11.876558  13.220104  -30.336531  35.158884 
 3.597354  
 1.000000  1.000000  1.000000  1.000000   1.000000   1.000000   1.000000   1.000000   1.000000   1.000000   1.000000   1.000000   1.000000   1.000000   1.000000   1.000000   1.000000   1.000000 
 112.349525  
TUPLE  31.800991  
 -33.295951  57.922872  -346.293653  352.679704 1
 -18.540107  31.866568  -191.335950  194.855534 
 -13.644241  24.122522  -143.396482  146.050096 
 -55.106651  -2.699409  -233.269332  239.705259 1
 -11.434578  -0.689811  -48.377374  49.715342 
 -41.904119  -1.922990  -177.408100  182.300042 
 5.826484  
 0.292172  0.454465  0.696043  0.987768   1.294454   1.579111   1.807404   1.951797   1.994876   1.931443   1.769150   1.527573   1.235847   0.929161   0.644505   0.416212   0.271818   0.228740 
 120.238480  
TUPLE  31.800991  
 -14.247382  -55.479204  -19.014709  60.353037 1
 -10.237364  -39.115039  -12.962230  42.459731 
 -4.099407  -16.712244  -6.171778  18.281502 
 1.742795  -52.478710  -91.369907  105.382694 0
 1.243359  -37.439790  -65.185865  75.183112 
 0.000000  0.000000  0.000000  0.000000 
 4.099209  
 1.204612  1.265741  1.363290  1.485493   1.617610   1.743707   1.848574   1.919562   1.948110   1.930774   1.869645   1.772096   1.649893   1.517776   1.391679   1.286812   1.215824   1.187276 
 99.999962  
TUPLE  36.744804  
 -42.917554  -100.005475  88.960670  140.559640 1
 -5.526146  -12.577642  11.168172  17.705449 
 -41.565189  -97.153492  86.444030  136.524922 
 43.585827  -67.214238  23.570702  83.504827 1
 26.874503  -41.604621  14.431323  51.589397 
 16.216015  -24.845791  8.871520  30.967638 
 2.168175  
 1.290369  1.444208  1.516005  1.497100   1.389774   1.206971   0.970740   0.709575   0.454975   0.237649   0.083810   0.012013   0.030918   0.138244   0.321047   0.557278   0.818443   1.073043 
 112.977341  
TUPLE  0.874500  
 19.772149  -52.450829  -35.535067  66.368428 0
 19.571849  -51.919480  -35.175082  65.696237 
 0.000000  0.000000  0.000000  0.000000 
 47.598744  15.940501  -0.842804  50.204087 1
 3.279570  0.962897  -0.167726  3.424962 
 47.133686  15.920167  -0.724912  49.755199 
 4.193356  
 1.381059  1.118109  0.824463  0.535539   0.286186   0.106480   0.018095   0.031693   0.145632   0.346171   0.609121   0.902767   1.191690   1.441043   1.620750   1.709134   1.695537   1.581597 
 132.133423  
TUPLE  31.355324  
 -69.233568  21.884775  24.649782  76.680128 1
 -5.867680  1.990576  2.217416  6.582437 
 -70.209097  22.057337  24.868809  77.680881 
 -51.234823  -41.182882  -33.806185  73.918164 1
 -28.712870  -23.281270  -19.140455  41.627190 
 -27.146409  -21.618789  -17.717078  38.964248 
 3.056413  
 0.478423  0.491942  0.508626  0.526462   0.543298   0.557105   0.566216   0.569533   0.566656   0.557932   0.544413   0.527729   0.509893   0.493057   0.479250   0.470139   0.466821   0.469698 
 110.335854  
TUPLE  33.718788  
 -87.755830  65.239546  -26.330037  112.474686 1
 -15.575016  11.553891  -5.231548  20.086366 
 -70.386179  52.351492  -20.560033  90.097870 
 11.709121  28.198659  -6.682435  31.255765 1
 8.759487  20.462446  -4.654073  22.740277 
 3.150534  8.220032  -2.143016  9.061210 
 0.924016  
 1.079588  0.870413  0.655325  0.460267   0.308765   0.219094   0.202069   0.259743   0.385160   0.563192   0.772368   0.987456   1.182514   1.334015   1.423687   1.440712   1.383038   1.257621 
 105.028305  
TUPLE  31.355324  
 -57.260155  -35.643615  43.114476  80.050301 1
 -56.106686  -34.909117  42.533099  78.585563 
 -2.514571  -1.581754  1.606228  3.379823 
 -5.931756  -51.141072  -16.971271  54.209031 0
 -5.938055  -51.195380  -16.989293  54.266776 
 0.000000  0.000000  0.000000  0.000000 
 4.593789  
 0.240387  0.216653  0.297809  0.474065   0.724163   1.017938   1.319954   1.593786   1.806404   1.932164   1.955897   1.874742   1.698485   1.448387   1.154613   0.852597   0.578765   0.366147 
 120.856613  
TUPLE  33.718788  
 -15.988258  40.189774  53.821064  69.047442 1
 -9.368091  22.686680  30.626783  39.248769 
 -7.482256  19.670137  26.096329  33.525141 
 -34.621908  24.399407  148.297479  154.227591 1
 -31.795854  22.288041  136.303198  141.726195 
 -3.314871  2.455856  14.088062  14.680303 
 2.163874  
 0.637065  0.382982  0.210576  0.140641   0.181612   0.328549   0.563727   0.858781   1.178123   1.483236   1.737319   1.909725   1.979660   1.938688   1.791752   1.556574   1.261520   0.942178 
 93.219971  
TUPLE  33.718788  
 47.966127  -33.526241  -36.994452  69.234007 1
 7.743281  -5.249670  -5.763531  10.988867 
 38.383540  -26.990977  -29.812335  55.593187 
 26.092161  26.460158  -4.854958  37.476812 0
 24.665268  25.013141  -4.589457  35.427606 
 0.000000  0.000000  0.000000  0.000000 
 1.989031  
 1.989725  1.893422  1.689312  1.402012   1.066175   0.722308   0.411886   0.172352   0.032595   0.009474   0.105776   0.309886   0.597186   0.933023   1.276890   1.587312   1.826847   1.966603 
 119.869652  
TUPLE  33.718788  
 -41.409138  13.242559  -188.002005  192.963302 1
 -5.478600  1.555313  -25.237848  25.872815 
 -35.662669  11.601579  -161.547998  165.843891 
 -19.505625  -23.636160  -51.873421  60.249392 1
 -2.517641  -3.075086  -7.164652  8.194290 
 -18.249682  -22.089958  -48.064153  55.957110 
 6.133022  
 0.348044  0.589179  0.855268  1.114218   1.334793   1.490391   1.562244   1.541685   1.431194   1.244098   1.002963   0.736874   0.477925   0.257349   0.101751   0.029898   0.050457   0.160948 
 90.665184  
TUPLE  31.800991  
 -5.294351  -86.599407  -1.997174  86.784077 1
 -1.409836  -20.299014  -0.099665  20.348637 
 -3.989141  -68.011682  -1.936975  68.156234 
 41.550490  7.893615  13.012305  44.250112 0
 41.512666  7.886429  13.000460  44.210052 
 0.000000  0.000000  0.000000  0.000000 
 0.097081  
 0.680878  0.789315  0.959611  1.171224   1.398633   1.614407   1.792521   1.911492   1.956971   1.923472   1.815035   1.644739   1.433125   1.205717   0.989943   0.811829   0.692857   0.647379 
 135.414322  
TUPLE  35.796818  
 -14.717798  -75.234775  131.419378  152.144464 3
 -14.447925  -73.855255  129.009639  149.359386 
 0.000000  0.000000  0.000000  0.000000 
 -22.213706  -54.615001  -4.000462  59.095268 1
 -19.168473  -47.666162  -3.636413  51.504722 
 -1.859298  -4.033085  -0.150475  4.445630 
 2.617349  
 0.055687  0.155528  0.309184  0.498119   0.699548   0.889173   1.044123   1.145710   1.181680   1.147694   1.047853   0.894197   0.705261   0.503833   0.314208   0.159258   0.057671   0.021701 
 137.378815  
TUPLE  33.718788  
 -23.145966  56.229908  4.575693  60.979302 0
 -22.926395  55.696492  4.532286  60.400992 
 0.000000  0.000000  0.000000  0.000000 
 41.611029  -12.351177  46.081544  63.305118 1
 23.817868  -6.703391  26.300348  36.110305 
 21.212659  -6.662777  23.568072  32.401261 
 5.828176  
 0.569879  0.665766  0.835287  1.057994   1.307025   1.552345   1.764362   1.917506   1.993305   1.982616   1.886728   1.717207   1.494500   1.245469   1.000150   0.788132   0.634988   0.559190 
 162.148453  
TUPLE  33.718788  
 35.272363  -42.656578  28.577698  62.292922 1
 28.836206  -34.287402  22.751552  50.247441 
 4.758696  -6.340542  4.467067  9.100580 
 17.806066  44.991119  -16.545266  51.137096 3
 17.902244  45.234128  -16.634631  51.425762 
 0.000000  0.000000  0.000000  0.000000 
 1.218047  
 1.455016  1.489348  1.551301  1.633402   1.725749   1.817204   1.896735   1.954751   1.984253   1.981684   1.947352   1.885400   1.803298   1.710951   1.619496   1.539965   1.481949   1.452447 
 149.886597  
TUPLE  0.718627  
 69.217927  31.605278  -17.999815  78.192125 0
 64.927235  29.646125  -16.884039  73.345271 
 0.000000  0.000000  0.000000  0.000000 
 22.001779  -39.576869  -26.459755  52.445452 1
 7.381546  -14.064437  -9.247894  18.380388 
 13.107474  -22.791278  -15.392591  30.466347 
 0.043901  
 1.245707  1.552828  1.798501  1.953094   1.997961   1.927690   1.750757   1.488502   1.172558   0.841032   0.533911   0.288238   0.133645   0.088778   0.159049   0.335982   0.598236   0.914180 
 115.476799  
TUPLE  31.355324  
 71.729425  -9.195163  -163.171999  178.479026 0
 48.395011  -6.203870  -110.090255  120.417809 
 0.000000  0.000000  0.000000  0.000000 
 -15.164545  -37.589660  -206.592177  210.530932 1
 -13.602128  -33.400276  -184.127940  187.626528 
 -0.839924  -2.398479  -12.621453  12.875460 
 4.709404  
 1.859407  1.734586  1.588456  1.438642   1.303212   1.198503   1.137143   1.126534   1.167954   1.256409   1.381229   1.527359   1.677174   1.812604   1.917313   1.978673   1.989282   1.947861 
 113.470482  
TUPLE  36.744804  
 -60.830965  56.856296  -10.437231  83.916509 1
 -22.682917  21.977217  -4.089639  31.847408 
 -36.915436  33.726998  -6.136102  50.377870 
 21.436314  24.358895  -8.867135  33.637738 1
 8.731901  9.641744  -3.905537  13.582415 
 13.395244  15.502167  -5.247361  21.149533 
 4.282172  
 0.380422  0.236135  0.117405  0.038553   0.009090   0.032570   0.106161   0.220985   0.363195   0.515637   0.659925   0.778655   0.857506   0.886969   0.863489   0.789899   0.675074   0.532864 
 119.126022  
TUPLE  33.718788  
 22.360390  106.936699  27.317436  112.612997 2
 3.928648  21.261625  5.357034  22.275732 
 19.482190  90.698783  23.243729  95.635604 
 68.767591  15.356948  -13.515973  71.746073 1
 35.903922  7.740601  -7.160443  37.420582 
 32.530001  7.541834  -6.289949  33.980316 
 2.800164  
 1.366171  1.582955  1.725286  1.775998   1.728973   1.589883   1.375505   1.111695   0.830274   0.565184   0.348400   0.206068   0.155357   0.202382   0.341472   0.555850   0.819660   1.101081 
 127.593254  
TUPLE  35.796818  
 16.412033  129.929930  399.948819  420.844627 1
 14.081699  112.473585  345.566683  363.682490 
 2.516448  18.929809  58.917735  61.935353 
 63.733877  3.282298  198.823582  208.814744 3
 61.441727  3.164252  191.673022  201.307735 
 0.000000  0.000000  0.000000  0.000000 
 1.389247  
 1.729080  1.626399  1.442321  1.199049   0.925924   0.655890   0.421516   0.251073   0.165117   0.174016   0.276697   0.460775   0.704048   0.977172   1.247206   1.481580   1.652023   1.737979 
 132.711197  
TUPLE  35.796818  
 6.467963  -60.744033  17.416586  63.521726 1
 5.217360  -50.715542  14.432828  52.986913 
 1.194793  -9.501174  2.832763  9.987122 
 -43.974987  -18.057154  18.490613  51.007481 3
 -44.331708  -18.203635  18.640607  51.435261 
 0.000000  0.000000  0.000000  0.000000 
 4.627170  
 1.512768  1.364304  1.156395  0.914116   0.666689   0.443959   0.272789   0.173825   0.159005   0.230114   0.378577   0.586487   0.828766   1.076193   1.298923   1.470093   1.569056   1.583877 
 120.712204  
TUPLE  33.402683  
 0.406549  54.410438  -13.157883  55.980273 1
 0.152042  39.486836  -9.470269  40.607128 
 0.232244  11.943965  -2.967058  12.309910 
 -33.384733  -19.924061  0.688091  38.884214 3
 -32.311147  -19.283348  0.665964  37.649594 
 0.000000  0.000000  0.000000  0.000000 
 1.855247  
 0.926574  0.628132  0.383881  0.223283   0.165707   0.218098   0.374137   0.615003   0.911645   1.228282   1.526724   1.770975   1.931573   1.989150   1.936759   1.780720   1.539853   1.243212 
 111.412201  
TUPLE  31.355324  
 -29.837267  90.127621  -27.476583  98.834271 1
 -15.439158  46.383484  -14.072106  50.870805 
 -12.836699  39.027663  -11.966599  42.792021 
 -41.591019  -9.592114  -9.790323  43.791231 1
 -29.290090  -7.040179  -6.963339  30.918944 
 -12.023648  -2.487987  -2.761713  12.585844 
 3.630499  
 0.242046  0.292200  0.433840  0.649880   0.914264   1.195104   1.458524   1.672754   1.811954   1.859334   1.809179   1.667540   1.451499   1.187115   0.906276   0.642855   0.428626   0.289426 
 112.528770  
TUPLE  35.796818  
 -64.193995  -1.458540  177.560414  188.813921 1
 -4.589129  -0.103183  12.228606  13.062505 
 -60.085562  -1.366278  166.661439  177.167139 
 -32.550109  -29.483701  23.544387  49.831079 0
 -32.065733  -29.044956  23.194024  49.089743 
 0.000000  0.000000  0.000000  0.000000 
 1.163560  
 0.827212  1.090024  1.327771  1.511775   1.619843   1.638941   1.566765   1.412021   1.193372   0.937192   0.674379   0.436633   0.252629   0.144560   0.125462   0.197638   0.352383   0.571031 
 123.009483  
TUPLE  33.718788  
 76.538541  -10.313432  -103.731971  129.324541 1
 72.775536  -9.846706  -97.963931  122.434421 
 17.208477  -2.278446  -23.991099  29.612735 
 -0.134913  31.397185  -21.043248  37.797086 0
 -0.133282  31.017774  -20.788956  37.340598 
 0.000000  0.000000  0.000000  0.000000 
 2.756184  
 0.727047  1.046016  1.350459  1.603656   1.775067   1.844019   1.802193   1.654636   1.419145   1.124123   0.805154   0.500711   0.247514   0.076103   0.007152   0.048977   0.196534   0.432025 
 106.486870  
TUPLE  31.355324  
 0.796195  69.784997  -25.448796  74.284729 1
 0.831512  64.261363  -23.376883  68.386492 
 -0.054371  3.853282  -1.462779  4.124158 
 -8.355530  29.043362  32.052257  44.053137 0
 -8.312737  28.894616  31.888101  43.827741 
 0.000000  0.000000  0.000000  0.000000 
 1.990191  
 0.860663  1.205802  1.526635  1.784464   1.948191   1.998068   1.928079   1.746666   1.475711   1.147893   0.802753   0.481921   0.224092   0.060365   0.010488   0.080477   0.261889   0.532845 
 129.656326  
TUPLE  0.008312  
 -25.634447  74.262107  -45.193624  90.633598 1
 -6.934389  20.812305  -12.620839  25.308948 
 -16.529610  47.162079  -28.746272  57.652893 
 52.755793  19.438077  -8.835685  56.912932 0
 52.342597  19.285833  -8.766481  56.467349 
 0.000000  0.000000  0.000000  0.000000 
 5.145583  
 0.608406  0.393740  0.257980  0.217501   0.277185   0.429833   0.657034   0.931384   1.219792   1.487472   1.702138   1.837898   1.878377   1.818693   1.666045   1.438844   1.164494   0.876086 
 126.775291  
TUPLE  33.718788  
 -40.825383  55.150266  49.662421  84.703127 0
 -40.817783  55.139999  49.653176  84.687474 
 0.000000  0.000000  0.000000  0.000000 
 24.906716  22.184801  -21.082988  39.458868 1
 20.950658  19.060006  -17.670129  33.383631 
 2.961689  2.239095  -2.571149  4.518204 
 1.255055  
 1.156080  0.925662  0.732215  0.599071   0.542290   0.568720   0.675174   0.848811   1.068689   1.308286   1.538704   1.732152   1.865295   1.922076   1.895646   1.789192   1.615555   1.395677 
 124.160912  
TUPLE  36.744804  
 -58.905592  42.932699  71.376490  102.018080 1
 -34.576506  25.258998  41.998888  59.978978 
 -26.990174  19.613213  32.602074  46.648270 
 -7.363769  47.380849  -25.328258  54.228134 3
 -7.143071  45.960791  -24.569141  52.611476 
 0.000000  0.000000  0.000000  0.000000 
 2.275610  
 0.817683  0.634609  0.462843  0.323102   0.232239   0.201216   0.233773   0.325984   0.466727   0.639026   0.822100   0.993866   1.133607   1.224470   1.255493   1.222936   1.130725   0.989982 
 122.095772  
TUPLE  33.718788  
 -66.316399  -25.107590  -95.824816  119.208436 1
 -39.616017  -14.720858  -56.643416  70.672686 
 -30.539546  -11.840258  -44.728863  55.439562 
 16.301323  -30.173448  -141.133083  145.240205 0
 15.798254  -29.242277  -136.777630  140.758073 
 0.000000  0.000000  0.000000  0.000000 
 3.722527  
 0.320355  0.292779  0.355437  0.500772   0.711255   0.961498   1.221319   1.459378   1.646963   1.761448   1.789025   1.726367   1.581032   1.370549   1.120305   0.860485   0.622425   0.434840 
 130.941559  
TUPLE  31.355324  
 -51.537420  26.557763  -56.448542  80.918838 0
 -53.699023  27.671659  -58.816130  84.312884 
 0.000000  0.000000  0.000000  0.000000 
 6.943213  48.999804  17.621314  52.532844 0
 6.982491  49.276996  17.720998  52.830206 
 0.000000  0.000000  0.000000  0.000000 
 3.252048  
 1.351794  1.380361  1.331401  1.210820   1.033162   0.819854   0.596625   0.390400   0.226052   0.123404   0.094837   0.143797   0.264378   0.442037   0.655345   0.878573   1.084799   1.249147 
 115.789261  
TUPLE  0.001334  
 -99.874360  15.041175  273.008857  291.092701 0
 -99.071538  14.920269  270.814325  288.752839 
 0.000000  0.000000  0.000000  0.000000 
 -5.339707  30.917410  151.627327  154.839417 1
 -4.591774  25.179318  122.794965  125.434067 
 -0.920608  6.737894  33.735661  34.414529 
 2.652337  
 0.952887  1.214322  1.458110  1.654847   1.780804   1.820788   1.769977   1.634500   1.430696   1.183148   0.921714   0.677926   0.481189   0.355232   0.315248   0.366058   0.501536   0.705339 
 96.598618  
TUPLE  33.402683  
 1.707964  -43.400586  235.165455  239.142884 3
 1.702930  -43.272614  234.472044  238.440564 
 0.000000  0.000000  0.000000  0.000000 
 35.852179  -5.964826  39.077091  53.366440 1
 4.772891  -1.021613  5.579672  7.414607 
 34.297278  -5.478600  37.004868  50.751323 
 1.827802  
 0.479112  0.351976  0.226906  0.118986   0.041235   0.003030   0.008978   0.058363   0.145228   0.259096   0.386232   0.511303   0.619222   0.696973   0.735179   0.729230   0.679845   0.592980 
 100.257538  
TUPLE  35.796818  
 -8.998730  -77.786903  -176.826430  193.389157 1
 -5.537792  -48.862468  -111.176137  121.566281 
 -3.857051  -32.348520  -73.433987  80.335996 
 -55.954544  14.127692  -96.231101  112.209303 1
 -43.797352  11.100957  -75.617925  88.088190 
 -10.997371  2.733894  -18.618500  21.796401 
 1.094754  
 0.798447  1.137941  1.461296  1.729509   1.910231   1.981664   1.935192   1.776420   1.524498   1.209813   0.870318   0.546964   0.278750   0.098028   0.026595   0.073067   0.231839   0.483761 
 115.715942  
TUPLE  53.569981  
 34.055082  -39.989328  2.957338  52.608372 0
 34.184976  -40.141857  2.968618  52.809217 
 0.000000  0.000000  0.000000  0.000000 
 -40.433081  -31.673372  61.313568  79.983687 0
 -38.084015  -29.833225  57.751395  75.336954 
 0.000000  0.000000  0.000000  0.000000 
 4.126050  
 1.635353  1.698000  1.658762  1.522372   1.305281   1.033672   0.740307   0.460568   0.228198   0.071222   0.008575   0.047813   0.184203   0.401295   0.672903   0.966269   1.246007   1.478378 
 152.740891  
TUPLE  33.402683  
 -11.946273  99.103945  252.582392  271.591918 1
 -8.367181  69.317843  176.583340  189.885935 
 -3.443701  28.662977  73.136586  78.628263 
 42.296501  2.871871  57.883299  71.747598 0
 42.827579  2.907930  58.610085  72.648601 
 0.000000  0.000000  0.000000  0.000000 
 6.121963  
 0.114847  0.254731  0.471741  0.739702   1.026293   1.296948   1.519021   1.665728   1.719373   1.673486   1.533601   1.316591   1.048631   0.762040   0.491385   0.269312   0.122605   0.068960 
 128.909912  
TUPLE  31.800991  
 72.616890  158.496640  -256.792446  310.381633 1
 21.558018  46.679897  -76.156912  91.889366 
 50.855122  111.372034  -179.915044  217.622183 
 70.719398  34.128143  -198.290423  213.272256 3
 69.233464  33.411054  -194.124012  208.792827 
 0.000000  0.000000  0.000000  0.000000 
 4.023458  
 1.485756  1.328316  1.118200  0.880750   0.644608   0.438255   0.286580   0.207878   0.211640   0.297415   0.454855   0.664971   0.902420   1.138562   1.344916   1.496591   1.575293   1.571530 
 116.888206  
TUPLE  31.800991  
 25.384771  106.374081  -130.063216  169.930197 1
 15.764564  66.498302  -81.870334  106.645754 
 8.061321  33.343342  -40.205689  52.851481 
 30.632538  54.267918  -162.963184  174.471656 1
 13.780488  24.561302  -73.014043  78.257456 
 14.000262  24.654454  -74.777815  79.972428 
 3.898333  
 0.596973  0.405749  0.238149  0.114386   0.049389   0.050997   0.119016   0.245243   0.414452   0.606234   0.797457   0.965058   1.088821   1.153818   1.152210   1.084190   0.957964   0.788755 
 111.702393  
TUPLE  0.718627  
 -170.253542  26.934177  -292.616327  339.611592 0
 -171.852547  27.187140  -295.364551  342.801220 
 0.000000  0.000000  0.000000  0.000000 
 -0.676249  30.091475  -26.956003  40.405201 0
 -0.633526  28.190421  -25.253036  37.852827 
 0.000000  0.000000  0.000000  0.000000 
 4.338409  
 1.197561  0.942234  0.679201  0.440187   0.254022   0.143159   0.120970   0.190131   0.342302   0.559126   0.814454   1.077487   1.316500   1.502666   1.613529   1.635718   1.566556   1.414386 
 119.560326  
TUPLE  33.402683  
 53.336118  -13.403986  -127.709506  139.047209 3
 52.986391  -13.316095  -126.872107  138.139562 
 0.000000  0.000000  0.000000  0.000000 
 -7.738687  -47.470461  -31.994249  57.766460 1
 -2.979745  -16.360984  -11.147299  20.021050 
 -4.312275  -28.369527  -19.000274  34.415903 
 1.177258  
 1.710459  1.852000  1.883968  1.802505   1.617439   1.351091   1.035586   0.708979   0.410663   0.176620   0.035079   0.003111   0.084573   0.269639   0.535988   0.851493   1.178100   1.476416 
 118.866989  
TUPLE  31.355324  
 -101.244912  -26.892147  -95.939492  142.049659 0
 -100.423541  -26.673979  -95.161162  140.897320 
 0.000000  0.000000  0.000000  0.000000 
 6.350412  -40.080479  6.004539  41.022275 1
 3.308667  -22.013250  3.321150  22.507332 
 3.033762  -18.016856  2.675842  18.465892 
 0.398863  
 1.241109  1.171733  1.137642  1.142947   1.187009   1.264512   1.366110   1.479547   1.591142   1.687435   1.756810   1.790902   1.785597   1.741535   1.664032   1.562434   1.448997   1.337402 
 173.913971  
TUPLE  31.800991  
 -73.207475  -0.321202  -31.376263  79.648650 1
 -40.237265  -0.455190  -16.948910  43.663827 
 -28.879186  0.151944  -12.673966  31.538518 
 24.665840  21.331524  -15.394006  36.061240 0
 24.483967  21.174237  -15.280499  35.795616 
 0.000000  0.000000  0.000000  0.000000 
 2.224001  
 1.965153  1.996025  1.944368  1.816412   1.627592   1.400681   1.163049   0.943356   0.768103   0.658426   0.627554   0.679211   0.807166   0.995987   1.222898   1.460530   1.680222   1.855476 
 148.617752  
TUPLE  31.355324  
 -70.648786  53.797010  89.174971  125.847307 1
 -42.903655  32.993953  54.363671  76.712142 
 -29.326775  22.007422  36.807687  51.953926 
 -46.649737  -27.212181  69.954245  88.375886 0
 -44.875118  -26.176992  67.293090  85.014061 
 0.000000  0.000000  0.000000  0.000000 
 0.582825  
 0.262048  0.269551  0.379886  0.579746   0.845025   1.143725   1.439819   1.697594   1.885959   1.982193   1.974690   1.864355   1.664495   1.399216   1.100516   0.804422   0.546647   0.358282 
 102.635590  
TUPLE  33.718788  
 7.460295  -59.550652  27.067684  65.837646 0
 7.588886  -60.577110  27.534241  66.972616 
 0.000000  0.000000  0.000000  0.000000 
 -35.606130  0.627768  -5.117477  35.977482 0
 -35.005982  0.617186  -5.031220  35.371349 
 0.000000  0.000000  0.000000  0.000000 
 6.142527  
 1.851040  1.708045  1.483085  1.203294   0.902417   0.616746   0.380737   0.222855   0.162144   0.205927   0.348921   0.573882   0.853673   1.154550   1.440221   1.676230   1.834112   1.894823 
 106.532921  
TUPLE  36.744804  
 51.141652  -86.938820  106.635989  146.782360 0
 48.790164  -82.941381  101.732876  140.033390 
 0.000000  0.000000  0.000000  0.000000 
 -33.924060  -17.037019  62.839193  73.415708 1
 -5.680386  -2.617000  10.498283  12.220839 
 -29.823658  -15.213503  55.267588  64.617534 
 0.603880  
 0.867934  0.884436  0.902225  0.919154   0.933182   0.942618   0.946322   0.943849   0.935496   0.922271   0.905769   0.887981   0.871052   0.857023   0.847588   0.843883   0.846357   0.854709 
 121.619621  
TUPLE  35.796818  
 50.572711  48.893909  71.034140  99.970308 1
 21.697245  20.371113  29.999225  42.257848 
 31.754422  31.306182  45.078678  63.407616 
 52.524763  -35.724472  115.415601  131.741601 1
 27.386620  -18.794090  60.616865  69.120681 
 20.150842  -13.538293  43.839856  50.112802 
 6.168564  
 0.040025  0.113796  0.277172  0.510447   0.785484   1.069111   1.327117   1.528383   1.648634   1.673365   1.599594   1.436218   1.202943   0.927906   0.644279   0.386273   0.185007   0.064756 
 123.474953  
TUPLE  36.744804  
 -45.403296  -35.716129  46.453563  74.128502 0
 -44.929931  -35.343761  45.969248  73.355786 
 0.000000  0.000000  0.000000  0.000000 
 -31.674750  28.383149  27.980950  50.909984 1
 -21.587607  19.268225  19.136906  34.691929 
 -10.260084  9.269887  8.996816  16.497305 
 1.716279  
 1.874359  1.981589  1.978985  1.866862   1.658742   1.379729   1.063475   0.748125   0.471716   0.267586   0.160356   0.162959   0.275083   0.483202   0.762216   1.078469   1.393819   1.670229 
 117.383621  
TUPLE  0.028151  
 -36.938349  -63.061247  41.580817  84.084047 1
 -12.598927  -21.127547  14.135188  28.371274 
 -22.530315  -38.845190  25.409151  51.596580 
 32.054061  -12.331896  10.839150  36.014243 1
 5.758964  -1.961810  1.961963  6.393993 
 23.462828  -9.280450  7.919449  26.445547 
 6.070961  
 1.574548  1.637556  1.628705  1.549062   1.408234   1.223206   1.016294   0.812457   0.636280   0.509012   0.446003   0.454854   0.534497   0.675325   0.860354   1.067265   1.271102   1.447279 
 132.423569  
TUPLE  31.800991  
 -32.771223  -48.267599  42.254503  72.035805 3
 -32.333743  -47.623252  41.690426  71.081952 
 0.000000  0.000000  0.000000  0.000000 
 -33.555350  10.759750  23.456081  42.331093 1
 -18.188162  5.495032  12.742670  22.877931 
 -16.211306  5.535392  11.303471  20.523978 
 5.238988  
 1.911142  1.985207  1.982839  1.904323   1.759130   1.564773   1.344693   1.125436   0.933446   0.791882   0.717817   0.720186   0.798701   0.943894   1.138251   1.358331   1.577589   1.769578 
 103.086159  
TUPLE  33.402683  
 46.129097  -118.117741  38.275874  132.456547 1
 29.443765  -74.698754  24.425879  83.925456 
 14.937951  -38.944645  12.400094  43.515609 
 62.170914  -5.467436  1.864634  62.438708 1
 52.479595  -4.726241  1.617664  52.716995 
 7.720578  -0.567884  0.187864  7.744891 
 0.672076  
 1.993536  1.913510  1.733700  1.475793   1.170898   0.855788   0.568471   0.343601   0.208302   0.178892   0.258918   0.438728   0.696635   1.001530   1.316640   1.603957   1.828826   1.964126 
 123.740166  
TUPLE  53.569981  
 -82.327216  46.270941  -2.453160  94.471099 1
 -18.197687  10.163693  -0.766390  20.858171 
 -59.945503  33.755675  -1.562096  68.814005 
 -40.667247  -9.390053  62.933093  75.515378 0
 -40.865906  -9.435923  63.240522  75.884399 
 0.000000  0.000000  0.000000  0.000000 
 0.610037  
 0.067249  0.214112  0.448442  0.741977   1.059311   1.362169   1.614023   1.784495   1.853023   1.811342   1.664479   1.430149   1.136615   0.819280   0.516422   0.264568   0.094097   0.025568 
 109.718239  
TUPLE  35.796818  
 41.563314  10.563937  -22.595458  48.473297 0
 40.558904  10.308652  -22.049422  47.302109 
 0.000000  0.000000  0.000000  0.000000 
 0.688516  -41.579444  -41.143403  58.498751 0
 0.680880  -41.118301  -40.687095  57.850129 
 0.000000  0.000000  0.000000  0.000000 
 0.645367  
 0.377847  0.576943  0.842258  1.141792   1.439417   1.699234   1.889906   1.988435   1.982937   1.874075   1.674980   1.409664   1.110130   0.812506   0.552688   0.362016   0.263487   0.268985 
 128.935547  
TUPLE  0.028151  
 13.014405  -85.127716  111.225471  140.667011 0
 12.838478  -83.976969  109.721937  138.765560 
 0.000000  0.000000  0.000000  0.000000 
 24.765149  17.110649  90.316457  95.200574 1
 6.897743  4.603595  24.175617  25.558792 
 17.868525  12.507827  66.144927  69.648399 
 3.179113  
 1.823383  1.637636  1.375342  1.068136   0.753072   0.468152   0.247742   0.118425   0.095799   0.182595   0.368341   0.630636   0.937842   1.252905   1.537825   1.758236   1.887553   1.910178 
 120.459282  
Analysed so far:      20001 events from          1 files, Run Number=    284500
TUPLE  35.796818  
 -67.017079  -1.112029  53.145582  85.539338 1
 -60.784352  -0.917053  48.173264  77.564562 
 -6.828483  -0.204868  5.444762  8.736922 
 -28.818260  44.297181  48.806426  71.936080 1
 -1.923924  2.941319  3.415983  4.903188 
 -28.520917  43.856116  48.145211  71.096984 
 5.102443  
 0.107485  0.177001  0.345307  0.592104   0.887626   1.196226   1.480684   1.706690   1.846984   1.884645   1.815130   1.646824   1.400026   1.104505   0.795904   0.511446   0.285440   0.145146 
 114.649567  
TUPLE  35.796818  
 45.421107  -50.624919  -32.258713  75.276716 1
 12.268350  -14.228646  -8.807657  20.749966 
 28.331785  -31.022972  -20.027133  46.542659 
 -27.117424  -37.835455  -32.976068  57.046449 1
 -0.972993  -1.330801  -1.155477  2.018008 
 -27.025352  -37.733755  -32.891834  56.886702 
 2.159215  
 1.759836  1.795949  1.745082  1.613370   1.416701   1.178795   0.928347   0.695565   0.508526   0.389790   0.353677   0.404544   0.536256   0.732925   0.970831   1.221279   1.454061   1.641100 
 125.578514  
TUPLE  35.796818  
 -28.666555  -35.733517  -52.642369  69.784487 2
 -12.448799  -15.104908  -22.280444  29.657520 
 -15.288480  -19.470252  -28.655437  37.878863 
 33.257519  -16.936135  16.690382  40.883543 1
 20.835528  -10.217105  10.120134  25.316893 
 14.791499  -7.925684  7.759393  18.488681 
 1.133599  
 1.665083  1.379891  1.047474  0.707926   0.402202   0.167177   0.031198   0.010666   0.108058   0.311627   0.596819   0.929236   1.268784   1.574508   1.809533   1.945512   1.966044   1.868652 
 149.629333  
TUPLE  35.796818  
 11.517694  -50.471205  34.794627  62.375202 0
 11.281291  -49.435274  34.080460  61.095099 
 0.000000  0.000000  0.000000  0.000000 
 46.903220  -4.189425  -25.959470  53.771344 1
 32.103767  -2.753545  -17.674126  36.750892 
 17.858210  -1.709091  -9.978272  20.528536 
 3.622276  
 0.761954  0.502919  0.313221  0.215741   0.222235   0.331920   0.531568   0.797097   1.096480   1.393609   1.652643   1.842341   1.939822   1.933328   1.823642   1.623995   1.358466   1.059082 
 119.372337  
TUPLE  31.800991  
 9.110879  -105.797443  -635.108100  643.924223 1
 2.410998  -25.416375  -153.629840  155.736805 
 6.499007  -78.048408  -467.475177  473.990349 
 -53.369034  -89.462454  -369.047370  383.468050 1
 -30.435133  -51.436530  -210.493165  218.813633 
 -1.177256  -1.555271  -8.106775  8.339234 
 1.408693  
 0.889439  1.137658  1.356127  1.518495   1.605180   1.605725   1.520064   1.358530   1.140605   0.892576   0.644357   0.425888   0.263519   0.176835   0.176290   0.261951   0.423485   0.641409 
 95.329918  
TUPLE  33.718788  
 8.604009  45.732775  35.043545  58.254319 1
 2.059304  12.274546  9.470709  15.640301 
 7.106444  36.444041  27.860768  46.421011 
 -31.755631  -9.780175  0.364452  33.229577 0
 -31.206982  -9.611201  0.358156  32.655760 
 0.000000  0.000000  0.000000  0.000000 
 0.082332  
 1.104948  1.034342  0.984002  0.960000   0.965229   0.999061   1.057413   1.133249   1.217420   1.299775   1.370381   1.420721   1.444724   1.439494   1.405662   1.347310   1.271474   1.187303 
 114.062920  
TUPLE  33.402683  
 -2.995902  89.291513  30.924716  94.542518 1
 -2.567341  79.826202  27.836852  84.579688 
 -0.450516  10.119808  3.314538  10.659168 
 -52.699371  2.761459  16.945133  55.425508 2
 -22.427378  1.644717  7.280963  23.637350 
 -35.731349  1.402816  11.419590  37.547576 
 5.148496  
 0.960499  1.097112  1.247748  1.394238   1.518912   1.606733   1.647108   1.635169   1.572354   1.466240   1.329626   1.178991   1.032501   0.907827   0.820006   0.779631   0.791570   0.854385 
 133.004730  
TUPLE  31.800991  
 7.313673  52.502301  10.235183  53.988336 0
 7.268776  52.180003  10.172352  53.657097 
 0.000000  0.000000  0.000000  0.000000 
 38.531701  -4.480630  19.862407  43.580767 1
 27.544139  -3.202272  14.644927  31.359648 
 17.764197  -2.066374  8.710380  19.892851 
 5.358027  
 1.622347  1.723464  1.786754  1.804584   1.774804   1.701005   1.592089   1.461192   1.324104   1.197357   1.096241   1.032951   1.015121   1.044901   1.118700   1.227616   1.358512   1.495601 
 120.411339  
TUPLE  31.800991  
 -25.289180  -85.827812  50.372922  102.680998 3
 -24.834581  -84.284983  49.467422  100.843666 
 0.000000  0.000000  0.000000  0.000000 
 12.081836  -47.088724  -24.750339  54.551792 1
 0.675212  -2.820266  -1.587215  3.308858 
 11.459293  -44.473737  -23.271021  51.485797 
 5.595828  
 0.198520  0.352972  0.546659  0.756220   0.956379   1.122993   1.235966   1.281672   1.254598   1.158010   1.003558   0.809871   0.600310   0.400151   0.233537   0.120564   0.074858   0.101932 
 122.862434  
TUPLE  35.796818  
 26.291561  83.385481  2.985385  87.483125 2
 8.240082  27.284554  1.046542  28.521230 
 18.100069  56.255016  1.944360  59.127766 
 -55.380384  53.376137  -1.315088  76.926773 1
 -22.708621  22.475186  -0.550551  31.955251 
 -34.773962  32.927058  -0.814456  47.896776 
 0.307349  
 0.874569  0.828415  0.749094  0.646174   0.532066   0.420536   0.325034   0.257081   0.224871   0.232291   0.278444   0.357765   0.460686   0.574793   0.686324   0.781825   0.849779   0.881988 
 134.896042  
TUPLE  44.201973  
 -54.971070  -42.056028  -24.568952  73.444955 1
 -13.152787  -9.837024  -5.991976  17.483881 
 -48.924316  -37.655517  -21.752969  65.457899 
 -21.256785  21.967965  -6.001854  31.152281 0
 -5.947170  6.146142  -1.679183  8.716824 
 0.000000  0.000000  0.000000  0.000000 
 0.937357  
 0.132946  0.021054  0.022569  0.137309   0.351435   0.639120   0.965664   1.291682   1.577851   1.789655   1.901548   1.900033   1.785292   1.571167   1.283482   0.956938   0.630920   0.344750 
 110.629623  
TUPLE  33.718788  
 -53.550632  89.741090  34.791056  110.143320 1
 -3.781315  6.095958  2.330020  7.543707 
 -51.450946  86.463252  33.553572  106.061087 
 -55.592064  -12.368697  -22.379753  61.190813 0
 -55.937622  -12.445581  -22.518865  61.571331 
 0.000000  0.000000  0.000000  0.000000 
 2.127852  
 0.833721  0.833885  0.784190  0.690630   0.564490   0.420985   0.277422   0.151119   0.057308   0.007305   0.007141   0.056836   0.150395   0.276535   0.420041   0.563603   0.689907   0.783718 
 130.678268  
TUPLE  33.402683  
 -1.678276  162.385359  -13.630917  162.965098 1
 -1.158228  112.376774  -9.531921  112.786337 
 -0.475139  45.662938  -3.734215  45.818034 
 -55.936021  52.141584  5.584857  76.673163 3
 -56.220110  52.406403  5.613222  77.073618 
 0.000000  0.000000  0.000000  0.000000 
 2.112115  
 1.186084  1.317856  1.409331  1.449476   1.433448   1.363182   1.247151   1.099352   0.937610   0.781434   0.649662   0.558187   0.518042   0.534070   0.604337   0.720367   0.868167   1.029909 
 126.234642  
TUPLE  33.402683  
 -41.125160  -151.996816  220.456061  270.915459 0
 -42.402595  -156.718163  227.303898  279.330707 
 0.000000  0.000000  0.000000  0.000000 
 20.248102  -56.024624  49.850450  77.677612 0
 20.213455  -55.928759  49.765150  77.544822 
 0.000000  0.000000  0.000000  0.000000 
 2.792000  
 0.537481  0.362297  0.278449  0.296051   0.412980   0.615132   0.878125   1.170238   1.456238   1.701628   1.876812   1.960660   1.943058   1.826129   1.623977   1.360984   1.068871   0.782872 
 122.494400  
TUPLE  33.402683  
 53.287923  -12.472634  14.853058  56.707872 1
 17.460963  -4.184753  4.667761  18.552759 
 33.867168  -7.829169  9.639039  36.072292 
 -22.185844  27.653919  2.473357  35.539674 1
 -17.502089  22.358967  1.570322  28.438212 
 -6.290224  7.297365  1.082130  9.695756 
 2.060004  
 0.549545  0.706104  0.920494  1.166856   1.415474   1.636363   1.802878   1.894937   1.901435   1.821589   1.665030   1.450640   1.204278   0.955660   0.734771   0.568256   0.476197   0.469699 
 141.284714  
TUPLE  0.008312  
 37.722461  -32.857180  39.358500  63.652729 0
 37.508738  -32.671022  39.135507  63.292247 
 0.000000  0.000000  0.000000  0.000000 
 32.849174  1.019911  47.663101  57.895420 1
 5.449141  0.264492  8.106611  9.772396 
 32.879983  0.925563  47.507723  57.783665 
 1.379188  
 1.539646  1.706776  1.776615  1.740737   1.603472   1.381374   1.101233   0.796837   0.504901   0.260638   0.093507   0.023669   0.059547   0.196812   0.418910   0.699051   1.003447   1.295382 
 111.270203  
TUPLE  33.718788  
 63.027862  18.840314  67.014409  93.906336 1
 17.621739  4.977747  18.482212  26.017596 
 47.603248  14.519332  50.868291  71.165171 
 -2.705053  42.381405  93.702654  102.877054 0
 -1.101151  17.252273  38.143705  41.878576 
 0.000000  0.000000  0.000000  0.000000 
 1.067861  
 1.467776  1.156903  0.833930  0.537812   0.304265   0.161459   0.126617   0.203943   0.384110   0.645386   0.956259   1.279232   1.575350   1.808897   1.951703   1.986545   1.909219   1.729052 
 114.830132  
TUPLE  36.744804  
 -45.344436  15.532700  -5.729560  48.272254 1
 -40.755042  13.957567  -5.151698  43.386018 
 -4.772330  1.637793  -0.600977  5.083000 
 3.333818  -41.882180  -7.137324  42.616578 1
 0.240319  -2.006882  -0.327568  2.052342 
 3.153548  -40.629682  -6.938314  41.338534 
 5.954302  
 0.035674  0.107059  0.207699  0.325456   0.446126   0.555154   0.639390   0.688675   0.697063   0.663543   0.592158   0.491518   0.373761   0.253092   0.144063   0.059827   0.010542   0.002154 
 106.652641  
TUPLE  33.402683  
 31.453270  -61.427636  89.940265  113.366282 1
 25.542034  -48.627965  71.556894  90.207999 
 9.210099  -19.242285  27.816429  35.055148 
 -63.596147  -17.683109  82.493635  105.652081 2
 -9.334828  -2.562961  12.683435  15.956090 
 -56.846026  -15.838829  73.162947  94.011757 
 1.616402  
 0.017754  0.033078  0.128197  0.291640   0.503691   0.738774   0.968536   1.165263   1.305227   1.371546   1.356222   1.261103   1.097661   0.885610   0.650526   0.420764   0.224038   0.084073 
 140.852966  
TUPLE  35.796818  
 -67.884060  -55.448744  157.447880  180.201675 0
 -71.959575  -58.777687  166.900485  191.020387 
 0.000000  0.000000  0.000000  0.000000 
 -39.574367  -1.885001  121.565616  127.858839 1
 -34.543816  -1.256482  105.637720  111.149455 
 -9.146987  -0.824629  28.572911  30.012944 
 6.152159  
 1.683297  1.853139  1.938367  1.928703   1.825312   1.640665   1.397032   1.123800   0.853924   0.619955   0.450114   0.364885   0.374549   0.477940   0.662588   0.906221   1.179453   1.449329 
 110.405090  
TUPLE  35.796818  
 -67.191553  33.554908  -1.862061  75.127251 1
 -5.966554  2.863534  0.009077  6.619604 
 -62.708749  31.432356  -1.912258  70.171612 
 -54.832437  -26.778398  -98.119122  115.546704 3
 -52.106255  -25.447020  -93.240799  109.805931 
 0.000000  0.000000  0.000000  0.000000 
 2.054796  
 0.339006  0.461667  0.667659  0.932139   1.223206   1.505753   1.745700   1.914106   1.990660   1.966127   1.843467   1.637474   1.372994   1.081928   0.799381   0.559434   0.391027   0.314474 
 131.959473  
TUPLE  33.402683  
 27.649882  98.002926  264.419083  283.348797 0
 28.687735  101.681518  274.344194  293.984478 
 0.000000  0.000000  0.000000  0.000000 
 59.930108  -15.698721  198.056116  207.519380 0
 58.914738  -15.432744  194.700535  204.003514 
 0.000000  0.000000  0.000000  0.000000 
 5.281330  
 0.166787  0.187642  0.243232  0.326852   0.428415   0.535672   0.635686   0.716394   0.768062   0.784456   0.763601   0.708011   0.624391   0.522828   0.415571   0.315557   0.234849   0.183182 
 127.723839  
TUPLE  0.874500  
 66.224619  -15.328543  5.496903  68.197363 2
 40.417832  -9.694122  3.436664  41.706202 
 30.388063  -6.694816  2.440502  31.213520 
 37.074171  54.985609  -17.093467  68.484290 1
 29.464455  43.900494  -13.351423  54.531527 
 6.919094  10.060834  -3.423625  12.682021 
 1.438445  
 1.114191  1.302408  1.457756  1.561499   1.601123   1.571850   1.477210   1.328618   1.143997   0.945614   0.757397   0.602049   0.498306   0.458682   0.487955   0.582595   0.731187   0.915808 
 124.987221  
TUPLE  33.718788  
 18.413401  120.461211  53.247683  132.985986 1
 5.047464  31.172991  13.581845  34.376129 
 13.076157  87.392439  38.827844  96.519656 
 -49.811532  40.570300  11.513798  65.266419 2
 -14.973731  11.891931  3.212276  19.389916 
 -37.262112  30.652904  8.861894  49.057839 
 0.311452  
 0.818866  1.012161  1.216785  1.408056   1.562905   1.662654   1.695273   1.656827   1.551952   1.393300   1.200005   0.995381   0.804110   0.649261   0.549512   0.516893   0.555339   0.660213 
 121.846840  
TUPLE  0.874500  
 2.189504  -132.899700  -127.218782  183.988431 2
 0.386311  -18.095811  -17.303027  25.040404 
 1.824567  -116.101313  -111.157717  160.744999 
 -33.609859  -19.721916  -18.872798  43.298488 1
 -2.502407  -1.606771  -1.547970  3.355510 
 -31.448850  -18.315477  -17.516532  40.389776 
 3.249594  
 1.846766  1.752437  1.563906  1.303912   1.003815   0.699810   0.428565   0.222796   0.107322   0.096071   0.190399   0.378930   0.638924   0.939022   1.243027   1.514272   1.720041   1.835514 
 116.130829  
TUPLE  36.744804  
 -38.233844  18.789713  3.507792  42.745582 0
 -37.493354  18.425805  3.439855  41.917944 
 0.000000  0.000000  0.000000  0.000000 
 -18.486627  -25.111095  1.090717  31.201156 1
 -11.124427  -15.404915  0.993643  19.028165 
 -7.520892  -9.921742  0.106438  12.451278 
 5.973716  
 0.177897  0.395231  0.666621  0.959333   1.238061   1.469187   1.624834   1.686228   1.645964   1.508899   1.291564   1.020174   0.727463   0.448734   0.217608   0.061962   0.000568   0.040831 
 105.490768  
TUPLE  31.355324  
 45.431549  49.963372  -24.185761  71.730853 0
 41.455443  45.590648  -22.069057  65.453218 
 0.000000  0.000000  0.000000  0.000000 
 -23.747886  39.563601  -30.517701  55.322425 1
 -8.129755  13.300443  -9.818367  18.423206 
 -17.910663  30.082647  -23.645811  42.248078 
 0.243337  
 1.124302  0.903118  0.719475  0.595523   0.546214   0.577495   0.685592   0.857467   1.072391   1.304439   1.525624   1.709267   1.833218   1.882527   1.851247   1.743150   1.571274   1.356351 
 121.966843  
TUPLE  33.402683  
 34.035832  -123.380405  -58.051633  140.538800 3
 34.928395  -126.615934  -59.573981  144.229407 
 0.000000  0.000000  0.000000  0.000000 
 44.581406  -37.058697  1.115749  57.983564 1
 22.882809  -19.544649  0.730824  30.102655 
 21.105696  -17.021191  0.370086  27.116904 
 6.165704  
 1.448095  1.216224  0.972513  0.746356   0.565032   0.450411   0.416318   0.466865   0.595955   0.788018   1.019889   1.263600   1.489757   1.671081   1.785702   1.819796   1.769249   1.640159 
 99.742371  
TUPLE  35.796818  
 -53.674649  -67.198017  -206.276743  223.487441 1
 -5.416934  -6.284383  -19.388275  21.089365 
 -49.850264  -62.907421  -193.008763  209.032996 
 12.246293  -47.563319  -15.195451  51.411504 1
 4.850893  -17.388497  -5.566072  18.891576 
 7.292857  -29.776553  -9.502141  32.095760 
 4.090230  
 1.161984  0.924932  0.714419  0.555836   0.468312   0.462402   0.538820   0.688348   0.892952   1.127952   1.365004   1.575517   1.734099   1.821623   1.827533   1.751115   1.601587   1.396984 
 137.598099  
TUPLE  33.402683  
 51.852506  4.382740  72.767049  89.459121 1
 33.994088  3.196668  47.896273  58.820822 
 20.428862  1.403192  28.477916  35.075879 
 9.374612  -38.797989  65.709554  76.882461 1
 1.629575  -7.047061  11.325146  13.438564 
 7.597709  -31.141197  53.351750  62.240877 
 4.894220  
 1.800425  1.804616  1.800768  1.789346   1.771727   1.750037   1.726891   1.705081   1.687239   1.675515   1.671324   1.675172   1.686594   1.704213   1.725903   1.749049   1.770858   1.788701 
 122.108078  
TUPLE  0.718627  
 -49.737249  -63.702435  307.071763  317.529309 0
 -48.834863  -62.546678  301.500545  311.768390 
 0.000000  0.000000  0.000000  0.000000 
 -31.723374  28.409420  164.392137  169.818263 1
 -18.874843  17.335486  99.777591  103.016338 
 -13.896166  12.012132  70.043465  72.412016 
 3.102268  
 1.520148  1.656638  1.698837  1.641655   1.491988   1.267889   0.996388   0.710232   0.443934   0.229616   0.093126   0.050927   0.108109   0.257776   0.481874   0.753375   1.039532   1.305829 
 134.814621  
TUPLE  33.402683  
 61.996109  1.044881  -34.870044  71.137398 1
 15.471598  0.552787  -8.657456  17.738290 
 48.231981  0.520871  -27.172963  55.362292 
 8.967949  -46.912476  -25.199180  54.001881 1
 8.307779  -43.096848  -23.143745  49.618645 
 1.010876  -5.650219  -3.040889  6.497082 
 0.327437  
 0.817607  1.155572  1.476439  1.741507   1.918804   1.986947   1.937715   1.777048   1.524323   1.210024   0.872058   0.551191   0.286123   0.108826   0.040683   0.089915   0.250583   0.503307 
 113.616478  
TUPLE  31.800991  
 -50.062805  8.711039  -57.714269  76.896707 1
 -12.243385  2.609011  -14.553391  19.197086 
 -41.745473  6.785164  -47.686978  63.740012 
 2.859952  42.144878  -2.444644  42.312485 2
 1.069011  15.721335  -1.171856  15.801768 
 1.945883  28.706781  -1.405229  28.808216 
 6.034748  
 1.892671  1.688635  1.402901  1.069935   0.729895   0.423796   0.188558   0.052554   0.032189   0.129918   0.333954   0.619687   0.952654   1.292694   1.598793   1.834031   1.970034   1.990400 
 112.897926  
TUPLE  35.796818  
 14.778160  61.274012  -81.475711  103.010631 1
 10.959803  45.850591  -61.130192  77.196592 
 4.626893  18.775805  -24.803165  31.450822 
 -54.409682  6.908955  -63.593955  83.978201 0
 -50.024193  6.352084  -58.468202  77.209578 
 0.000000  0.000000  0.000000  0.000000 
 3.681558  
 0.803968  0.726339  0.637784  0.548983   0.470646   0.412224   0.380761   0.380053   0.410186   0.467525   0.545154   0.633709   0.722511   0.800847   0.859270   0.890732   0.891440   0.861307 
 104.792885  
TUPLE  33.402683  
 -27.980765  34.930076  -7.318897  45.349749 2
 -9.195421  11.768232  -2.445499  15.134299 
 -19.006066  23.437385  -4.931132  30.588493 
 27.416506  23.615970  -38.110614  52.552809 1
 6.823048  5.846830  -10.014147  13.455186 
 20.439988  17.636946  -27.883135  38.811627 
 3.957025  
 1.349037  1.016534  0.682388  0.386902   0.165716   0.045509   0.040779   0.152096   0.366035   0.656791   0.989294   1.323440   1.618926   1.840112   1.960319   1.965049   1.853731   1.639793 
 131.382996  
TUPLE  33.718788  
 -32.515092  61.447108  -86.519136  110.988915 0
 -32.962147  62.291953  -87.708701  112.515005 
 0.000000  0.000000  0.000000  0.000000 
 52.997055  43.339282  -270.570713  279.097638 1
 35.184670  28.846376  -179.532124  185.207660 
 18.223738  14.829296  -93.138728  96.056512 
 5.531646  
 0.213630  0.126028  0.059834  0.023031   0.020059   0.051277   0.112918   0.197549   0.294960   0.393404   0.481006   0.547200   0.584003   0.586974   0.555757   0.494116   0.409485   0.312074 
 124.588249  
TUPLE  35.796818  
 -75.098119  -8.015002  29.810742  81.195124 0
 -74.791097  -7.982235  29.688867  80.863296 
 0.000000  0.000000  0.000000  0.000000 
 -10.172767  42.599403  -29.496152  52.803573 1
 -8.832648  36.943686  -25.894235  45.971540 
 -1.423440  6.004624  -3.843503  7.271343 
 2.215964  
 0.471562  0.581502  0.727374  0.891584   1.054326   1.195970   1.299433   1.352235   1.348008   1.287261   1.177321   1.031449   0.867239   0.704497   0.562853   0.459390   0.406588   0.410815 
 156.347809  
TUPLE  35.796818  
 -76.049102  -18.162877  -93.933431  122.216388 1
 -52.291827  -12.252552  -64.233999  83.729244 
 -20.098047  -5.036379  -25.179662  32.608744 
 -31.078860  -56.095354  -100.598549  119.300680 0
 -32.230434  -58.173872  -104.326057  123.721242 
 0.000000  0.000000  0.000000  0.000000 
 4.300415  
 1.812026  1.643093  1.392807  1.091356   0.775100   0.482183   0.247937   0.100613   0.057983   0.125187   0.294119   0.544405   0.845856   1.162112   1.455029   1.689276   1.836599   1.879230 
 138.004349  
TUPLE  35.796818  
 59.450247  -117.992183  -203.361797  242.512902 1
 13.147909  -26.395603  -45.194595  53.964491 
 48.408510  -95.776750  -165.371803  197.140612 
 -17.575225  -34.874078  -3.079955  39.173664 1
 -1.655318  -3.039020  -0.315996  3.477794 
 -16.318886  -32.626751  -2.833879  36.590436 
 4.386647  
 0.306902  0.143050  0.056808  0.058578   0.148147   0.314711   0.538180   0.791601   1.044407   1.266106   1.429959   1.516201   1.514431   1.424862   1.258298   1.034829   0.781408   0.528602 
 132.257706  
TUPLE  33.402683  
 58.949134  -33.667573  -200.489789  211.671116 0
 59.366833  -33.906133  -201.910411  213.171012 
 0.000000  0.000000  0.000000  0.000000 
 -14.729755  -46.001376  -79.863507  93.334195 0
 -14.972485  -46.759427  -81.179569  94.872342 
 0.000000  0.000000  0.000000  0.000000 
 3.294121  
 1.585740  1.746675  1.819441  1.795263   1.677057   1.479079   1.225209   0.946067   0.675323   0.445631   0.284696   0.211929   0.236107   0.354314   0.552292   0.806162   1.085303   1.356048 
 129.159546  
TUPLE  33.402683  
 -28.668418  -49.287073  21.173600  60.822817 1
 -19.607129  -34.989392  14.889566  42.783358 
 -9.189235  -14.517655  6.378534  18.327800 
 -43.835456  20.158785  15.669817  50.729350 1
 -28.878206  13.332879  10.117370  33.378093 
 -17.739108  8.105190  6.546930  20.573054 
 1.293465  
 1.586374  1.345265  1.090152  0.851806   0.658974   0.534915   0.494593   0.542870   0.673925   0.871948   1.113057   1.368170   1.606516   1.799348   1.923407   1.963729   1.915452   1.784397 
 113.714668  
TUPLE  33.402683  
 33.622669  -22.784679  -38.877538  56.223558 1
 16.341705  -10.726071  -19.075034  27.312568 
 15.178991  -10.634189  -17.372014  25.402614 
 -30.362606  -2.119312  -28.923368  41.987386 2
 -13.017303  -0.980323  -12.543762  18.104603 
 -17.300716  -1.135879  -16.337132  23.835598 
 4.582614  
 0.972022  0.711993  0.483340  0.313640   0.223363   0.223396   0.313738   0.483489   0.712177   0.972218   1.232247   1.460901   1.630601   1.720878   1.720844   1.630503   1.460751   1.232063 
 93.770432  
TUPLE  31.800991  
 5.486870  -46.283544  -66.114237  80.891066 1
 2.440391  -23.996564  -34.737403  42.290629 
 3.525672  -26.329138  -37.150895  45.671228 
 -27.582189  19.322962  -42.119250  53.927593 1
 -12.548316  8.680483  -19.658669  24.885614 
 -15.511482  10.977073  -23.189912  29.981535 
 5.647984  
 0.436772  0.731981  1.054793  1.366270   1.628845   1.810847   1.890323   1.857689   1.716880   1.484879   1.189670   0.866859   0.555381   0.292806   0.110805   0.031328   0.063962   0.204772 
 104.516129  
TUPLE  33.718788  
 -52.250475  -23.342817  -332.460831  337.350268 1
 -14.012595  -6.143785  -88.800961  90.109539 
 -35.580505  -16.011858  -226.751484  230.083911 
 -4.866110  -43.104614  -70.853769  83.077936 3
 -4.770156  -42.254627  -69.456588  81.447342 
 0.000000  0.000000  0.000000  0.000000 
 5.175165  
 0.184411  0.118636  0.136543  0.235972   0.404929   0.623037   0.863988   1.098720   1.298921   1.440444   1.506218   1.488311   1.388883   1.219925   1.001817   0.760866   0.526134   0.325933 
 108.907600  
TUPLE  33.718788  
 -44.707220  -33.367058  -29.158324  62.946834 1
 -38.665035  -28.914118  -25.191302  54.457620 
 -4.708345  -3.457433  -3.097083  6.613055 
 -31.972697  8.187974  0.743592  33.012864 0
 -31.876667  8.163381  0.741359  32.914006 
 0.000000  0.000000  0.000000  0.000000 
 5.824104  
 1.365200  1.234376  1.126872  1.055654   1.029312   1.051024   1.118169   1.222651   1.351867   1.490231   1.621054   1.728559   1.799777   1.826118   1.804407   1.737261   1.632779   1.503564 
 112.194534  
TUPLE  33.402683  
 -15.822892  63.819171  265.986966  273.993279 0
 -15.857080  63.957066  266.561689  274.585336 
 0.000000  0.000000  0.000000  0.000000 
 44.442662  37.758019  103.551632  118.843421 1
 29.638725  25.174095  69.311967  79.475514 
 15.550370  13.218084  35.978856  41.364575 
 5.837420  
 0.077307  0.217544  0.449893  0.746330   1.071100   1.385031   1.650257   1.834790   1.916372   1.885162   1.744925   1.512575   1.216138   0.891369   0.577438   0.312211   0.127679   0.046097 
 107.758209  
TUPLE  35.796818  
 -46.214778  -91.932966  69.782194  124.326307 0
 -47.571077  -94.630991  71.830145  127.975080 
 0.000000  0.000000  0.000000  0.000000 
 -41.976166  16.572525  17.247652  48.312820 1
 -9.223104  3.455723  3.666941  10.510642 
 -37.955468  15.170759  15.718336  43.793307 
 4.610535  
 1.609282  1.509418  1.427773  1.374195   1.355147   1.372925   1.425386   1.506202   1.605625   1.711664   1.811528   1.893173   1.946751   1.965799   1.948021   1.895560   1.814744   1.715320 
 131.763855  
TUPLE  31.699320  
 117.360429  51.715666  -137.179951  187.793289 1
 96.549428  42.370698  -112.820646  154.420160 
 20.054995  9.011829  -23.475622  32.164250 
 26.078515  34.903548  -3.165149  43.684835 1
 7.270758  9.731820  -0.644807  12.165833 
 21.164609  28.326144  -2.806393  35.471188 
 2.883938  
 1.713630  1.483900  1.213865  0.936095   0.684093   0.488255   0.372200   0.349928   0.424124   0.585840   0.815569   1.085604   1.363374   1.615376   1.811215   1.927269   1.949541   1.875345 
 123.827988  
TUPLE  33.718788  
 -55.359746  -19.475678  45.476719  74.243757 1
 -9.082164  -3.354426  7.673018  12.354455 
 -46.111306  -16.062758  37.667110  61.669232 
 1.136344  -44.233617  25.618440  51.129333 0
 1.126163  -43.837299  25.388907  50.671423 
 0.000000  0.000000  0.000000  0.000000 
 3.688383  
 1.676270  1.874411  1.971095  1.954662   1.827092   1.603773   1.311641   0.985931   0.665927   0.390228   0.192087   0.095403   0.111837   0.239406   0.462725   0.754857   1.080568   1.400571 
 102.420189  
TUPLE  35.796818  
 171.710484  -62.339408  87.294009  202.462185 1
 71.627948  -25.986825  36.800819  84.617952 
 100.041489  -36.337684  50.472325  117.797286 
 11.221703  -51.595965  40.838112  66.751940 1
 7.208325  -32.404015  25.563816  41.898786 
 4.058221  -19.398130  15.437486  25.121520 
 1.461586  
 0.605104  0.779055  0.935712  1.056181   1.125930   1.136548   1.086753   0.982551   0.836512   0.666248   0.492297   0.335640   0.215171   0.145422   0.134804   0.184599   0.288801   0.434840 
 123.880859  
TUPLE  36.744804  
 77.015312  33.464032  139.790901  163.072670 1
 57.480752  25.068201  104.501465  121.872997 
 22.120266  9.519350  39.982767  46.675090 
 15.807669  -29.753758  55.395569  64.837008 1
 13.057197  -23.954320  44.760160  52.419378 
 3.497188  -7.204930  13.252160  15.484809 
 3.562702  
 1.872700  1.715557  1.467511  1.158479   0.825735   0.509413   0.247666   0.072064   0.003789   0.051074   0.208216   0.456263   0.765295   1.098039   1.414361   1.676108   1.851709   1.919985 
 130.212769  
TUPLE  31.800991  
 -103.276898  -100.608969  -77.084612  163.494097 1
 -30.113837  -29.415022  -22.274387  47.626196 
 -66.111914  -64.324971  -49.547346  104.706470 
 -24.068116  22.273038  -54.656107  63.738940 0
 -21.315902  19.726093  -48.406126  56.450500 
 0.000000  0.000000  0.000000  0.000000 
 4.708973  
 0.908207  0.674496  0.446896  0.252857   0.115784   0.052210   0.069802   0.166440   0.330467   0.542098   0.775809   1.003410   1.197449   1.334522   1.398096   1.380503   1.283865   1.119839 
 136.755508  
TUPLE  33.718788  
 52.718303  -7.063591  35.798320  64.114222 1
 11.617033  -1.121765  8.184950  14.255760 
 41.817449  -6.037785  28.099692  50.742141 
 26.034522  42.524949  12.806154  51.479755 1
 18.409070  30.296161  8.943739  36.561745 
 6.573156  10.509965  3.344800  12.840235 
 0.227842  
 0.199390  0.120232  0.080275  0.084340   0.131935   0.217321   0.330198   0.456952   0.582294   0.691106   0.770264   0.810221   0.806156   0.758561   0.673175   0.560298   0.433544   0.308202 
 108.402855  
TUPLE  33.402683  
 -25.262076  31.847591  -58.991059  71.640677 1
 -22.781543  28.112991  -52.752259  63.969987 
 -4.385395  6.136037  -10.686967  13.080984 
 -22.465875  -30.779950  -15.714706  41.219811 0
 -22.867682  -31.330456  -15.995767  41.957269 
 0.000000  0.000000  0.000000  0.000000 
 4.722470  
 0.834508  0.651361  0.537179  0.505734   0.560819   0.695789   0.894366   1.132597   1.381749   1.611771   1.794918   1.909100   1.940545   1.885460   1.750490   1.551914   1.313682   1.064530 
 126.846764  
TUPLE  31.800991  
 -25.908621  98.767836  -32.678982  107.211277 1
 -7.254609  27.664780  -9.156506  30.030492 
 -18.691628  71.246462  -23.569924  77.336892 
 27.085317  27.482645  -41.502660  56.669047 1
 13.033145  13.487549  -20.492485  27.780178 
 10.482116  10.372669  -15.539799  21.423599 
 2.269427  
 1.781213  1.675789  1.569320  1.474648   1.403193   1.363572   1.360564   1.394533   1.461381   1.553045   1.658470   1.764939   1.859610   1.931066   1.970687   1.973694   1.939726   1.872878 
 126.532852  
TUPLE  33.402683  
 -136.314572  54.767264  -156.393693  214.569576 1
 -102.832709  40.867867  -117.701126  161.549754 
 -40.474749  16.709004  -46.715551  64.029345 
 -30.204399  22.260167  -99.647905  106.477818 1
 -13.419684  9.936425  -45.486580  48.454813 
 -18.654440  13.701695  -60.329766  64.617516 
 2.293251  
 1.780093  1.533983  1.232849  0.913012   0.613051   0.369143   0.210709   0.156858   0.214084   0.375487   0.621597   0.922731   1.242567   1.542529   1.786436   1.944870   1.998722   1.941495 
 82.701683  
TUPLE  35.796818  
 108.027697  19.353407  -540.240043  551.274742 3
 147.096672  26.352703  -735.621616  750.649134 
 0.000000  0.000000  0.000000  0.000000 
 32.181847  38.840760  -66.637779  83.575532 1
 24.411782  30.434161  -51.487456  64.599929 
 10.578181  11.795757  -20.964984  26.279014 
 4.659425  
 0.438613  0.225647  0.090750  0.050193   0.108868   0.259696   0.484488   0.756128   1.041853   1.307201   1.520167   1.655064   1.695621   1.636947   1.486118   1.261327   0.989687   0.703961 
 135.634933  
TUPLE  33.718788  
 -3.507148  87.455542  -61.813994  107.152890 2
 -2.046563  43.115271  -30.922212  53.097248 
 -1.646728  48.982122  -34.172666  59.770867 
 -57.053693  -9.181141  -23.611786  62.425425 1
 -2.897396  -0.544563  -1.221473  3.194202 
 -57.596619  -9.190163  -23.814087  62.999671 
 1.912691  
 1.153038  1.362560  1.571817  1.755572   1.891660   1.963667   1.962908   1.889474   1.752223   1.567710   1.358188   1.148931   0.965176   0.829088   0.757081   0.757840   0.831274   0.968525 
 136.602280  
TUPLE  33.402683  
 79.365925  -20.550797  41.113788  91.714933 0
 80.040188  -20.725388  41.463075  92.494213 
 0.000000  0.000000  0.000000  0.000000 
 0.775633  31.808258  -30.154324  43.836630 1
 0.512297  4.881190  -4.517650  6.672114 
 0.306133  28.682208  -27.300551  39.599256 
 0.329426  
 0.359084  0.617952  0.917519  1.221652   1.493668   1.700759   1.817946   1.831094   1.738618   1.551671   1.292803   0.993236   0.689103   0.417087   0.209996   0.092809   0.079661   0.172137 
 143.202713  
TUPLE  33.402683  
 29.420631  -30.490738  33.136326  53.789169 1
 17.806544  -17.729316  19.460356  31.782489 
 12.541747  -13.722824  14.720792  23.713525 
 16.763590  28.540751  2.962325  33.232030 1
 8.345047  13.661670  1.535432  16.082850 
 8.236857  14.569749  1.394787  16.795447 
 2.951754  
 0.967297  0.739001  0.569464  0.479133   0.478904   0.568805   0.737991   0.966058   1.225496   1.485014   1.713309   1.882847   1.973178   1.973407   1.883506   1.714319   1.486253   1.226815 
 112.628876  
TUPLE  0.028151  
 -77.156884  -37.342922  -149.333548  172.186490 1
 -63.955640  -30.855624  -123.555840  142.507749 
 -12.010690  -5.911088  -23.473444  27.022554 
 -33.319453  -35.563493  3.272942  48.843219 3
 -32.374841  -34.555265  3.180154  47.470676 
 0.000000  0.000000  0.000000  0.000000 
 5.124216  
 0.990849  1.062134  1.109742  1.127929   1.114503   1.071083   1.002906   0.918194   0.827166   0.740801   0.669515   0.621908   0.603720   0.617146   0.660567   0.728744   0.813456   0.904484 
 129.293442  
TUPLE  31.800991  
 17.433802  42.523166  26.956593  53.280532 3
 17.504060  42.694527  27.065224  53.511448 
 0.000000  0.000000  0.000000  0.000000 
 -6.132551  38.474325  108.111182  114.916968 1
 -3.908359  24.782382  69.733301  74.109341 
 -2.625465  16.209435  45.451928  48.327372 
 3.412662  
 1.704660  1.785868  1.861963  1.923766   1.963823   1.977304   1.962581   1.921431   1.858817   1.782291   1.701083   1.624988   1.563185   1.523127   1.509647   1.524370   1.565520   1.628134 
 130.954987  
TUPLE  31.800991  
 -31.895576  97.119734  -128.669847  164.333502 0
 -31.721411  96.589413  -127.967247  163.436222 
 0.000000  0.000000  0.000000  0.000000 
 -42.047791  -11.167399  -39.859110  59.004035 1
 -44.616273  -11.826262  -41.651981  62.172174 
 -7.978511  -2.142294  -8.205128  11.644243 
 3.028629  
 0.853145  1.041157  1.180567  1.254560   1.254211   1.179563   1.039618   0.851257   0.637199   0.423262   0.235250   0.095840   0.021847   0.022195   0.096844   0.236788   0.425149   0.639208 
 119.948486  
TUPLE  33.402683  
 -54.165479  8.471799  -134.405795  145.157116 0
 -56.105133  8.775172  -139.218835  150.355223 
 0.000000  0.000000  0.000000  0.000000 
 -26.183562  -22.214601  -162.866743  166.447119 0
 -25.158475  -21.344898  -156.490504  159.930769 
 0.000000  0.000000  0.000000  0.000000 
 2.057528  
 1.190391  1.479778  1.710440  1.854557   1.894746   1.826160   1.657070   1.407873   1.108624   0.795418   0.506031   0.275369   0.131252   0.091063   0.159649   0.328739   0.577936   0.877185 
 106.447250  
TUPLE  36.744804  
 -7.075362  -117.999263  -509.514734  523.047943 1
 -4.046327  -65.724257  -283.832907  291.371222 
 -2.519115  -43.770905  -188.961509  193.981206 
 38.551115  -2.358998  -54.288885  66.626094 0
 47.661925  -2.916501  -67.119013  82.372000 
 0.000000  0.000000  0.000000  0.000000 
 0.268039  
 1.655452  1.669403  1.699600  1.742402   1.792645   1.844271   1.891051   1.927343   1.948771   1.952750   1.938799   1.908602   1.865800   1.815557   1.763931   1.717151   1.680859   1.659431 
 163.390823  
TUPLE  35.796818  
 43.189943  -23.823917  186.395567  192.811456 0
 43.024468  -23.732640  185.681423  192.072781 
 0.000000  0.000000  0.000000  0.000000 
 -29.152539  -33.705743  125.810988  133.470418 1
 -1.493747  -1.616209  6.141542  6.525445 
 -29.464083  -34.176791  127.460393  135.212260 
 5.187645  
 0.016180  0.057429  0.166106  0.329103   0.526760   0.735237   0.929388   1.085796   1.185595   1.216749   1.175500   1.066823   0.903827   0.706170   0.497693   0.303542   0.147134   0.047334 
 103.030930  
TUPLE  31.800991  
 72.924152  -80.495522  -95.661425  144.736206 0
 74.687441  -82.441885  -97.974496  148.235959 
 0.000000  0.000000  0.000000  0.000000 
 34.273620  -27.477553  -167.925023  173.575661 1
 3.520334  -2.940924  -16.725519  17.343709 
 33.357785  -26.624686  -163.960346  169.424405 
 0.053043  
 0.267927  0.158407  0.137309  0.207178   0.359588   0.576153   0.830755   1.092684   1.330348   1.515080   1.624600   1.645698   1.575829   1.423419   1.206854   0.952252   0.690323   0.452659 
 112.933441  
TUPLE  31.800991  
 28.137835  -31.324498  95.158733  104.058380 1
 25.008096  -27.908831  83.798529  91.796082 
 3.530440  -3.861750  12.715326  13.750450 
 -34.885504  -7.102411  26.011825  44.091469 1
 -19.820677  -3.454631  14.961864  25.073304 
 -14.181525  -3.467950  10.391342  17.920394 
 3.736468  
 1.480717  1.553465  1.642644  1.737499   1.826589   1.899168   1.946482   1.962825   1.946224   1.898683   1.825936   1.736756   1.641901   1.552811   1.480232   1.432918   1.416575   1.433176 
 107.631226  
TUPLE  33.402683  
 63.810323  22.666011  -25.886219  72.495529 1
 3.614217  1.161645  -1.435502  4.061050 
 64.057525  22.875977  -26.017198  72.825748 
 -28.808531  58.187418  10.422891  65.759742 3
 -28.868047  58.307616  10.444422  65.905541 
 0.000000  0.000000  0.000000  0.000000 
 4.091365  
 1.866334  1.889778  1.828136  1.688842   1.488696   1.251840   1.006842   0.783252   0.608039   0.502335   0.478890   0.540533   0.679827   0.879973   1.116828   1.361827   1.585416   1.760630 
 139.493774  
TUPLE  35.796818  
 -101.144012  24.563614  2.267613  104.108714 1
 -7.455307  1.649646  0.173064  7.638871 
 -89.359053  21.862475  1.997480  92.016391 
 -2.903858  49.390009  -60.158822  77.890239 1
 -1.633514  17.107974  -20.768427  26.957340 
 -1.203664  31.147947  -38.009034  49.156366 
 2.162395  
 1.479897  1.530966  1.604294  1.691037   1.780732   1.862561   1.926653   1.965279   1.973780   1.951130   1.900061   1.826733   1.739990   1.650295   1.568466   1.504373   1.465747   1.457247 
 146.832443  
TUPLE  33.402683  
 -73.185923  -11.079515  -61.289447  96.100631 1
 -25.812125  -3.703155  -21.208216  33.612305 
 -48.041579  -7.477449  -40.640461  63.368532 
 27.607793  -28.954498  3.268760  40.140229 3
 27.729078  -29.081700  3.283120  40.330077 
 0.000000  0.000000  0.000000  0.000000 
 6.117683  
 0.480156  0.603569  0.780778  0.990408   1.207176   1.404936   1.559834   1.653188   1.673739   1.619007   1.495593   1.318385   1.108754   0.891986   0.694227   0.539329   0.445974   0.425424 
 143.946838  
TUPLE  33.402683  
 3.335682  74.101914  -115.242604  137.051371 1
 1.285739  29.608094  -45.620601  54.401756 
 2.395895  52.179203  -81.574241  96.864775 
 -41.034344  0.189491  -22.427653  46.763799 1
 -22.137486  -0.423344  -12.309415  25.333548 
 -18.826765  0.612516  -10.079927  21.364583 
 0.401162  
 1.272468  1.519540  1.736004  1.895753   1.979517   1.977194   1.889064   1.725756   1.506969   1.259090   1.012019   0.795554   0.635806   0.552042   0.554365   0.642495   0.805802   1.024590 
 132.052216  
TUPLE  33.718788  
 61.373409  -56.490316  -92.278750  124.391393 0
 55.254105  -50.857886  -83.077994  111.988898 
 0.000000  0.000000  0.000000  0.000000 
 -1.841567  -38.926913  -10.271623  40.301392 1
 -0.279711  -9.928685  -2.347656  10.207252 
 -1.582547  -29.435589  -8.039373  30.555001 
 2.055819  
 0.731068  1.027603  1.303228  1.524700   1.665305   1.708084   1.647878   1.491948   1.259103   0.977425   0.680890   0.405265   0.183794   0.043188   0.000409   0.060615   0.216545   0.449390 
 116.206413  
TUPLE  33.718788  
 -9.044375  131.182556  597.770927  612.062697 1
 -0.366047  5.389084  24.353526  24.945740 
 -8.920622  129.307863  589.431768  603.514646 
 51.461356  31.502220  250.614957  257.776100 3
 49.538714  30.325269  241.251779  248.148472 
 0.000000  0.000000  0.000000  0.000000 
 4.241238  
 1.294813  1.120774  0.947863  0.796936   0.686197   0.629002   0.632251   0.695550   0.811266   0.965442   1.139481   1.312392   1.463319   1.574058   1.631253   1.628004   1.564705   1.448988 
 109.814880  
TUPLE  31.800991  
 47.012747  -63.828817  133.427822  155.200837 1
 2.445577  -3.482122  6.965774  8.163792 
 45.913803  -62.175011  130.283963  151.485110 
 -33.464825  -10.113008  31.419398  47.003681 0
 -33.867945  -10.234830  31.797878  47.570096 
 0.000000  0.000000  0.000000  0.000000 
 1.929211  
 0.389258  0.498971  0.641318  0.799129   0.953370   1.085437   1.179401   1.223929   1.213649   1.149802   1.040089   0.897742   0.739931   0.585690   0.453622   0.359658   0.315131   0.325411 
 117.383194  
TUPLE  33.718788  
 -70.317748  -110.002151  166.410232  211.512231 3
 -70.321934  -110.008701  166.420134  211.527681 
 0.000000  0.000000  0.000000  0.000000 
 16.054355  -77.134160  112.309543  137.189119 1
 12.452926  -61.343161  89.615639  109.311669 
 3.652557  -16.036561  23.051432  28.317825 
 4.746399  
 0.753904  0.763333  0.741253  0.690327   0.616697   0.529245   0.438518   0.355460   0.290088   0.250288   0.240859   0.262939   0.313865   0.387495   0.474947   0.565673   0.648732   0.714103 
 114.255363  
TUPLE  0.001334  
 -60.419471  -18.713586  -41.377227  75.582972 2
 -19.413143  -5.962182  -13.491369  24.381432 
 -44.487202  -13.829525  -30.269675  55.568706 
 24.078940  -41.995922  7.998827  49.065610 1
 5.204896  -9.736737  1.287401  11.116289 
 19.652838  -33.617474  6.970135  39.559697 
 4.895646  
 1.937821  1.899595  1.805717  1.667510   1.501644   1.328125   1.167881   1.040242   0.960600   0.938564   0.976790   1.070668   1.208875   1.374741   1.548261   1.708504   1.836144   1.915785 
 138.874374  
TUPLE  33.402683  
 123.916092  54.587763  -159.613164  209.311691 1
 57.693524  25.146408  -73.848297  97.028217 
 72.890809  32.378862  -94.354060  123.548240 
 27.136410  -23.981954  -118.764875  124.163659 1
 23.723208  -20.935078  -103.517754  108.245152 
 3.434946  -3.066094  -15.342282  16.018852 
 2.483111  
 0.473078  0.307954  0.237774  0.271004   0.403634   0.619669   0.893050   1.190805   1.477019   1.717171   1.882295   1.952474   1.919245   1.786614   1.570580   1.297199   0.999444   0.713230 
 120.892532  
TUPLE  33.718788  
 86.191842  -25.910619  108.310396  140.824485 1
 29.374279  -11.534820  37.496838  49.009516 
 64.106274  -16.566901  79.972697  103.825464 
 -5.487945  -43.467904  57.179072  72.034870 1
 -0.171964  -3.296192  4.654742  5.707938 
 -5.374250  -40.633260  53.131465  67.103765 
 0.976318  
 0.213638  0.305695  0.395999  0.473657   0.529304   0.556227   0.551179   0.514769   0.451388   0.368681   0.276624   0.186320   0.108661   0.053015   0.026092   0.031140   0.067550   0.130931 
 113.079254  
TUPLE  33.718788  
 42.895650  -74.143384  -59.653408  104.382984 3
 42.940098  -74.220211  -59.715221  104.496344 
 0.000000  0.000000  0.000000  0.000000 
 33.907967  29.087891  -9.701070  45.716150 1
 22.776320  19.148713  -6.293894  30.414906 
 11.234041  10.027016  -3.436471  15.445786 
 1.503480  
 1.366258  1.656125  1.870074  1.982298   1.979262   1.861332   1.642732   1.349828   1.017950   0.687126   0.397258   0.183310   0.071086   0.074121   0.192051   0.410651   0.703555   1.035433 
 132.817017  
TUPLE  33.718788  
 44.038537  31.175429  -41.718289  68.203488 1
 36.338254  25.778236  -34.402357  56.289678 
 8.647427  6.067687  -8.213174  13.381676 
 -3.054081  -32.865190  -18.495842  37.835754 1
 -1.481095  -10.227246  -5.541211  11.726666 
 -1.818728  -25.282365  -14.442855  29.173962 
 3.522701  
 1.680612  1.785012  1.831860  1.815508   1.737926   1.608473   1.442762   1.260781   1.084479   0.935121   0.830722   0.783873   0.800225   0.877807   1.007260   1.172971   1.354952   1.531254 
 113.710503  
TUPLE  31.355324  
 -61.324706  -23.644431  -69.610958  95.736431 0
 -58.438481  -22.531615  -66.334743  91.230737 
 0.000000  0.000000  0.000000  0.000000 
 16.276110  -37.550411  -26.544323  48.780593 0
 15.938192  -36.770805  -25.993220  47.768033 
 0.000000  0.000000  0.000000  0.000000 
 6.029432  
 1.242165  0.922899  0.608970  0.338242   0.143370   0.047858   0.063226   0.187620   0.406036   0.692131   1.011398   1.325327   1.596054   1.790926   1.886438   1.871071   1.746677   1.528260 
 118.307350  
TUPLE  33.718788  
 -23.111747  -74.474932  34.598522  85.309590 0
 -23.170561  -74.664454  34.686567  85.526797 
 0.000000  0.000000  0.000000  0.000000 
 59.713725  -1.176252  19.575957  62.851655 1
 49.000852  -1.097465  16.064933  51.578964 
 7.904338  -0.023464  2.590302  8.319074 
 4.680494  
 0.667588  0.577160  0.500252  0.446142   0.421355   0.428882   0.467815   0.533457   0.617892   0.710934   0.801363   0.878271   0.932381   0.957167   0.949640   0.910708   0.845066   0.760631 
 150.740479  
TUPLE  36.744804  
 -42.623765  116.888241  -91.922002  154.690985 1
 -20.160409  55.057085  -43.145063  72.795883 
 -19.147435  52.737838  -41.625864  69.861539 
 -64.601907  62.387878  -11.157188  90.499373 3
 -65.242453  63.006461  -11.267814  91.401598 
 0.000000  0.000000  0.000000  0.000000 
 3.758420  
 0.371126  0.602320  0.863834  1.124127   1.351803   1.519400   1.606705   1.603187   1.509270   1.336282   1.105088   0.843573   0.583281   0.355605   0.188007   0.100703   0.104221   0.198138 
 114.834625  
TUPLE  36.744804  
 73.689197  22.374710  -113.921732  137.509586 0
 62.449566  18.961951  -96.545532  116.535673 
 0.000000  0.000000  0.000000  0.000000 
 34.821599  -42.500692  -17.632235  57.703971 1
 26.727006  -32.255272  -13.589030  44.038809 
 7.509169  -9.530891  -3.746770  12.699685 
 1.859827  
 0.101457  0.069261  0.152767  0.341903   0.613858   0.935829   1.268982   1.573133   1.811598   1.955614   1.987811   1.904305   1.715168   1.443213   1.121242   0.788089   0.483938   0.245473 
 111.861404  
TUPLE  0.001334  
 -72.597790  -154.192227  241.096697  295.251247 1
 -56.104626  -119.192148  186.389731  228.244712 
 -21.017736  -44.609945  69.733050  85.407897 
 -71.333296  -54.504274  32.362493  95.427910 1
 -63.777098  -48.242101  28.630116  84.938340 
 -8.141133  -6.709100  3.997748  11.282300 
 5.603891  
 0.018936  0.032038  0.133296  0.310498   0.542270   0.800657   1.054494   1.273165   1.430294   1.506930   1.493828   1.392570   1.215368   0.983596   0.725209   0.471372   0.252701   0.095572 
 126.275185  
TUPLE  33.718788  
 -40.209487  38.484504  39.412009  68.199460 1
 -4.582529  4.512572  4.290578  7.732491 
 -36.328575  34.643446  35.809129  61.662352 
 5.437982  52.738438  55.082970  76.452915 3
 5.208032  50.508325  52.753714  73.230820 
 0.000000  0.000000  0.000000  0.000000 
 5.246328  
 0.949808  0.965650  0.975198  0.977302   0.971706   0.959087   0.940965   0.919528   0.897360   0.877135   0.861293   0.851745   0.849641   0.855237   0.867856   0.885978   0.907415   0.929583 
 68.914635  
TUPLE  31.355324  
 51.363994  -43.280803  -31.127944  74.029971 3
 51.594282  -43.474850  -31.267504  74.376800 
 0.000000  0.000000  0.000000  0.000000 
 16.300726  34.448475  -55.327326  67.182766 1
 1.834855  3.455442  -5.360551  6.637904 
 15.015052  32.153746  -51.831037  62.815522 
 0.111718  
 1.957022  1.944216  1.853294  1.695224   1.489071   1.259699   1.034775   0.841428   0.702978   0.636125   0.648931   0.739852   0.897923   1.104076   1.333447   1.558371   1.751718   1.890168 
 129.761658  
TUPLE  36.744804  
 -4.519756  -60.940893  90.085597  108.856031 1
 -0.767613  -11.389905  17.197143  20.641714 
 -3.992611  -52.793252  77.681323  94.007843 
 -27.328736  14.224363  124.145580  127.911365 2
 -13.501433  7.456044  63.480617  65.327555 
 -11.474851  5.543886  49.978533  51.578691 
 4.187423  
 1.428206  1.129001  0.823642  0.548963   0.338092   0.216464   0.198749   0.287083   0.470814   0.727778   1.026984   1.332342   1.607022   1.817893   1.939521   1.957236   1.868901   1.685171 
 110.124352  
TUPLE  36.744804  
 -44.628699  65.467097  -450.785364  457.695430 0
 -72.598559  106.496873  -733.303200  744.543980 
 0.000000  0.000000  0.000000  0.000000 
 -17.202102  -26.596706  -44.784336  54.853750 0
 -17.135074  -26.493073  -44.609836  54.640192 
 0.000000  0.000000  0.000000  0.000000 
 0.357676  
 0.511955  0.469658  0.433591  0.408104   0.396271   0.399520   0.417458   0.447922   0.487238   0.530663   0.572960   0.609027   0.634513   0.646346   0.643098   0.625159   0.594695   0.555380 
 128.379669  
TUPLE  33.402683  
 22.012087  -49.175043  16.637336  56.387213 3
 21.945649  -49.026613  16.587118  56.226775 
 0.000000  0.000000  0.000000  0.000000 
 18.942299  34.742317  17.927183  43.442182 1
 8.899473  15.354050  8.034386  19.481230 
 8.966525  17.414209  8.874175  21.504010 
 4.994477  
 0.309866  0.246235  0.205112  0.191456   0.206915   0.249624   0.314431   0.393520   0.477352   0.555815   0.619445   0.660568   0.674224   0.658765   0.616057   0.551249   0.472160   0.388329 
 119.240547  
TUPLE  0.001334  
 87.332982  -11.620935  9.368084  88.599418 1
 30.103728  -4.155780  3.405885  30.579805 
 55.029899  -7.172499  5.726278  55.790169 
 -20.147695  -30.202395  32.777816  48.913184 1
 -4.657733  -7.264551  8.138023  11.862338 
 -15.690590  -23.238590  24.966185  37.544045 
 0.585352  
 1.098130  1.304266  1.486624  1.623209   1.697548   1.700673   1.632208   1.500410   1.321177   1.116126   0.909990   0.727632   0.591046   0.516708   0.513583   0.582048   0.713846   0.893079 
 157.495270  
TUPLE  33.402683  
 85.511468  -67.442162  -83.449618  137.202387 0
 81.738346  -64.466334  -79.767473  131.148521 
 0.000000  0.000000  0.000000  0.000000 
 10.133353  -63.550903  -100.463999  119.308077 1
 5.095665  -32.977931  -51.459545  61.331998 
 5.637641  -34.335399  -54.952349  65.042152 
 1.603162  
 1.853641  1.714807  1.509240  1.261735   1.002145   0.761780   0.569632   0.448877   0.414079   0.469436   0.608270   0.813837   1.061342   1.320932   1.561296   1.753445   1.874200   1.908998 
 130.146439  
TUPLE  36.744804  
 -46.689261  22.030852  -70.662474  87.512460 1
 -43.181792  20.405326  -65.401568  80.984128 
 -3.648948  1.692284  -5.475030  6.795059 
 -21.522823  -24.818167  -21.954712  39.511805 1
 -4.386320  -5.317670  -4.929042  8.475397 
 -17.568637  -19.998793  -17.466475  31.838729 
 2.195506  
 1.543148  1.622417  1.613263  1.516791   1.344638   1.117566   0.862965   0.611542   0.393624   0.235495   0.156226   0.165380   0.261851   0.434005   0.661077   0.915678   1.167101   1.385019 
 135.252853  
TUPLE  33.402683  
 -36.389679  -76.999639  44.400998  96.044790 0
 -37.664933  -79.698043  45.957003  99.410718 
 0.000000  0.000000  0.000000  0.000000 
 55.187396  -39.155188  69.757880  97.185077 0
 54.769871  -38.858956  69.230121  96.449917 
 0.000000  0.000000  0.000000  0.000000 
 5.556329  
 0.647413  0.463577  0.301997  0.182164   0.118531   0.118772   0.182859   0.303062   0.464882   0.648802   0.832638   0.994217   1.114050   1.177684   1.177442   1.113356   0.993153   0.831333 
 119.066956  
TUPLE  33.402683  
 50.964507  4.598506  -251.932976  257.077326 1
 50.062140  4.063068  -246.948623  252.004699 
 10.033087  1.359300  -50.120247  51.132846 
 -26.748165  42.215883  -109.695197  120.543276 1
 -12.151577  18.986748  -48.997144  53.934192 
 -15.029158  23.911850  -62.472041  68.559655 
 3.664701  
 1.286255  1.383978  1.412127  1.367307   1.254924   1.088533   0.888204   0.678098   0.483557   0.328047   0.230324   0.202175   0.246995   0.359378   0.525769   0.726099   0.936205   1.130745 
 133.043274  
TUPLE  33.402683  
 86.329542  -27.317490  111.594296  143.709157 1
 40.533941  -12.251612  52.441575  67.403565 
 52.096947  -17.059977  67.298173  86.799752 
 33.219410  32.919319  -0.307260  46.768634 3
 32.511795  32.218095  -0.300715  45.787960 
 0.000000  0.000000  0.000000  0.000000 
 1.275966  
 0.834161  1.089174  1.311948  1.475613   1.560428   1.556165   1.463337   1.293140   1.066103   0.809609   0.554597   0.331823   0.168158   0.083342   0.087606   0.180434   0.350631   0.577668 
 139.940018  
TUPLE  0.008312  
 50.427701  -16.047110  -32.893873  62.309466 0
 47.499898  -15.115425  -30.984074  58.691982 
 0.000000  0.000000  0.000000  0.000000 
 20.683581  33.257941  -35.926081  53.146820 1
 14.604312  23.862918  -25.596730  37.920137 
 6.366036  9.856130  -10.827449  15.966264 
 3.677251  
 0.783842  0.572987  0.369244  0.197189   0.077573   0.024825   0.045306   0.136546   0.287540   0.480077   0.690932   0.894675   1.066730   1.186345   1.239094   1.218613   1.127372   0.976378 
 108.018288  
TUPLE  33.718788  
 -58.154440  25.143377  -184.664087  195.230513 1
 -23.687355  10.422563  -74.837010  79.185341 
 -33.827999  14.444497  -107.797714  113.900582 
 31.710437  9.724104  -81.457119  87.950965 1
 27.071430  8.135833  -69.344879  74.885150 
 5.853907  1.960824  -15.233050  16.437065 
 5.321800  
 1.693457  1.455609  1.167926  0.865107   0.583677   0.357581   0.214088   0.170507   0.232093   0.391419   0.629268   0.916951   1.219769   1.501199   1.727296   1.870789   1.914370   1.852783 
 113.387032  
TUPLE  36.744804  
 1.223673  -57.877101  -5.188450  58.122080 1
 0.972655  -45.966113  -3.616307  46.118616 
 0.327151  -15.511881  -1.894948  15.631203 
 -47.370395  -21.765368  -28.012202  59.180816 1
 -2.422954  -1.183604  -1.498972  3.088368 
 -45.522093  -20.845804  -26.853048  56.814725 
 0.307053  
 1.838631  1.827724  1.802782  1.766813   1.724155   1.679953   1.639538   1.607786   1.588526   1.584082   1.594988   1.619930   1.655899   1.698558   1.742760   1.783174   1.814926   1.834186 
 129.605667  
TUPLE  33.718788  
 -45.106882  112.435491  41.537670  128.069311 1
 -9.966121  24.641181  8.759756  27.986857 
 -36.858568  92.076176  34.359791  104.962802 
 -24.146002  -20.356443  11.753976  33.698222 1
 -17.912882  -15.177766  9.103004  25.181741 
 -7.150907  -5.952428  3.097740  9.807195 
 0.042943  
 0.197072  0.044444  0.005139  0.083897   0.271219   0.544512   0.870812   1.210763   1.523361   1.770903   1.923531   1.962837   1.884078   1.696756   1.423463   1.097163   0.757212   0.444614 
 146.477768  
TUPLE  33.402683  
 -87.663809  -29.273275  -45.874701  103.181181 1
 -79.632008  -26.535037  -41.647401  93.701069 
 -5.190741  -1.789533  -2.740565  6.138008 
 -3.373847  44.367010  -27.362223  52.235100 1
 -2.306490  37.113238  -23.259186  43.860250 
 -1.189329  8.857755  -5.092252  10.287059 
 3.432360  
 1.527358  1.590504  1.610864  1.585982   1.518860   1.417593   1.294396   1.164128   1.042501   0.944186   0.881040   0.860680   0.885562   0.952684   1.053951   1.177148   1.307416   1.429043 
 129.086258  
TUPLE  36.744804  
 -8.256045  -217.222333  291.188419  363.379140 0
 -8.954073  -235.587948  315.807684  394.101979 
 0.000000  0.000000  0.000000  0.000000 
 47.952308  -64.282620  93.241600  122.986484 1
 18.758546  -24.968364  36.524993  48.056185 
 29.054010  -39.126926  56.444862  74.572733 
 1.112676  
 0.133138  0.172431  0.211331  0.245145   0.269794   0.282306   0.281171   0.266527   0.240139   0.205190   0.165897   0.126997   0.093183   0.068534   0.056022   0.057157   0.071801   0.098189 
 126.897430  
TUPLE  31.800991  
 57.111408  -53.917914  -51.435277  93.885260 0
 55.370732  -52.274572  -49.867601  91.023876 
 0.000000  0.000000  0.000000  0.000000 
 16.356639  36.195286  -24.955937  46.908817 1
 13.898474  31.058965  -21.678411  40.346002 
 2.543456  5.325057  -3.407656  6.815844 
 4.764542  
 1.127242  0.821998  0.524280  0.269995   0.089815   0.005472   0.027139   0.152202   0.365578   0.641530   0.946773   1.244492   1.498776   1.678956   1.763299   1.741632   1.616569   1.403193 
 130.552002  
TUPLE  31.800991  
 -36.214010  -49.581596  -9.069688  62.064873 3
 -36.170153  -49.521544  -9.058704  62.000733 
 0.000000  0.000000  0.000000  0.000000 
 28.553917  -24.873873  -5.376222  38.248392 1
 13.700577  -11.412283  -2.599529  18.020074 
 12.530540  -11.438152  -2.339348  17.127070 
 0.925326  
 0.084968  0.008571  0.046274  0.193528   0.432572   0.734575   1.063109   1.378550   1.642850   1.824131   1.900528   1.862826   1.715572   1.476527   1.174525   0.845990   0.530549   0.266249 
 121.486877  
TUPLE  36.744804  
 -51.446774  -7.649001  -45.006833  68.781486 3
 -50.953986  -7.575733  -44.575731  68.133266 
 0.000000  0.000000  0.000000  0.000000 
 12.865574  45.352207  -81.728679  94.350001 1
 3.884159  14.705026  -26.093933  30.203267 
 10.317406  35.356650  -64.121628  73.946893 
 0.133867  
 0.378541  0.539665  0.773773  1.052630   1.342601   1.608711   1.818863   1.947710   1.979712   1.911007   1.749884   1.515775   1.236918   0.946948   0.680838   0.470686   0.341838   0.309837 
 112.436020  
TUPLE  33.402683  
 -75.495127  -49.074412  -216.213988  234.214220 1
 -40.728264  -26.363883  -116.700630  126.383948 
 -39.979886  -26.099160  -114.443149  124.003266 
 -29.643548  26.601342  -37.059982  54.404169 2
 -8.529341  7.271451  -10.296357  15.220319 
 -25.892085  23.617439  -32.736869  47.957887 
 5.078041  
 0.740080  0.464258  0.250914  0.125779   0.103948   0.188052   0.367947   0.621937   0.919385   1.224416   1.500237   1.713582   1.838716   1.860548   1.776444   1.596548   1.342559   1.045110 
 116.561539  
TUPLE  33.718788  
 56.357389  25.169946  -323.125393  328.967629 1
 49.128432  21.863585  -281.543344  286.632680 
 5.978440  2.747864  -34.412169  35.035812 
 49.556300  -9.897301  -53.971076  73.936868 1
 37.907567  -7.483970  -41.431493  56.653169 
 5.836733  -1.252568  -6.209816  8.614895 
 1.313884  
 1.013988  1.239772  1.449743  1.618577   1.725908   1.758792   1.713263   1.594811   1.417723   1.203360   0.977576   0.767604   0.598771   0.491439   0.458555   0.504085   0.622537   0.799624 
 135.125366  
TUPLE  31.800991  
 -43.397642  96.509767  -27.632010  109.366441 1
 -33.782095  73.951236  -21.077674  83.989898 
 -10.305563  24.094679  -6.994288  27.123726 
 -38.164418  14.523618  0.359086  40.836102 2
 -14.200034  5.715158  0.293245  15.310436 
 -21.191835  7.753357  0.039754  22.567296 
 2.310097  
 1.964915  1.859083  1.650749  1.365041   1.036420   0.704523   0.409381   0.186592   0.063029   0.053595   0.159427   0.367761   0.653469   0.982090   1.313987   1.609129   1.831918   1.955481 
 96.053009  
TUPLE  31.800991  
 -17.903757  -64.002594  -69.139351  95.901650 0
 -17.320109  -61.916163  -66.885466  92.775441 
 0.000000  0.000000  0.000000  0.000000 
 -41.311316  3.145447  -128.854427  135.351329 1
 -15.302158  1.582934  -47.108872  49.557310 
 -19.610667  1.075328  -61.787972  64.834453 
 1.783542  
 0.797214  1.074241  1.355852  1.608080   1.800503   1.909911   1.923108   1.838503   1.666301   1.427270   1.150242   0.868631   0.616403   0.423981   0.314573   0.301375   0.385980   0.558183 
 104.401154  
TUPLE  36.744804  
 -5.267104  61.543441  -12.722819  63.065106 1
 -1.862867  24.504010  -4.883812  25.055696 
 -3.421961  37.246531  -7.881821  38.225060 
 -59.322408  -15.254746  -5.505299  61.499298 1
 -6.527514  -1.599945  -0.425757  6.735652 
 -53.581741  -13.857134  -5.152564  55.584083 
 1.223627  
 1.142066  1.134138  1.169348  1.243449   1.347504   1.468961   1.593172   1.705154   1.791402   1.841512   1.849440   1.814230   1.740129   1.636075   1.514617   1.390406   1.278424   1.192176 
 142.077896  
TUPLE  44.201973  
 -6.098221  -56.229616  43.332533  71.250730 1
 -4.132966  -34.938387  27.374523  44.577531 
 -2.212794  -23.573708  17.716969  29.572375 
 33.684422  0.839859  -11.145291  35.490325 1
 7.227414  0.227477  -2.204281  7.560793 
 27.027302  0.626602  -9.129705  28.534845 
 4.454473  
 0.994740  0.926387  0.891175  0.893352   0.932655   1.004343   1.099770   1.207426   1.314326   1.407577   1.475930   1.511142   1.508965   1.469662   1.397974   1.302547   1.194891   1.087990 
 122.825745  
TUPLE  35.796818  
 49.434678  -17.881593  27.291228  59.231325 0
 47.558323  -17.202875  26.255356  56.983298 
 0.000000  0.000000  0.000000  0.000000 
 14.933992  -40.758997  -16.945442  46.599012 1
 11.264647  -29.934608  -12.693812  34.411122 
 3.071363  -9.192335  -3.573108  10.330421 
 2.298484  
 1.341242  1.166450  0.997854  0.855790   0.757391   0.714528   0.732369   0.808763   0.934495   1.094401   1.269193   1.437788   1.579853   1.678251   1.721115   1.703274   1.626880   1.501148 
 119.812653  
TUPLE  53.569981  
 -7.474512  40.981872  -96.447205  105.059248 0
 -6.882226  37.734438  -88.804658  96.734377 
 0.000000  0.000000  0.000000  0.000000 
 29.098825  -14.540254  -111.343668  115.998159 1
 41.215185  -20.378729  -158.568111  165.099514 
 3.172915  -1.801349  -11.278397  11.854649 
 0.182982  
 0.365502  0.505692  0.724231  0.994762   1.284654   1.558942   1.784542   1.934244   1.989992   1.945062   1.804873   1.586333   1.315802   1.025910   0.751623   0.526022   0.376320   0.320572 
 129.868576  
TUPLE  35.796818  
 -92.364385  44.665352  -141.728688  174.966266 1
 -29.488609  14.652078  -45.186855  55.911830 
 -63.598266  30.362648  -97.650450  120.425323 
 -11.550651  -29.628150  -10.260135  33.414297 1
 -2.438311  -6.155005  -2.445829  7.059108 
 -10.222341  -26.320366  -8.800289  29.575686 
 3.461655  
 1.942471  1.785684  1.534056  1.217934   0.875450   0.547911   0.274823   0.089125   0.013215   0.056249   0.213035   0.464664   0.780785   1.123269   1.450808   1.723896   1.909594   1.985504 
 129.225784  
TUPLE  35.796818  
 -52.404242  -9.191265  19.532294  56.676224 1
 -30.461711  -5.418355  11.683499  33.072618 
 -20.720478  -3.558566  7.393307  22.286337 
 22.471245  -28.364482  46.764884  59.130830 0
 22.007861  -27.779573  45.800537  57.911651 
 0.000000  0.000000  0.000000  0.000000 
 1.748526  
 1.502571  1.376748  1.200150  0.994078   0.783389   0.593493   0.447295   0.362429   0.349131   0.409005   0.534828   0.711426   0.917497   1.128187   1.318083   1.464281   1.549147   1.562445 
 122.607605  
TUPLE  35.796818  
 -73.632617  17.993115  45.609665  88.463303 1
 -16.825727  4.194822  10.208141  20.122804 
 -55.205554  13.406989  34.409622  66.418678 
 -25.890959  -35.362136  -11.168266  45.227785 0
 -25.543505  -34.887579  -11.018389  44.621051 
 0.000000  0.000000  0.000000  0.000000 
 3.027486  
 1.788012  1.711483  1.547589  1.316099   1.044934   0.766800   0.515245   0.320609   0.206368   0.186302   0.262831   0.426725   0.658215   0.929380   1.207514   1.459070   1.653706   1.767946 
 124.249977  
TUPLE  33.718788  
 -86.638271  30.311874  -26.806538  95.622122 0
 -85.347292  29.860203  -26.407099  94.197380 
 0.000000  0.000000  0.000000  0.000000 
 -24.161061  -38.659127  -31.305823  55.302256 0
 -24.462536  -39.141504  -31.696448  55.992475 
 0.000000  0.000000  0.000000  0.000000 
 5.508062  
 0.114833  0.076914  0.142185  0.302773   0.539310   0.823265   1.120390   1.394846   1.613530   1.750066   1.787985   1.722714   1.562125   1.325589   1.041633   0.744509   0.470053   0.251369 
 100.808342  
TUPLE  31.800991  
 59.106841  74.442470  -486.079281  495.286147 0
 65.060987  81.941454  -535.044621  545.178962 
 0.000000  0.000000  0.000000  0.000000 
 -23.144990  26.077081  -155.510882  159.371701 1
 -20.137967  23.120278  -136.513290  139.914198 
 -3.350309  3.343577  -21.304107  21.824007 
 3.820459  
 1.017632  0.749953  0.507918  0.320722   0.210943   0.191822   0.265665   0.423565   0.646478   0.907516   1.175196   1.417230   1.604426   1.714205   1.733327   1.659484   1.501583   1.278671 
 98.504753  
TUPLE  31.355324  
 3.710941  50.982312  -2.684513  51.187634 1
 3.302108  38.192646  -1.935916  38.384233 
 0.480769  13.777962  -0.800637  13.810236 
 -34.044921  -12.239849  16.934510  39.945566 0
 -33.195950  -11.934626  16.512218  38.949701 
 0.000000  0.000000  0.000000  0.000000 
 6.263323  
 0.469651  0.577568  0.747548  0.959090   1.186679   1.402865   1.581571   1.701243   1.747448   1.714611   1.606695   1.436714   1.225172   0.997583   0.781398   0.602692   0.483019   0.436815 
 125.299698  
TUPLE  31.800991  
 -50.233625  -10.549429  -180.357697  187.519616 1
 -37.969837  -8.139187  -136.075328  141.507841 
 -13.633038  -2.697790  -49.198487  51.123841 
 4.697710  -47.112478  -29.749092  55.916568 3
 4.428869  -44.416314  -28.046604  52.724251 
 0.000000  0.000000  0.000000  0.000000 
 0.276934  
 0.306638  0.530127  0.788220  1.049787   1.283279   1.460535   1.560173   1.570177   1.489339   1.327410   1.103921   0.845828   0.584261   0.350768   0.173513   0.073874   0.063871   0.144709 
 125.012917  
TUPLE  31.355324  
 -63.138134  73.330343  -12.108571  97.521180 1
 -35.493374  41.141644  -6.826411  54.763435 
 -23.106656  26.918013  -4.411846  35.748840 
 -1.027732  37.114004  42.021462  56.074136 1
 -0.351778  10.783830  11.697349  15.914213 
 -0.794203  30.600970  35.159763  46.618422 
 0.033265  
 1.076200  1.364190  1.617748  1.806294   1.907085   1.907964   1.808826   1.621628   1.368948   1.081265   0.793276   0.539717   0.351171   0.250380   0.249501   0.348639   0.535837   0.788517 
 120.589027  
TUPLE  31.800991  
 60.999979  -37.519770  125.450400  144.452530 0
 52.481081  -32.279979  107.930735  124.279217 
 0.000000  0.000000  0.000000  0.000000 
 -27.615927  -45.929515  64.711082  84.021925 1
 -14.658518  -23.990037  34.070298  44.172375 
 -13.713295  -23.196641  32.412025  42.150874 
 0.572699  
 0.517001  0.703760  0.947488  1.218790   1.484941   1.713841   1.877879   1.957272   1.942443   1.835180   1.648421   1.404692   1.133391   0.867239   0.638340   0.474301   0.394909   0.409738 
 121.107132  
TUPLE  1.274791  
 34.283538  -60.194788  34.680034  77.469208 1
 5.673617  -9.638247  5.598354  12.507869 
 28.462345  -50.297425  28.932396  64.630007 
 -54.369831  0.212443  47.259711  72.038906 1
 -6.708318  0.013769  5.574291  8.723183 
 -49.549519  0.206058  43.326556  65.821015 
 1.790681  
 0.803775  1.030007  1.233395  1.389409   1.479229   1.492024   1.426249   1.289839   1.099245   0.877457   0.651225   0.447837   0.291823   0.202002   0.189208   0.254982   0.391393   0.581987 
 137.862289  
TUPLE  33.718788  
 27.239278  82.521472  85.954786  122.229280 1
 24.809985  73.734479  76.930660  109.410487 
 1.759169  6.756865  6.909536  9.823940 
 -27.410971  12.439345  12.439084  32.570377 1
 -4.738459  1.948222  2.272858  5.606597 
 -23.580694  10.903262  10.578358  28.050849 
 4.304872  
 1.278608  1.138011  1.002508  0.888441   0.809570   0.775408   0.790074   0.851800   0.953141   1.081873   1.222470   1.357973   1.472040   1.550911   1.585073   1.570407   1.508681   1.407340 
 134.975754  
TUPLE  36.744804  
 -52.470716  -30.773346  -1.815216  60.856141 0
 -51.156832  -30.002771  -1.769762  59.332447 
 0.000000  0.000000  0.000000  0.000000 
 -16.104195  -35.053780  37.650429  53.904243 0
 -15.920259  -34.653409  37.220400  53.288751 
 0.000000  0.000000  0.000000  0.000000 
 2.800274  
 1.052347  1.334574  1.598402  1.812009   1.949632   1.994671   1.941693   1.797089   1.578300   1.311715   1.029488   0.765660   0.552053   0.414430   0.369391   0.422369   0.566973   0.785762 
 122.736824  
TUPLE  33.402683  
 -41.112183  114.994734  -84.034236  148.242211 1
 -10.958065  31.025062  -22.788969  40.024870 
 -30.562587  85.112210  -62.080195  109.691061 
 26.486287  18.783405  -8.399625  33.539431 0
 25.865031  18.342826  -8.202606  32.753035 
 0.000000  0.000000  0.000000  0.000000 
 2.095391  
 1.576252  1.815598  1.959514  1.990642   1.905227   1.713571   1.438791   1.114030   0.778459   0.472551   0.233205   0.089289   0.058162   0.143577   0.335232   0.610012   0.934773   1.270345 
 102.586525  
TUPLE  35.796818  
 73.231323  7.005233  22.477008  76.922792 1
 70.030507  7.034705  21.613113  73.626796 
 5.948402  0.233359  1.707215  6.194413 
 30.994876  -27.150886  -38.534444  56.415923 1
 9.092365  -7.955540  -10.996106  16.336938 
 24.843091  -21.771237  -31.194331  45.434243 
 0.077518  
 1.059455  0.764111  0.511604  0.332391   0.248087   0.268861   0.392206   0.603247   0.876528   1.179087   1.474431   1.726938   1.906152   1.990456   1.969682   1.846336   1.635295   1.362014 
 127.042732  
TUPLE  31.800991  
 -32.647910  -30.786025  -33.076516  55.746940 1
 -1.790539  -1.767176  -1.708170  3.044054 
 -32.705753  -30.761822  -33.240997  55.865357 
 14.350505  -29.945688  -107.156099  112.183380 1
 4.550407  -9.083564  -33.481513  34.989263 
 8.786708  -18.747449  -66.107539  69.274079 
 4.732558  
 1.640686  1.729147  1.713727  1.596286   1.390990   1.122599   0.823486   0.529728   0.276757   0.095085   0.006624   0.022044   0.139485   0.344781   0.613172   0.912285   1.206043   1.459013 
 105.243370  
TUPLE  31.800991  
 -72.396131  -27.406001  -76.768002  109.021167 0
 -72.969450  -27.623035  -77.375942  109.884615 
 0.000000  0.000000  0.000000  0.000000 
 -52.218392  48.837917  -37.602997  80.782968 1
 -36.656806  34.109958  -26.315433  56.566175 
 -14.806118  14.021397  -10.743541  23.049134 
 5.894026  
 0.102008  0.077465  0.162227  0.346070   0.606819   0.913026   1.227756   1.513048   1.734492   1.865379   1.889922   1.805160   1.621318   1.360568   1.054362   0.739632   0.454339   0.232895 
 125.269676  
TUPLE  33.402683  
 -23.374343  -63.634876  -25.267453  72.347782 1
 -12.197442  -32.563537  -12.829301  37.064430 
 -10.329795  -28.765158  -11.522439  32.663800 
 53.025862  -36.774697  12.341781  65.699619 3
 53.097054  -36.824070  12.358351  65.795929 
 0.000000  0.000000  0.000000  0.000000 
 2.938770  
 0.037912  0.123904  0.250567  0.402625   0.561737   0.708712   0.825822   0.898943   0.919254   0.884306   0.798315   0.671651   0.519593   0.360481   0.213506   0.096396   0.023276   0.002964 
 111.988625  
TUPLE  1.274791  
 -11.008660  -57.978157  -75.097812  95.510934 3
 -10.892842  -57.368186  -74.307731  94.513285 
 0.000000  0.000000  0.000000  0.000000 
 -21.534003  25.642421  -106.727610  111.857185 1
 -13.860864  16.343192  -67.985616  71.283146 
 -7.643784  9.264308  -38.596656  40.422456 
 2.195391  
 1.917709  1.841230  1.659123  1.393352   1.075972   0.745266   0.441120   0.200219   0.051620   0.013245   0.089724   0.271831   0.537602   0.854982   1.185688   1.489834   1.730735   1.879334 
 112.078316  
TUPLE  33.402683  
 -32.896994  -29.240983  -13.413391  46.012676 1
 -8.357643  -7.509176  -3.337060  11.721491 
 -23.131273  -20.480191  -9.502224  32.323436 
 -13.987666  33.563913  -50.708610  62.398351 2
 -5.876135  14.703498  -22.620199  27.611857 
 -10.013319  23.423818  -34.982839  43.276017 
 1.331039  
 0.366909  0.603286  0.867470  1.127596   1.352291   1.514451   1.594519   1.582837   1.480813   1.300754   1.064378   0.800194   0.540067   0.315373   0.153213   0.073145   0.084827   0.186851 
 111.617996  
TUPLE  33.402683  
 187.391776  168.205044  715.334986  758.361891 1
 127.666154  114.649547  488.032196  517.318673 
 55.915065  50.135102  212.756673  225.622346 
 38.337406  -14.966786  178.750432  183.427038 1
 37.028577  -14.310819  171.945073  176.468248 
 3.321252  -1.441610  16.188398  16.588894 
 4.508222  
 0.662759  0.761044  0.820985  0.835354   0.802416   0.726145   0.615740   0.484518   0.348305   0.223532   0.125247   0.065306   0.050937   0.083875   0.160146   0.270551   0.401773   0.537986 
 122.160934  
TUPLE  36.744804  
 67.191900  -25.109264  42.124620  83.184795 1
 5.519600  -1.972343  3.607922  6.884235 
 61.895193  -23.220214  38.656439  76.580231 
 -1.227954  41.734075  35.003800  54.484006 1
 -0.353269  17.113759  15.139718  22.852485 
 -0.830427  23.116171  18.602503  29.683637 
 5.852160  
 1.948998  1.999460  1.958785  1.831878   1.634047   1.389152   1.126732   0.878438   0.674218   0.538705   0.488242   0.528917   0.655824   0.853656   1.098550   1.360971   1.609264   1.813484 
 141.462982  
TUPLE  35.796818  
 -42.782348  -46.300305  2.169683  63.077373 3
 -42.831128  -46.353100  2.172157  63.155169 
 0.000000  0.000000  0.000000  0.000000 
 -50.522055  -16.374274  -93.619709  107.634776 1
 -17.882488  -5.438257  -32.846831  37.792748 
 -34.416821  -11.512070  -64.066252  73.631163 
 5.329861  
 0.681866  0.910132  1.167356  1.422512   1.644825   1.807481   1.890860   1.884907   1.790339   1.618562   1.390296   1.133072   0.877916   0.655603   0.492948   0.409568   0.415521   0.510089 
 133.541977  
TUPLE  35.796818  
 31.877177  48.900320  38.897424  70.145601 1
 1.323500  2.195320  1.565238  3.006747 
 31.708814  48.477006  38.741714  69.687930 
 31.207396  -43.214415  31.211832  61.770265 1
 16.430864  -21.950189  15.733845  31.612615 
 15.010467  -21.588646  15.712374  30.631368 
 4.802069  
 1.453591  1.336491  1.220673  1.120108   1.046924   1.009949   1.013643   1.057559   1.136401   1.240660   1.357760   1.473578   1.574143   1.647327   1.684302   1.680608   1.636692   1.557849 
 118.728699  
TUPLE  33.402683  
 44.409709  15.249031  188.691106  194.445593 1
 31.350353  10.330204  133.099031  137.131066 
 12.908399  4.866992  54.950671  56.656057 
 18.017571  -28.148586  85.868071  92.142832 3
 17.513013  -27.360322  83.463451  89.568357 
 0.000000  0.000000  0.000000  0.000000 
 3.120234  
 0.864756  0.882480  0.927479  0.994325   1.074957   1.159648   1.238183   1.301091   1.340783   1.352472   1.334748   1.289749   1.222903   1.142272   1.057581   0.979045   0.916138   0.876445 
 110.230812  
TUPLE  31.355324  
 -65.397739  14.653427  -19.258594  69.731490 1
 -6.028618  1.465456  -1.913257  6.493984 
 -61.586010  13.684695  -17.998176  65.605336 
 -26.155607  58.498407  -113.493958  130.334408 1
 -18.992068  43.486260  -84.279838  96.720546 
 -8.049851  16.994266  -33.059680  38.033746 
 5.859733  
 0.766285  0.730202  0.738491  0.790153   0.878956   0.994191   1.121957   1.246844   1.353790   1.429894   1.465977   1.457688   1.406026   1.317222   1.201988   1.074222   0.949334   0.842389 
 137.860962  
TUPLE  35.796818  
 65.098276  -61.881731  -100.893351  135.079985 3
 63.329258  -60.200124  -98.151615  131.415516 
 0.000000  0.000000  0.000000  0.000000 
 -25.153973  -47.730794  -24.412263  59.219166 1
 -4.796623  -9.055290  -4.417079  11.159567 
 -21.747610  -41.313576  -21.344446  51.335890 
 3.094355  
 1.881748  1.908516  1.820774  1.629106   1.356631   1.036211   0.706496   0.407252   0.174574   0.036526   0.009759   0.097501   0.289168   0.561644   0.882064   1.211779   1.511023   1.743700 
 120.072136  
TUPLE  0.305674  
 48.400083  -95.902278  -116.246325  158.281468 1
 43.874037  -86.827691  -105.826267  143.746991 
 8.688095  -17.321520  -20.416208  28.148852 
 30.051603  -3.396133  -17.405636  34.893964 1
 21.760829  -2.576448  -12.831542  25.393695 
 9.617904  -0.969474  -5.342388  11.045509 
 5.184656  
 1.667819  1.496383  1.264222  0.999338   0.733680   0.499290   0.324439   0.230216   0.227987   0.318020   0.489455   0.721616   0.986500   1.252159   1.486549   1.661400   1.755623   1.757852 
 116.958931  
TUPLE  0.305674  
 104.305242  -189.594131  -59.917792  224.534318 0
 112.410962  -204.327780  -64.574095  241.983262 
 0.000000  0.000000  0.000000  0.000000 
 -1.170608  -39.448163  7.193311  40.115727 0
 -1.134817  -38.242068  6.973382  38.889473 
 0.000000  0.000000  0.000000  0.000000 
 1.515072  
 0.970621  0.947783  0.980274  1.064175   1.189367   1.340749   1.500062   1.648091   1.766982   1.842394   1.865232   1.832741   1.748840   1.623648   1.472267   1.312953   1.164924   1.046033 
 112.628738  
TUPLE  36.744804  
 45.775600  -37.633889  145.603665  157.200962 0
 44.544816  -36.622015  141.688771  152.974311 
 0.000000  0.000000  0.000000  0.000000 
 27.761272  24.068744  187.454745  191.021658 1
 25.544511  22.055666  171.266911  174.560444 
 3.149237  2.821527  22.484280  22.878806 
 5.190058  
 0.788120  0.489551  0.240502  0.071012   0.001525   0.040421   0.183009   0.412091   0.700036   1.012113   1.310682   1.559731   1.729220   1.798708   1.759812   1.617224   1.388142   1.100197 
 121.465721  
TUPLE  35.796818  
 66.360326  -61.730513  230.274921  247.468965 0
 36.117462  -33.597627  125.330092  134.688244 
 0.000000  0.000000  0.000000  0.000000 
 27.494817  24.816941  57.457991  68.361292 1
 11.164026  10.548699  23.836958  28.357196 
 18.693645  16.400963  38.558861  45.882981 
 5.222913  
 0.989700  0.781301  0.569992  0.381261   0.237871   0.157117   0.148739   0.213748   0.344302   0.524656   0.733055   0.944363   1.133094   1.276485   1.357239   1.365616   1.300608   1.170053 
 111.325798  
TUPLE  33.402683  
 -23.282034  47.013058  66.259880  84.514214 0
 -22.471296  45.375946  63.952546  81.571339 
 0.000000  0.000000  0.000000  0.000000 
 -38.067423  -7.717913  222.210231  225.579435 1
 -19.362379  -3.983390  116.331486  117.999166 
 -20.158073  -4.029114  114.360500  116.193475 
 4.242855  
 1.567321  1.609046  1.576056  1.472332   1.310384   1.109744   0.894615   0.690942   0.523292   0.411887   0.370162   0.403152   0.506876   0.668824   0.869464   1.084593   1.288266   1.455916 
 126.669670  
TUPLE  33.402683  
 -48.999064  37.759372  100.552810  118.057384 0
 -50.275199  38.742779  103.171614  121.132159 
 0.000000  0.000000  0.000000  0.000000 
 17.254994  54.187263  82.823045  100.467164 0
 17.256312  54.191402  82.829371  100.474935 
 0.000000  0.000000  0.000000  0.000000 
 2.425350  
 1.845129  1.840470  1.829765  1.814303   1.795950   1.776920   1.759508   1.745814   1.737489   1.735539   1.740197   1.750903   1.766364   1.784717   1.803747   1.821159   1.834854   1.843178 
 93.420189  
TUPLE  31.355324  
 -11.761668  -76.032247  -215.483062  228.806009 1
 -13.011813  -87.312527  -246.783071  262.096715 
 -1.965947  -9.509597  -27.620645  29.278245 
 -60.618402  11.730823  -241.830110  249.587670 1
 -24.483245  4.579080  -96.616912  99.775971 
 -39.647711  7.831483  -159.226142  164.274939 
 0.959457  
 1.645381  1.649821  1.634494  1.601249   1.554096   1.498722   1.441806   1.390213   1.350165   1.326494   1.322054   1.337380   1.370625   1.417778   1.473153   1.530069   1.581662   1.621709 
 116.950150  
TUPLE  35.796818  
 62.701979  51.112010  47.261531  93.688996 2
 40.609503  32.682406  30.510744  60.400301 
 23.269953  19.389432  17.638308  35.051727 
 13.148892  -32.638526  34.471709  49.259166 1
 7.745307  -19.862904  20.963143  29.899792 
 4.895163  -11.513607  12.175667  17.458260 
 2.981763  
 1.280829  1.513825  1.715959  1.862850   1.936782   1.928836   1.839973   1.680908   1.470830   1.235074   1.002079   0.799945   0.653054   0.579122   0.587067   0.675931   0.834995   1.045074 
 118.485222  
TUPLE  33.718788  
 -73.517871  22.298055  -64.538914  100.336195 1
 -13.736708  4.420565  -11.872049  18.686989 
 -62.205308  18.612738  -54.794943  84.961393 
 -16.023778  48.443567  0.556550  51.027938 1
 -12.862088  39.061550  0.488383  41.127801 
 -1.650845  4.814381  0.015691  5.091367 
 6.219435  
 0.801327  0.710848  0.659694  0.654033   0.694549   0.776355   0.889584   1.020579   1.153539   1.272429   1.362907   1.414062   1.419722   1.379206   1.297400   1.184171   1.053177   0.920216 
 122.983238  
TUPLE  35.796818  
 -98.570271  12.612248  -62.196502  117.232981 1
 -50.265247  6.655155  -31.710104  59.803313 
 -50.319450  6.214851  -31.757473  59.826639 
 -2.073498  -32.066760  -33.235024  46.229247 1
 -0.663806  -12.782363  -13.549381  18.639599 
 -1.570587  -21.772656  -22.264554  31.180826 
 5.557681  
 0.578482  0.652569  0.703954  0.726438   0.717310   0.677671   0.612301   0.529086   0.438062   0.350208   0.276121   0.224736   0.202252   0.211380   0.251019   0.316389   0.399604   0.490628 
 112.761284  
TUPLE  33.402683  
 -87.892495  10.101741  42.455159  98.130405 1
 -51.825447  6.044791  24.805819  57.773390 
 -33.522485  3.764498  16.420227  37.517603 
 -6.817240  -49.492462  73.524437  88.892190 2
 -1.810332  -11.444220  16.750986  20.368174 
 -6.255693  -47.114310  70.241713  84.818681 
 1.125092  
 0.906462  1.160710  1.422868  1.661315   1.847292   1.958366   1.981142   1.912870   1.761787   1.546115   1.291867   1.029709   0.791262   0.605285   0.494211   0.471436   0.539707   0.690790 
 127.739998  
TUPLE  33.718788  
 5.774794  80.727912  -79.128597  113.188687 1
 4.987653  66.689460  -65.631952  93.701299 
 0.717270  13.061694  -12.539235  18.121064 
 -42.088445  13.814244  10.001422  45.412543 3
 -41.737203  13.698962  9.917957  45.053179 
 0.000000  0.000000  0.000000  0.000000 
 3.258784  
 0.935946  1.182599  1.379699  1.503474   1.538993   1.481972   1.339290   1.128156   0.874035   0.607579   0.360926   0.163825   0.040051   0.004532   0.061552   0.204234   0.415369   0.669489 
 124.877197  
TUPLE  36.744804  
 11.372419  61.110056  19.385168  65.111870 1
 3.303829  18.830900  6.236764  20.110564 
 9.636553  50.704651  15.821117  53.982874 
 30.923613  -9.674449  -10.774121  34.145959 1
 18.008079  -5.358690  -5.849485  19.678477 
 15.242131  -5.043635  -5.735248  17.049108 
 1.352966  
 1.233350  0.928738  0.627647  0.366395   0.176491   0.080842   0.090983   0.205692   0.411133   0.682527   0.987139   1.288230   1.549482   1.739386   1.835035   1.824894   1.710185   1.504744 
 120.446754  
TUPLE  36.744804  
 8.692652  -58.334775  -57.272149  82.210748 1
 0.397117  -2.322186  -2.378936  3.350980 
 8.850397  -59.736156  -58.548952  84.111449 
 43.474641  15.041582  -40.758751  61.461935 0
 42.553287  14.722807  -39.894955  60.159539 
 0.000000  0.000000  0.000000  0.000000 
 4.797174  
 0.893574  0.840746  0.767005  0.681245   0.593810   0.515246   0.455029   0.420423   0.415600   0.441143   0.493971   0.567713   0.653473   0.740908   0.819471   0.879688   0.914295   0.919118 
 124.526649  
TUPLE  36.744804  
 -81.383637  -20.959275  139.437691  162.804967 1
 -70.241214  -18.127948  119.936555  140.168639 
 -11.453353  -2.911408  20.033867  23.260044 
 2.027897  -32.365798  10.716914  34.154202 3
 1.992797  -31.805573  10.531413  33.587945 
 0.000000  0.000000  0.000000  0.000000 
 4.405044  
 0.128525  0.132992  0.202773  0.329452   0.497749   0.687366   0.875432   1.039263   1.159098   1.220485   1.216019   1.146237   1.019559   0.851261   0.661644   0.473578   0.309748   0.189912 
 122.029236  
TUPLE  33.718788  
 123.488011  10.177158  59.238268  137.339127 1
 80.250100  6.980501  38.362354  89.221610 
 34.581171  2.483219  16.723200  38.492953 
 55.267805  -36.880146  88.836828  110.935375 0
 57.047457  -38.067705  91.697420  114.507637 
 0.000000  0.000000  0.000000  0.000000 
 5.864313  
 1.650974  1.521308  1.398789  1.298193   1.231654   1.207198   1.227774   1.290900   1.388963   1.510135   1.639800   1.762320   1.862915   1.929454   1.953911   1.933335   1.870208   1.772145 
 119.409714  
TUPLE  35.796818  
 -31.995813  -110.605301  167.603998  203.342973 2
 -12.822706  -43.910086  66.839671  80.994312 
 -19.214555  -66.838484  100.981426  122.612819 
 41.542392  -82.256428  81.571315  123.068151 1
 18.101053  -35.272388  35.069788  52.931078 
 21.871084  -43.874838  43.418225  65.486687 
 6.194879  
 1.603834  1.734464  1.829844  1.878470   1.874476   1.818345   1.716846   1.582223   1.430712   1.280588   1.149958   1.054578   1.005952   1.009946   1.066077   1.167575   1.302199   1.453710 
 113.751244  
TUPLE  31.355324  
 -51.097407  -34.218809  19.956729  64.654025 0
 -51.088300  -34.212710  19.953172  64.642652 
 0.000000  0.000000  0.000000  0.000000 
 -35.603898  32.671747  -1.506704  48.346156 1
 -2.369725  2.416937  -0.081735  3.388708 
 -32.754896  29.814997  -1.404687  44.314880 
 0.914501  
 1.522124  1.510857  1.527777  1.570843   1.634861   1.712109   1.793270   1.868555   1.928883   1.966978   1.978245   1.961325   1.918259   1.854241   1.776993   1.695832   1.620548   1.560219 
 121.576401  
TUPLE  31.800991  
 64.227284  41.917591  27.732355  81.555576 1
 44.870344  29.175938  19.674932  57.023728 
 21.016006  13.824434  8.773782  26.641790 
 26.885429  -48.494163  30.103862  63.093206 3
 27.054408  -48.798956  30.293069  63.501942 
 0.000000  0.000000  0.000000  0.000000 
 0.912064  
 1.612359  1.572964  1.485941  1.361787   1.215477   1.064658   0.927520   0.820605   0.756808   0.743825   0.783220   0.870242   0.994396   1.140706   1.291526   1.428663   1.535578   1.599375 
 131.375961  
TUPLE  31.355324  
 -63.963936  10.359381  13.307420  66.149749 0
 -61.533372  9.965735  12.801752  63.636279 
 0.000000  0.000000  0.000000  0.000000 
 13.683698  -55.288852  -0.058121  56.957037 1
 5.026098  -19.562594  0.495676  20.204503 
 7.786530  -32.206696  -0.550096  33.139435 
 0.092977  
 1.793660  1.726889  1.616270  1.475146   1.320537   1.171093   1.044838   0.957000   0.918175   0.933045   0.999816   1.110435   1.251559   1.406168   1.555612   1.681867   1.769705   1.808530 
 141.844330  
TUPLE  0.008312  
 -40.020310  -199.481538  118.924500  235.664053 1
 -2.079244  -11.459547  6.034105  13.117712 
 -40.873552  -202.638077  121.604736  239.834459 
 51.167172  -102.662808  56.963233  128.072408 1
 5.712179  -10.761536  5.748861  13.472510 
 47.049104  -95.099728  52.989057  118.597786 
 1.359760  
 1.374641  1.289896  1.208154  1.139274   1.091566   1.070782   1.079429   1.116466   1.177424   1.254951   1.339697   1.421439   1.490318   1.538027   1.558811   1.550163   1.513126   1.452168 
 135.615295  
TUPLE  31.800991  
 52.609607  44.696122  1.593939  69.051102 1
 23.849324  19.630228  0.310487  30.890969 
 28.018717  24.436326  1.261280  37.199349 
 -25.347513  27.275265  8.935870  38.292118 1
 -4.685414  5.247305  1.890231  7.285586 
 -19.242014  20.499879  6.545011  28.867898 
 2.668313  
 0.014878  0.036342  0.174556  0.412848   0.722477   1.066098   1.402265   1.690430   1.895838   1.993712   1.972248   1.834034   1.595742   1.286113   0.942492   0.606325   0.318160   0.112753 
 122.055489  
TUPLE  33.402683  
 -23.067121  48.340428  -42.063009  68.104227 1
 -13.710391  28.622157  -25.260355  40.562393 
 -9.238604  19.470727  -16.587252  27.195885 
 -51.211738  5.585394  -36.303465  63.022061 1
 -21.377443  1.788998  -15.405782  26.411232 
 -30.634416  3.883665  -21.464881  37.607308 
 4.366447  
 1.457072  1.359086  1.193212  0.979458   0.743606   0.514103   0.318630   0.180765   0.117136   0.135417   0.233404   0.399278   0.613032   0.848884   1.078387   1.273859   1.411725   1.475354 
 129.472656  
TUPLE  33.718788  
 37.683167  -16.537596  -23.093490  47.189219 3
 37.571348  -16.488523  -23.024962  47.062670 
 0.000000  0.000000  0.000000  0.000000 
 -26.417400  -16.294007  -8.193949  32.101628 1
 -16.917006  -10.650957  -5.644954  20.772890 
 -11.596326  -6.935724  -3.198959  13.886346 
 2.434690  
 1.569896  1.516551  1.490629  1.495256   1.529875   1.590309   1.669270   1.757233   1.843589   1.917923   1.971267   1.997190   1.992562   1.957944   1.897510   1.818549   1.730586   1.644229 
 112.711815  
TUPLE  33.718788  
 59.227118  -78.389311  470.233288  480.387428 1
 44.294191  -58.657829  352.278443  359.865026 
 14.927372  -19.724133  117.910716  120.477479 
 82.113466  14.219017  391.603153  400.372116 1
 12.629223  2.433345  59.740701  61.109650 
 70.486030  11.959144  336.639993  344.147940 
 1.260279  
 0.663157  0.849823  1.060444  1.269614   1.452105   1.585906   1.654879   1.650704   1.573884   1.433687   1.247020   1.036400   0.827229   0.644738   0.510937   0.441965   0.446140   0.522959 
 115.731384  
TUPLE  33.718788  
 -39.875032  -25.199673  -108.488074  118.299214 2
 -32.332211  -20.371344  -87.838041  95.790941 
 -3.926107  -2.542686  -10.810033  11.781734 
 32.097273  -26.467204  -43.369440  60.097056 1
 11.736071  -10.111807  -15.943489  22.230572 
 25.430560  -20.535416  -34.275576  47.362960 
 5.068397  
 0.533828  0.262052  0.078171  0.004364   0.049534   0.208231   0.461316   0.778261   1.120840   1.447731   1.719507   1.903388   1.977194   1.932025   1.773327   1.520243   1.203297   0.860719 
 139.694473  
TUPLE  33.718788  
 -53.515464  13.793245  -40.845909  68.720788 1
 -18.888526  4.742097  -14.848010  24.489728 
 -36.335466  9.491545  -27.301816  46.430193 
 19.863899  48.322960  -13.166106  53.879767 3
 19.790957  48.145509  -13.117758  53.691441 
 0.000000  0.000000  0.000000  0.000000 
 1.240039  
 1.644189  1.600810  1.463845  1.249815   0.984534   0.700000   0.430530   0.208628   0.061058   0.005619   0.048998   0.185963   0.399993   0.665274   0.949808   1.219278   1.441180   1.588750 
 120.279404  
TUPLE  0.008312  
 -56.487605  39.286759  -71.388327  99.149343 2
 -15.530538  10.541798  -19.393838  26.990138 
 -41.449641  29.087537  -52.616995  73.040716 
 -29.270934  11.653710  -100.024308  104.868769 1
 -7.740111  3.474241  -27.124385  28.420616 
 -21.954595  8.348190  -74.348038  77.970158 
 3.022441  
 0.291170  0.345998  0.483653  0.687532   0.933045   1.190580   1.429073   1.619759   1.739638   1.774251   1.719424   1.581769   1.377890   1.132376   0.874842   0.636349   0.445663   0.325784 
 87.170029  
TUPLE  44.201973  
 70.815172  2.373993  -77.846745  105.264144 1
 17.826592  0.356871  -19.883364  26.707347 
 44.084821  1.718635  -48.175526  65.324763 
 -7.518764  29.937020  -107.960471  112.286332 1
 -2.540504  9.604997  -33.629138  35.066345 
 -5.359841  21.851344  -79.810395  82.921207 
 2.586597  
 1.861099  1.980273  1.982495  1.867496   1.649149   1.353788   1.017039   0.679518   0.381935   0.160184   0.041010   0.038788   0.153787   0.372134   0.667495   1.004244   1.341765   1.639348 
 140.017914  
TUPLE  33.402683  
 -22.901266  39.083384  209.577409  214.417045 1
 -15.143399  26.054840  139.011329  142.240452 
 -9.354880  15.754008  85.180889  87.129241 
 -39.185076  0.858743  117.854675  124.201176 0
 -40.073714  0.878217  120.527381  127.017884 
 0.000000  0.000000  0.000000  0.000000 
 0.839405  
 0.786805  0.605328  0.474261  0.409412   0.418602   0.500723   0.645871   0.836537   1.049726   1.259723   1.441199   1.572266   1.637116   1.627925   1.545804   1.400657   1.209990   0.996801 
 96.663414  
TUPLE  36.744804  
 5.988150  -62.588284  33.294713  71.145549 1
 4.866328  -53.795937  28.801539  61.214640 
 1.055323  -8.097289  4.123429  9.148808 
 34.680623  -21.624757  25.628975  48.241269 1
 2.788870  -1.843278  2.305375  4.063213 
 32.396328  -20.096102  23.696481  44.887824 
 4.345389  
 1.106784  1.161738  1.208652  1.241866   1.257375   1.253307   1.230155   1.190709   1.139729   1.083362   1.028408   0.981494   0.948280   0.932772   0.936839   0.959991   0.999437   1.050417 
 95.985283  
TUPLE  31.355324  
 -41.992039  33.563644  16.157836  56.133102 0
 -41.605975  33.255068  16.009285  55.617204 
 0.000000  0.000000  0.000000  0.000000 
 -10.764700  -30.053618  23.778580  39.806025 1
 -6.375000  -17.909941  13.635229  23.395418 
 -5.143984  -14.249533  11.809516  19.209182 
 5.401632  
 0.847726  1.047969  1.261964  1.463900   1.629422   1.738564   1.778162   1.743441   1.638588   1.476251   1.276008   1.062013   0.860076   0.694555   0.585413   0.545814   0.580535   0.685388 
 134.358017  
TUPLE  33.718788  
 -81.019203  106.725729  383.679660  406.404447 1
 -40.424867  53.015517  191.143452  202.436790 
 -40.009314  52.939594  189.765800  201.033387 
 -47.202291  56.745526  86.406339  113.640514 1
 -12.749412  15.846589  24.056001  31.501946 
 -30.153193  35.729957  54.479534  71.790547 
 6.231941  
 0.845446  0.533751  0.282369  0.121620   0.070894   0.136309   0.309974   0.570943   0.887739   1.222153   1.533848   1.785230   1.945978   1.996704   1.931290   1.757625   1.496656   1.179859 
 116.481232  
TUPLE  1.274791  
 32.288279  -51.566564  -176.540260  186.730037 1
 6.496467  -10.336318  -35.091115  37.154400 
 23.824722  -38.088664  -130.693816  138.200056 
 -11.617287  -57.864106  -31.168666  66.743553 0
 -11.464459  -57.102889  -30.758634  65.865673 
 0.000000  0.000000  0.000000  0.000000 
 3.629769  
 1.633525  1.719416  1.714868  1.620429   1.447490   1.216909   0.956499   0.697669   0.471637   0.305666   0.219775   0.224323   0.318762   0.491701   0.722282   0.982692   1.241522   1.467554 
 133.643234  
TUPLE  33.718788  
 -89.143624  -43.517849  -19.386312  101.075308 0
 -87.364976  -42.649555  -18.999504  99.058691 
 0.000000  0.000000  0.000000  0.000000 
 23.722609  -34.969460  4.954336  42.546102 1
 13.002192  -19.555592  2.691636  23.637736 
 10.119464  -14.528005  2.137194  17.834021 
 1.552261  
 0.925906  1.234569  1.527963  1.770700   1.933502   1.996734   1.952769   1.806908   1.576746   1.290044   0.981381   0.687987   0.445250   0.282447   0.219216   0.263181   0.409041   0.639203 
 128.430405  
TUPLE  44.201973  
 -76.179383  -16.463831  -68.648660  103.860458 1
 -52.340703  -11.666795  -46.967117  71.285292 
 -24.278449  -4.891643  -22.078088  33.178780 
 -7.326167  50.029769  -43.218520  66.516847 2
 -3.480973  24.155141  -20.644293  31.965518 
 -3.489788  23.447597  -20.477621  31.335955 
 5.552160  
 1.101044  1.381508  1.617641  1.780963   1.851774   1.821534   1.693890   1.484237   1.217864   0.926898   0.646434   0.410301   0.246979   0.176168   0.206408   0.334052   0.543705   0.810078 
 130.423386  
TUPLE  36.744804  
 76.441486  -27.429039  -35.265313  88.539794 1
 16.571981  -5.901023  -7.433631  19.097931 
 53.535398  -19.255185  -24.909522  62.107194 
 47.333030  57.508121  -59.715195  95.464676 1
 29.188184  35.786799  -36.585600  58.916642 
 18.540412  22.201922  -23.628640  37.349740 
 2.819644  
 1.458747  1.651417  1.751194  1.746045   1.636589   1.436030   1.168557   0.866432   0.566095   0.303772   0.111102   0.011325   0.016474   0.125930   0.326489   0.593962   0.896087   1.196424 
 130.756287  
TUPLE  35.796818  
 30.502181  -42.809617  -46.037252  69.874709 1
 3.732055  -5.123550  -5.333660  8.285313 
 28.415684  -39.995599  -43.187249  65.362495 
 26.891979  20.494570  23.094729  40.945969 3
 26.882718  20.487511  23.086777  40.949169 
 0.000000  0.000000  0.000000  0.000000 
 2.926340  
 0.795344  0.931414  1.113818  1.320555   1.526689   1.707358   1.840771   1.910835   1.909100   1.835776   1.699706   1.517302   1.310565   1.104430   0.923761   0.790349   0.720284   0.722019 
 121.904854  
TUPLE  33.718788  
 -73.281191  35.167293  -136.683054  159.025560 1
 -3.507817  1.822725  -6.717448  7.795556 
 -73.334391  35.053476  -136.607565  158.960134 
 22.530970  41.377613  -55.980335  73.167953 2
 4.451143  8.516653  -10.961186  14.577830 
 20.119288  36.606390  -50.086390  65.234918 
 1.611412  
 1.774049  1.796023  1.721320  1.558949   1.328494   1.057753   0.779379   0.526950   0.330912   0.214909   0.192935   0.267638   0.430009   0.660464   0.931205   1.209579   1.462008   1.658046 
 128.203018  
TUPLE  33.402683  
 -11.573060  -54.853956  -19.275086  59.282553 1
 -2.047902  -11.020375  -3.601050  11.774107 
 -9.925638  -45.731775  -16.341040  49.567745 
 -28.803792  16.885023  -54.139404  63.606898 1
 -12.905318  7.569704  -23.515757  27.872172 
 -17.355896  10.169673  -33.363010  38.958414 
 4.846100  
 0.865144  0.596856  0.392610  0.277040   0.264087   0.355312   0.539713   0.795047   1.090519   1.390489   1.658777   1.863023   1.978593   1.991546   1.900321   1.715920   1.460586   1.165114 
 113.968811  
TUPLE  35.796818  
 -15.048369  63.415879  -54.574623  85.008332 1
 -2.915907  11.989701  -9.971678  15.865349 
 -12.085585  51.228613  -44.432928  68.882040 
 11.220248  32.140706  -95.527138  101.411799 1
 3.374159  9.127475  -27.824182  29.477115 
 8.941249  26.150343  -77.026934  81.834914 
 0.126222  
 1.753611  1.707513  1.612353  1.479609   1.325291   1.168013   1.026745   0.918525   0.856407   0.847882   0.893980   0.989140   1.121884   1.276202   1.433480   1.574749   1.682968   1.745086 
 104.048767  
TUPLE  33.402683  
 12.765658  77.221824  -18.467771  80.419094 1
 11.618175  70.396939  -16.832315  73.307962 
 1.409458  8.409650  -2.014456  8.762707 
 -40.285888  6.160029  24.525857  47.564865 0
 -40.451340  6.185328  24.626583  47.760415 
 0.000000  0.000000  0.000000  0.000000 
 0.885595  
 1.243872  1.394823  1.482725  1.496975   1.435855   1.306736   1.125192   0.913120   0.696100   0.500306   0.349355   0.261453   0.247203   0.308323   0.437442   0.618986   0.831057   1.048078 
 121.531113  
TUPLE  33.402683  
 76.575988  52.455883  -22.227871  95.444119 0
 75.995319  52.058115  -22.059319  94.720478 
 0.000000  0.000000  0.000000  0.000000 
 38.995598  -42.753529  -40.261259  70.494609 1
 29.099175  -32.176489  -30.305885  52.920266 
 10.836723  -11.607952  -10.926189  19.276383 
 1.701259  
 0.712671  0.713914  0.726494  0.748892   0.778407   0.811480   0.844121   0.872393   0.892886   0.903129   0.901885   0.889306   0.866908   0.837392   0.804320   0.771679   0.743407   0.722913 
 128.826691  
TUPLE  33.718788  
 57.979666  -2.733813  -22.565356  62.276085 1
 35.751007  -1.491306  -13.525055  38.253171 
 15.782921  -0.939091  -6.532675  17.107792 
 30.172854  -39.349134  -128.840756  138.053236 2
 4.032729  -5.045619  -16.238605  17.476640 
 25.577067  -33.569218  -110.197845  118.005853 
 0.281742  
 1.114925  0.921664  0.727569  0.556051   0.427796   0.358275   0.355872   0.420878   0.545452   0.714568   0.907829   1.101924   1.273442   1.401697   1.471218   1.473621   1.408615   1.284041 
 120.272255  
TUPLE  35.796818  
 -31.524566  36.058542  -22.607196  52.963214 2
 -21.698811  25.144488  -15.658612  36.719140 
 -9.743053  10.819459  -6.889276  16.109711 
 -40.980535  -14.197855  -69.339722  81.786187 1
 -9.501225  -2.898574  -16.378738  19.156136 
 -31.846243  -11.426405  -53.581838  63.370162 
 1.598181  
 1.402815  1.237387  1.050351  0.864266   0.701577   0.581906   0.519687   0.522425   0.589790   0.713656   0.879084   1.066120   1.252205   1.414894   1.534565   1.596784   1.594046   1.526681 
 116.915932  
TUPLE  33.402683  
 64.854721  -81.636568  -484.765078  495.850627 0
 68.500374  -86.225574  -512.014994  523.723710 
 0.000000  0.000000  0.000000  0.000000 
 -47.010583  -54.529416  -271.697300  281.074501 1
 -5.731125  -6.880117  -33.547624  34.722390 
 -41.678051  -48.111651  -240.453362  248.736062 
 0.719668  
 0.115333  0.227044  0.377912  0.549741   0.721806   0.873352   0.986102   1.046456   1.047134   0.988055   0.876344   0.725476   0.553647   0.381582   0.230036   0.117286   0.056932   0.056254 
 120.896935  
TUPLE  33.718788  
 -47.560672  -2.555130  114.700221  124.196163 1
 -39.154194  -2.196181  94.040486  101.889679 
 -6.227940  -0.241914  15.405840  16.619383 
 35.477681  -28.520529  82.506221  94.230372 0
 35.689408  -28.690737  82.998611  94.792833 
 0.000000  0.000000  0.000000  0.000000 
 2.176896  
 0.592475  0.567572  0.606361  0.704164   0.849183   1.023928   1.207321   1.377244   1.513199   1.598791   1.623693   1.584904   1.487102   1.342083   1.167338   0.983944   0.814022   0.678066 
 163.017120  
TUPLE  33.718788  
 19.586993  -82.906964  -121.066073  148.034486 1
 1.354796  -6.142716  -8.673890  10.715609 
 19.165504  -80.714721  -118.160910  144.375211 
 -61.061904  -30.261419  -56.768656  88.696053 3
 -59.113107  -29.295629  -54.956882  85.873011 
 0.000000  0.000000  0.000000  0.000000 
 1.162930  
 0.515252  0.719846  0.936987  1.140484   1.305792   1.412973   1.449099   1.409814   1.299854   1.132483   0.927889   0.710748   0.507251   0.341943   0.234762   0.198635   0.237921   0.347881 
 118.486595  
TUPLE  35.796818  
 45.826856  -78.328446  58.090741  107.749619 1
 16.078181  -27.557191  20.035154  37.674044 
 30.145117  -51.448846  38.558206  71.010318 
 41.398444  33.599387  15.751565  55.595520 3
 40.663260  33.002703  15.471838  54.616730 
 0.000000  0.000000  0.000000  0.000000 
 3.000320  
 1.689423  1.833927  1.889452  1.849302   1.718319   1.512303   1.256100   0.980614   0.719072   0.503019   0.358516   0.302990   0.343140   0.474123   0.680140   0.936343   1.211829   1.473371 
 127.150887  
TUPLE  33.718788  
 7.039600  39.711577  -118.421562  125.100886 1
 0.436862  3.402030  -10.041771  10.612318 
 6.627748  36.450612  -108.800448  114.935330 
 -32.284289  -4.132125  -95.490291  100.884812 0
 -31.529164  -4.035475  -93.256786  98.525229 
 0.000000  0.000000  0.000000  0.000000 
 5.504488  
 0.865082  0.726842  0.660657  0.674512   0.766735   0.926202   1.133680   1.364143   1.589794   1.783417   1.921657   1.987841   1.973986   1.881763   1.722296   1.514819   1.284356   1.058704 
 120.683350  
TUPLE  36.744804  
 18.426265  -53.255835  57.615171  80.592922 1
 13.726230  -39.954858  43.303650  60.498146 
 4.928378  -13.960942  15.025507  21.094570 
 31.505878  11.861627  33.128549  47.231550 0
 29.176357  10.984587  30.679049  43.739507 
 0.000000  0.000000  0.000000  0.000000 
 5.122795  
 1.262989  1.353089  1.422474  1.462775   1.469132   1.440777   1.381131   1.297387   1.199647   1.099700   1.009600   0.940215   0.899914   0.893557   0.921912   0.981558   1.065302   1.163042 
 136.825882  
TUPLE  31.355324  
 87.102008  -58.440706  -10.682515  105.433354 0
 85.305469  -57.235326  -10.462181  103.258812 
 0.000000  0.000000  0.000000  0.000000 
 41.861981  11.812665  -37.727503  57.578894 1
 36.826727  10.405442  -33.138058  50.622440 
 4.626945  1.292006  -4.221462  6.396629 
 3.873194  
 0.237600  0.065262  0.000287  0.050513   0.209880   0.459167   0.768307   1.100012   1.414273   1.673188   1.845525   1.910500   1.860275   1.700907   1.451620   1.142481   0.810776   0.496514 
 130.639587  
TUPLE  35.796818  
 70.896817  19.526010  18.621851  75.857742 1
 36.564941  9.745530  9.705718  39.066491 
 34.367903  9.790402  8.925597  36.833263 
 -1.651038  -39.766788  47.593079  62.042119 0
 -1.626307  -39.171137  46.880201  61.112974 
 0.000000  0.000000  0.000000  0.000000 
 1.721236  
 0.505748  0.673650  0.821517  0.931513   0.990371   0.990993   0.933303   0.824260   0.677016   0.509330   0.341428   0.193561   0.083565   0.024707   0.024085   0.081775   0.190818   0.338062 
 141.664673  
TUPLE  33.718788  
 89.649634  -66.722086  269.438811  291.695332 1
 29.730415  -22.323655  89.870533  97.257264 
 58.874265  -43.620720  176.427712  191.038483 
 22.631602  38.463798  133.377199  140.645406 0
 21.807195  37.062669  128.518638  135.522157 
 0.000000  0.000000  0.000000  0.000000 
 4.241105  
 1.391818  1.214740  1.038015  0.882960   0.768276   0.707796   0.708814   0.771207   0.887451   1.043524   1.220602   1.397327   1.552382   1.667066   1.727547   1.726529   1.664135   1.547891 
 124.077324  
TUPLE  0.001334  
 30.583152  -32.452198  -14.359646  46.847345 2
 12.748208  -13.577152  -5.861193  19.525084 
 17.148299  -18.146437  -8.176054  26.273143 
 12.722233  30.146037  -9.865484  34.175526 1
 3.773181  10.268121  -3.298145  11.426655 
 8.786002  19.491556  -6.440901  22.329756 
 4.953169  
 0.113329  0.117141  0.142808  0.187234   0.245062   0.309316   0.372246   0.426263   0.464850   0.483353   0.479542   0.453875   0.409448   0.351620   0.287366   0.224436   0.170420   0.131833 
 110.733154  
TUPLE  44.201973  
 -64.699970  121.660268  -31.971844  141.454960 1
 -39.480327  73.366510  -19.245791  85.508836 
 -21.866020  41.987654  -11.068836  48.617109 
 -133.561226  16.481129  -55.126616  145.427551 1
 -167.253934  20.530321  -68.557447  181.921729 
 -8.392034  1.143981  -3.939405  9.341952 
 5.038259  
 0.781763  0.630266  0.544882  0.535910   0.604431   0.742182   0.932547   1.152566   1.375701   1.575038   1.726535   1.811919   1.820891   1.752369   1.614618   1.424253   1.204235   0.981100 
 146.294815  
TUPLE  0.001334  
 59.339739  68.931069  -135.111550  162.873656 1
 10.057031  11.355988  -22.442868  27.088819 
 56.452937  65.904263  -128.994690  155.466892 
 -9.119048  40.237397  -0.831629  41.266170 0
 -9.027154  39.831918  -0.823248  40.850562 
 0.000000  0.000000  0.000000  0.000000 
 0.554603  
 1.202353  1.427364  1.584682  1.655330   1.630789   1.514017   1.319100   1.069547   0.795458   0.529892   0.304880   0.147563   0.076914   0.101456   0.218227   0.413144   0.662698   0.936787 
 127.438210  
TUPLE  36.744804  
 36.065493  66.198220  41.824040  86.210060 2
 19.085566  34.660704  21.981132  45.263814 
 19.371648  35.927526  22.616514  46.665056 
 -24.662860  28.345586  12.812929  39.697607 1
 -17.981579  20.182580  9.396208  28.617860 
 -7.658036  9.286663  3.924048  12.661121 
 3.779379  
 1.933615  1.860224  1.692211  1.449840   1.162346   0.864404   0.591951   0.377847   0.247918   0.217835   0.291226   0.459239   0.701609   0.989103   1.287045   1.559499   1.773602   1.903531 
 142.063599  
TUPLE  31.355324  
 -112.720251  73.151418  120.850423  180.725786 0
 -114.526431  74.323565  122.786878  183.621711 
 0.000000  0.000000  0.000000  0.000000 
 24.884946  30.495217  28.375497  48.522033 0
 24.293006  29.769826  27.700527  47.368042 
 0.000000  0.000000  0.000000  0.000000 
 3.690946  
 0.696483  0.828574  0.925204  0.974718   0.971144   0.914914   0.812808   0.677144   0.524283   0.372663   0.240573   0.143943   0.094429   0.098002   0.154233   0.256338   0.392003   0.544864 
 121.367874  
TUPLE  31.355324  
 -72.368774  -73.990998  96.313467  141.379599 0
 -74.245459  -75.909751  98.811092  145.045958 
 0.000000  0.000000  0.000000  0.000000 
 26.169973  -27.235840  -2.523197  37.855317 1
 2.797117  -2.762844  0.051313  3.934372 
 22.813117  -23.890462  -2.520542  33.129501 
 2.962037  
 1.490017  1.550126  1.519372  1.401463   1.210623   0.969869   0.708239   0.457289   0.247289   0.103568   0.043459   0.074213   0.192122   0.382962   0.623716   0.885346   1.136295   1.346295 
 134.826569  
TUPLE  33.718788  
 -3.641110  156.629872  -574.081449  595.076200 1
 -1.001665  29.573717  -109.883632  113.798244 
 -2.692879  129.354450  -472.621606  490.011251 
 21.736731  26.369325  -34.319582  48.432019 1
 18.848088  23.528814  -30.416284  42.825522 
 2.334952  2.168813  -3.029088  4.398789 
 0.640617  
 1.747395  1.808663  1.870233  1.924679   1.965434   1.987582   1.988452   1.967938   1.928516   1.874940   1.813672   1.752102   1.697656   1.656902   1.634754   1.633884   1.654397   1.693819 
 122.018471  
TUPLE  44.201973  
 -40.914512  57.201424  -22.194753  73.746913 0
 -41.236170  57.651126  -22.369243  74.326823 
 0.000000  0.000000  0.000000  0.000000 
 -20.741319  -36.545420  -28.154592  50.581134 1
 -19.182057  -34.172109  -26.283762  47.186227 
 -1.288844  -1.896853  -1.503764  2.745668 
 4.354431  
 0.241704  0.135513  0.069803  0.052499   0.085687   0.165366   0.281925   0.421304   0.566693   0.700556   0.806746   0.872457   0.889761   0.856573   0.776894   0.660335   0.520956   0.375567 
 121.739845  
TUPLE  36.744804  
 -46.304385  41.425997  109.712016  126.083051 0
 -46.815146  41.882947  110.922196  127.473888 
 0.000000  0.000000  0.000000  0.000000 
 23.167074  26.211664  20.746502  40.671636 0
 23.049465  26.078599  20.641181  40.465405 
 0.000000  0.000000  0.000000  0.000000 
 5.801653  
 0.116209  0.011866  0.021460  0.143835   0.364230   0.656063   0.984133   1.308871   1.591109   1.796805   1.901148   1.891554   1.769179   1.548784   1.256952   0.928881   0.604143   0.321905 
 108.807602  
TUPLE  33.718788  
 -31.764578  -41.368539  -37.730295  64.373284 1
 -23.205091  -30.635482  -27.729581  47.391541 
 -9.301740  -11.699279  -10.882186  18.488799 
 30.497250  -29.278328  -67.831982  79.927971 2
 13.592545  -12.933020  -30.322215  35.657769 
 17.592605  -17.005713  -39.039792  46.091601 
 6.071669  
 0.487513  0.317117  0.239661  0.264487   0.388600   0.597032   0.864641   1.159151   1.445039   1.687822   1.858219   1.935675   1.910849   1.786735   1.578304   1.310694   1.016185   0.730297 
 116.704170  
TUPLE  33.402683  
 70.482446  -39.961445  36.995495  89.069406 1
 36.514741  -20.317488  19.192667  45.983742 
 29.269221  -16.980059  15.336645  37.151589 
 -36.073542  -8.678040  14.625247  39.881157 1
 -13.085865  -3.227719  5.769429  14.661645 
 -24.712587  -5.865214  9.554776  27.137145 
 1.668660  
 0.438550  0.416633  0.406169  0.408419   0.423112   0.448475   0.481451   0.518060   0.553889   0.584614   0.606531   0.616995   0.614745   0.600052   0.574688   0.541713   0.505104   0.469275 
 137.875229  
TUPLE  31.800991  
 -62.584868  72.752463  -50.985674  108.670721 1
 -52.789662  61.277182  -42.556670  91.393277 
 -10.477117  12.267963  -8.984524  18.466532 
 -64.785345  17.204540  -166.736452  179.705820 2
 -16.082565  4.489737  -41.299462  44.547409 
 -50.760597  13.261274  -130.733129  140.867751 
 6.214008  
 1.000000  1.000000  1.000000  1.000000   1.000000   1.000000   1.000000   1.000000   1.000000   1.000000   1.000000   1.000000   1.000000   1.000000   1.000000   1.000000   1.000000   1.000000 
 129.728928  
TUPLE  33.402683  
 -95.466082  -11.791882  -75.078753  122.023114 1
 -13.290362  -1.747709  -10.486151  17.019608 
 -89.869736  -10.994528  -70.643518  114.838904 
 -16.504889  -49.556171  -13.840854  54.035125 1
 -15.821287  -46.851835  -13.027832  51.138552 
 -0.743204  -2.883293  -0.863003  3.103018 
 1.998799  
 1.500488  1.417640  1.260093  1.046848   0.803627   0.559766   0.344678   0.184305   0.097991   0.096147   0.178995   0.336542   0.549786   0.793007   1.036869   1.251957   1.412330   1.498644 
 105.066574  
TUPLE  31.355324  
 -60.655042  -14.057195  60.592475  86.879727 1
 -21.666418  -4.831060  22.198516  31.393732 
 -38.925331  -9.211465  38.330729  55.401223 
 -15.075423  29.228437  -8.109931  33.872421 0
 -0.702598  1.362207  -0.377968  1.584801 
 0.000000  0.000000  0.000000  0.000000 
 3.845283  
 1.242294  1.063570  0.910026  0.800181   0.747283   0.757714   0.830215   0.956041   1.120016   1.302362   1.481086   1.634630   1.744475   1.797373   1.786942   1.714441   1.588615   1.424640 
 112.096146  
TUPLE  31.355324  
 -67.830834  18.740173  -51.870013  87.422620 0
 -67.878321  18.753293  -51.906326  87.483933 
 0.000000  0.000000  0.000000  0.000000 
 31.598593  58.139954  -0.906342  66.178144 1
 27.757565  50.788314  -0.772301  57.883946 
 3.518168  6.757587  -0.124780  7.620780 
 6.023154  
 0.185320  0.226931  0.276443  0.327885   0.375052   0.412255   0.435006   0.440562   0.428253   0.399562   0.357951   0.308439   0.256997   0.209830   0.172627   0.149876   0.144320   0.156629 
 146.437088  
TUPLE  36.744804  
 -7.442542  -48.146671  -15.279504  51.058365 3
 -7.737921  -50.057490  -15.885910  53.096026 
 0.000000  0.000000  0.000000  0.000000 
 31.229903  -18.113610  -18.125265  40.397214 1
 6.060252  -3.335829  -3.255260  7.646608 
 24.280855  -14.262272  -14.354163  31.607476 
 0.172218  
 1.000290  0.782962  0.556023  0.346843   0.180654   0.077500   0.049823   0.100961   0.224747   0.406249   0.623577   0.850516   1.059696   1.225885   1.329039   1.356716   1.305578   1.181792 
 92.083588  
TUPLE  33.402683  
 28.665520  65.122667  86.437009  111.955484 1
 24.127342  55.044981  72.901044  94.481005 
 4.328999  9.602472  12.905213  16.658645 
 37.617236  39.033768  8.019621  54.799688 1
 17.171087  17.401841  4.013345  24.774922 
 21.450544  22.674146  4.220404  31.497186 
 5.507524  
 0.207839  0.374937  0.590954  0.829835   1.062767   1.261656   1.402512   1.468347   1.451219   1.353195   1.186097   0.970080   0.731199   0.498267   0.299378   0.158522   0.092687   0.109815 
 101.690231  
TUPLE  31.800991  
 25.644692  -95.419623  -261.368328  279.420753 1
 15.770354  -58.061495  -159.628381  170.590389 
 7.514544  -28.577733  -77.689173  83.119077 
 46.276040  -46.172623  -371.077669  376.791746 0
 51.365213  -51.250423  -411.886663  418.229164 
 0.000000  0.000000  0.000000  0.000000 
 0.625823  
 0.358385  0.530957  0.773136  1.055713   1.344604   1.604965   1.805392   1.921711   1.939893   1.857743   1.685171   1.442992   1.160415   0.871524   0.611164   0.410736   0.294417   0.276236 
 109.007507  
TUPLE  0.028151  
 -86.256971  10.074244  213.329301  230.328344 1
 -10.547639  1.205155  25.565432  27.682411 
 -75.263450  8.817012  186.661119  201.456492 
 6.290090  -39.047146  198.066340  201.976533 1
 2.802036  -18.311009  92.037826  93.883573 
 3.794245  -22.636883  115.670059  117.925424 
 5.125907  
 0.682509  0.853432  1.070321  1.307017   1.534970   1.726686   1.859040   1.916070   1.890896   1.786555   1.615632   1.398742   1.162046   0.934093   0.742378   0.610023   0.552994   0.578167 
 122.769325  
TUPLE  36.744804  
 78.410930  28.354318  45.280548  94.881871 1
 46.146053  16.117934  26.655245  55.675556 
 31.968076  12.129201  18.453903  38.854088 
 -9.167782  37.503818  22.100305  44.486044 1
 -2.330696  8.743791  5.129813  10.402908 
 -6.687004  28.146071  16.608698  33.358423 
 2.701825  
 1.513972  1.191607  0.846511  0.520307   0.252340   0.074930   0.009477   0.063874   0.231561   0.492312   0.814677   1.159773   1.485977   1.753944   1.931354   1.996807   1.942410   1.774723 
 112.219246  
TUPLE  35.796818  
 -42.927088  -52.310398  80.508417  105.169948 3
 -42.901519  -52.279228  80.460453  105.111339 
 0.000000  0.000000  0.000000  0.000000 
 -24.569133  33.430775  32.091334  52.451051 1
 -7.442535  10.196219  9.260781  15.656812 
 -16.419730  22.272736  21.907268  35.293468 
 3.677851  
 1.680126  1.548254  1.349354  1.107419   0.851627   0.612833   0.419837   0.295919   0.256024   0.304964   0.436837   0.635736   0.877672   1.133463   1.372258   1.565253   1.689172   1.729067 
 120.159409  
TUPLE  31.800991  
 -93.321059  -3.354231  -13.935747  94.415444 2
 -45.145458  -1.741815  -6.891224  45.701802 
 -54.821809  -1.851304  -8.037009  55.439376 
 -14.117957  -65.121332  -17.370639  68.861046 1
 -3.063746  -13.652918  -3.424812  14.406163 
 -10.368997  -48.307749  -13.102743  51.116091 
 4.391915  
 1.306542  1.602254  1.829459  1.960755   1.980303   1.885748   1.688493   1.412330   1.090569   0.762019   0.466307   0.239101   0.107806   0.088257   0.182813   0.380068   0.656231   0.977992 
 118.828835  
TUPLE  0.001334  
 40.911366  37.966870  -8.825739  56.507670 1
 9.164277  8.315231  -2.115162  12.554698 
 31.188698  29.133437  -6.590116  43.184950 
 -19.047711  44.505208  42.835254  64.640450 0
 -19.032710  44.470159  42.801519  64.589694 
 0.000000  0.000000  0.000000  0.000000 
 4.104868  
 1.724783  1.463016  1.150314  0.824395   0.524570   0.287001   0.140343   0.102286   0.177419   0.356680   0.618447   0.931149   1.257067   1.556893   1.794462   1.941119   1.979177   1.904044 
 113.993271  
TUPLE  33.718788  
 -63.490151  -60.927108  60.916396  107.022984 0
 -85.524616  -82.072061  82.057632  144.165730 
 0.000000  0.000000  0.000000  0.000000 
 33.799596  -21.265376  41.001713  57.234337 0
 33.973123  -21.374553  41.212216  57.528348 
 0.000000  0.000000  0.000000  0.000000 
 0.536427  
 0.902777  1.088937  1.252300  1.373162   1.436946   1.435958   1.370318   1.247942   1.083591   0.897088   0.710929   0.547566   0.426704   0.362920   0.363908   0.429548   0.551924   0.716275 
 131.142914  
TUPLE  31.800991  
 66.253876  146.676527  192.923539  251.243053 1
 63.586503  141.723769  186.296219  242.559623 
 2.106725  3.711581  4.994789  6.571169 
 21.538724  134.427928  59.647440  148.635802 3
 21.485249  134.094165  59.499347  148.270658 
 0.000000  0.000000  0.000000  0.000000 
 0.392038  
 0.240579  0.413513  0.603062  0.786364   0.941310   1.049211   1.097053   1.079065   0.997417   0.861957   0.689023   0.499474   0.316172   0.161226   0.053325   0.005483   0.023471   0.105119 
 118.640694  
TUPLE  33.402683  
 68.569305  -18.347914  -68.045651  98.329071 0
 69.816249  -18.681573  -69.283072  100.117298 
 0.000000  0.000000  0.000000  0.000000 
 2.696780  35.126350  -4.391766  35.502404 1
 1.591731  21.609067  -2.527123  21.814931 
 1.301197  16.071795  -2.184107  16.272192 
 2.469344  
 1.972627  1.835863  1.599921  1.293258   0.952863   0.619792   0.334219   0.130587   0.033458   0.054548   0.191311   0.427254   0.733916   1.074311   1.407382   1.692956   1.896587   1.993716 
 134.891266  
TUPLE  33.402683  
 43.701107  -35.508256  -46.528485  73.044664 1
 24.208086  -19.245121  -25.533193  40.104483 
 16.466962  -13.804385  -17.773454  27.886121 
 -44.625508  -14.682900  -80.761855  93.431798 0
 -43.997358  -14.476223  -79.625049  92.116755 
 0.000000  0.000000  0.000000  0.000000 
 5.986775  
 0.183313  0.189059  0.301599  0.507359   0.781522   1.091019   1.398520   1.666937   1.863894   1.965636   1.959890   1.847350   1.641590   1.367427   1.057930   0.750428   0.482011   0.285054 
 133.676849  
TUPLE  35.796818  
 81.927965  5.311878  95.509879  125.946594 1
 16.823675  0.998195  19.392816  25.693058 
 63.944425  4.238483  74.764915  98.471645 
 19.206248  46.493740  39.222281  63.788205 1
 10.373386  25.714249  21.323149  34.978935 
 9.957237  23.500781  20.195157  32.546825 
 3.760527  
 1.655768  1.406485  1.128310  0.854795   0.618931   0.449167   0.365977   0.379396   0.487806   0.678131   0.927415   1.205590   1.479104   1.714968   1.884733   1.967923   1.954503   1.846093 
 111.524208  
TUPLE  36.744804  
 12.182938  -41.377247  -19.631126  47.390733 0
 11.997372  -40.747005  -19.332113  46.669106 
 0.000000  0.000000  0.000000  0.000000 
 37.610586  13.395514  3.175967  40.051001 1
 8.260604  3.165024  0.621153  8.869063 
 31.558503  11.017083  2.741308  33.538757 
 2.994245  
 1.458216  1.694298  1.864611  1.948613   1.936172   1.828788   1.639414   1.390891   1.113194   0.839818   0.603736   0.433423   0.349421   0.361863   0.469246   0.658620   0.907143   1.184840 
 119.841080  
TUPLE  33.718788  
 -4.275470  -87.427380  74.386332  114.870156 1
 -2.486518  -49.997203  42.493729  65.663076 
 -1.129232  -23.939823  20.414531  31.482719 
 22.693739  -44.275438  -22.577555  54.635759 0
 22.603351  -44.099093  -22.487631  54.418329 
 0.000000  0.000000  0.000000  0.000000 
 4.087096  
 1.230527  0.977835  0.758652  0.599414   0.519328   0.528054   0.624539   0.797146   1.025055   1.280778   1.533470   1.752653   1.911891   1.991976   1.983250   1.886765   1.714159   1.486250 
 123.700356  
TUPLE  31.800991  
 69.379229  3.611667  39.538760  79.936445 1
 51.239243  2.690369  28.868206  58.873516 
 18.814115  0.956392  11.054734  21.842870 
 -7.391692  33.089982  50.915457  61.171625 2
 -2.831504  12.209142  18.561321  22.396934 
 -5.040525  23.031142  35.662799  42.763395 
 3.307324  
 1.704676  1.881148  1.949360  1.901083   1.742140   1.491703   1.179977   0.844562   0.525914   0.262466   0.085993   0.017782   0.066059   0.225002   0.475439   0.787164   1.122579   1.441228 
 119.211075  
TUPLE  35.796818  
 156.696307  -42.354729  14.982952  163.009645 2
 6.169055  -1.712131  0.544388  6.426855 
 152.644482  -41.214880  14.641008  158.787393 
 34.167455  -43.141256  -11.352918  56.191384 1
 20.436965  -26.232384  -6.919074  33.966168 
 12.670623  -15.570641  -4.081679  20.485797 
 0.227134  
 0.286243  0.432736  0.615878  0.813580   1.001996   1.158400   1.263928   1.305850   1.279112   1.186937   1.040444   0.857302   0.659600   0.471184   0.314780   0.209253   0.167330   0.194068 
 107.141296  
TUPLE  31.355324  
 -53.839297  -35.985124  71.227500  96.265029 0
 -51.912994  -34.697621  68.679068  92.820891 
 0.000000  0.000000  0.000000  0.000000 
 32.859761  -37.680614  53.079446  72.917900 0
 33.522566  -38.440659  54.150096  74.388837 
 0.000000  0.000000  0.000000  0.000000 
 6.182210  
 0.624009  0.572757  0.553485  0.568518   0.616042   0.690326   0.782409   0.881185   0.974740   1.051790   1.103042   1.122314   1.107281   1.059757   0.985474   0.893391   0.794615   0.701060 
 118.629936  
TUPLE  44.201973  
 -22.419114  83.315991  -93.619551  127.313751 0
 -22.591895  83.958096  -94.341064  128.295017 
 0.000000  0.000000  0.000000  0.000000 
 -25.028787  17.424423  0.056002  30.496784 1
 -13.115187  8.720807  -0.249821  15.752539 
 -13.569940  9.856720  0.309529  16.775346 
 1.944388  
 0.958844  0.703448  0.492775  0.352233   0.298775   0.338849   0.467620   0.669558   0.920305   1.189617   1.445013   1.655686   1.796228   1.849686   1.809612   1.680841   1.478903   1.228156 
 110.389290  
TUPLE  29.647768  
 35.209344  31.573484  -6.873792  47.789453 1
 20.860598  18.187409  -4.062229  27.972622 
 14.434278  13.462774  -2.828261  19.940209 
 15.350136  -29.495692  -1.215106  33.273097 1
 7.767043  -14.716536  -0.204369  16.642254 
 7.471306  -14.564358  -1.001888  16.400089 
 1.523630  
 0.886940  1.164118  1.403836  1.577182   1.663246   1.651649   1.543789   1.352675   1.101360   0.820154   0.542976   0.303257   0.129912   0.043847   0.055445   0.163305   0.354418   0.605734 
 100.794121  
TUPLE  36.744804  
 -11.227477  42.223145  65.062463  78.370749 0
 -11.220057  42.195244  65.019469  78.319086 
 0.000000  0.000000  0.000000  0.000000 
 36.178962  -5.640225  81.940749  89.749740 1
 3.284701  -0.509051  7.141309  7.878209 
 34.847011  -5.435603  79.222162  86.718101 
 5.649429  
 0.732923  0.495669  0.322476  0.234234   0.241585   0.343644   0.528100   0.772705   1.047957   1.320655   1.557909   1.731102   1.819345   1.811993   1.709934   1.525478   1.280873   1.005622 
 107.178467  
TUPLE  33.718788  
 21.442323  58.419609  -93.654739  112.444805 1
 0.686119  1.695660  -2.654225  3.226517 
 20.886361  57.078561  -91.569009  109.904976 
 47.755820  2.107347  -172.317148  178.824660 1
 20.361778  0.956845  -74.266146  77.012970 
 27.199821  1.141929  -97.350173  101.085155 
 3.031311  
 1.161103  1.134741  1.152238  1.211483   1.305330   1.422460   1.548745   1.668954   1.768587   1.835628   1.861989   1.844493   1.785248   1.691401   1.574271   1.447985   1.327777   1.228143 
 108.906532  
TUPLE  35.796818  
 36.161838  51.265789  202.815012  212.296464 1
 14.802377  20.713004  81.426958  85.314171 
 22.055800  31.539972  125.293496  131.071380 
 -33.648604  4.367457  56.717074  66.091828 0
 -33.211388  4.310709  55.980117  65.233208 
 0.000000  0.000000  0.000000  0.000000 
 0.155694  
 0.380663  0.422611  0.524092  0.672865   0.850987   1.036973   1.208390   1.344564   1.429069   1.451713   1.409765   1.308284   1.159511   0.981389   0.795404   0.623986   0.487812   0.403307 
 129.281982  
TUPLE  0.028151  
 4.539298  -61.032329  -48.015670  77.788528 1
 0.690312  -6.699394  -5.444362  8.661349 
 4.017667  -56.600872  -44.355550  72.022451 
 46.803765  13.681133  -31.684185  58.151985 3
 46.046890  13.459892  -31.171812  57.223825 
 0.000000  0.000000  0.000000  0.000000 
 5.290995  
 0.055028  0.133379  0.236270  0.351290   0.464567   0.562438   0.633097   0.668024   0.663004   0.618643   0.540292   0.437402   0.322381   0.209104   0.111234   0.040574   0.005648   0.010668 
 126.445908  
TUPLE  36.744804  
 -30.175982  34.869907  36.582350  58.862285 0
 -30.398856  35.127450  36.852541  59.297196 
 0.000000  0.000000  0.000000  0.000000 
 -30.484934  -0.844223  84.549515  89.881391 1
 -12.651301  -0.803235  35.038109  37.261095 
 -26.570363  -0.282894  73.742602  78.384015 
 6.235816  
 0.039919  0.000800  0.046852  0.172522   0.362650   0.594306   0.839548   1.068795   1.254399   1.373971   1.413090   1.367037   1.241368   1.051239   0.819583   0.574342   0.345094   0.159491 
 116.748817  
TUPLE  33.718788  
 25.163715  60.922999  39.799135  76.998672 1
 1.126241  2.957417  2.029053  3.761818 
 26.252693  63.328721  41.273633  80.020383 
 29.004120  32.130860  -27.076255  51.056388 0
 28.808220  31.913841  -26.893377  50.711734 
 0.000000  0.000000  0.000000  0.000000 
 3.717706  
 0.172837  0.075032  0.054058  0.112447   0.243155   0.430417   0.651647   0.880161   1.088396   1.251237   1.349043   1.370016   1.311628   1.180920   0.993658   0.772428   0.543914   0.335679 
 107.229813  
TUPLE  33.718788  
 2.385066  -121.957915  181.445067  218.636076 1
 1.796385  -88.804747  131.725216  158.874360 
 0.671002  -37.362792  55.982790  67.309134 
 36.469241  -19.009633  31.559764  51.840046 2
 13.036932  -6.566335  11.530685  18.602541 
 25.383431  -13.460323  21.717540  36.032015 
 0.390075  
 1.981671  1.861030  1.641016  1.348166   1.017802   0.689771   0.403638   0.193916   0.085899   0.092616   0.213258   0.433272   0.726122   1.056485   1.384516   1.670649   1.880371   1.988388 
 104.135689  
TUPLE  31.355324  
 -192.297384  55.667008  -320.752830  378.099824 0
 -192.923145  55.848156  -321.796601  379.330237 
 0.000000  0.000000  0.000000  0.000000 
 -33.225895  -3.829890  -22.192540  40.138970 1
 -11.102846  -1.612442  -7.726448  13.623165 
 -22.901547  -2.307186  -14.986073  27.466426 
 1.742765  
 1.692622  1.878304  1.962114  1.933944   1.797193   1.568354   1.275028   0.952596   0.639947   0.374790   0.189109   0.105299   0.133468   0.270220   0.499059   0.792384   1.114817   1.427466 
 125.083374  
TUPLE  33.402683  
 -28.084518  -77.370353  -30.452498  87.762556 1
 -26.910232  -74.184983  -29.187116  84.139643 
 -1.147610  -3.111892  -1.236461  3.542307 
 -51.818476  -37.884386  42.844313  77.175232 1
 -23.048736  -16.589185  18.571529  33.931791 
 -28.658074  -21.213563  24.180456  43.081471 
 0.500206  
 1.536131  1.435592  1.353805  1.300635   1.282494   1.301572   1.355566   1.437964   1.538828   1.645993   1.746532   1.828319   1.881489   1.899630   1.880552   1.826558   1.744160   1.643295 
 133.496140  
TUPLE  31.800991  
 43.468428  84.411551  20.367511  97.106383 1
 17.955482  35.345662  8.678793  40.583939 
 24.604086  47.300971  11.262863  54.494158 
 -32.562043  4.088147  2.621313  32.922194 1
 -10.419904  1.456104  0.888141  10.559494 
 -21.611836  2.565392  1.690459  21.829534 
 0.441673  
 1.886904  1.866120  1.748084  1.547033   1.287216   0.999970   0.719943   0.480909   0.311700   0.232724   0.253507   0.371543   0.572595   0.832412   1.119658   1.399685   1.638719   1.807928 
 149.472397  
TUPLE  35.796818  
 89.645494  -71.846166  106.958827  156.966165 1
 73.340309  -58.975132  87.661737  128.613634 
 10.637168  -8.328415  12.534402  18.429360 
 -23.324052  -20.271439  52.495808  60.915946 1
 -22.307437  -19.161435  50.352932  58.311402 
 -3.980353  -3.685848  8.813399  10.350020 
 2.421760  
 0.767460  0.690221  0.603703  0.518344   0.444437   0.390898   0.364185   0.367518   0.400497   0.459143   0.536383   0.622900   0.708260   0.782166   0.835705   0.862419   0.859085   0.826106 
 125.339958  
TUPLE  33.402683  
 -68.799108  12.763195  -9.688628  70.640540 3
 -66.391700  12.316580  -9.349604  68.178675 
 0.000000  0.000000  0.000000  0.000000 
 -21.004677  -27.723534  -10.728301  36.399000 1
 -2.272329  -2.835135  -0.946414  3.757213 
 -19.063115  -25.324966  -9.950827  33.223387 
 2.763456  
 0.868117  0.996635  1.093127  1.145955   1.148746   1.101165   1.008950   0.883224   0.739152   0.594109   0.465591   0.369099   0.316272   0.313480   0.361061   0.453276   0.579002   0.723075 
 114.967026  
TUPLE  33.402683  
 -62.610097  86.741162  5.720444  107.129720 0
 -61.068630  84.605586  5.579606  104.492269 
 0.000000  0.000000  0.000000  0.000000 
 -39.025688  1.920494  -1.974239  39.122758 0
 -37.979528  1.869012  -1.921315  38.074252 
 0.000000  0.000000  0.000000  0.000000 
 0.245393  
 1.689867  1.559130  1.411471  1.264701   1.136522   1.042396   0.993674   0.996233   1.049766   1.147814   1.278552   1.426210   1.572980   1.701159   1.795285   1.844007   1.841448   1.787916 
 119.079689  
TUPLE  36.744804  
 -52.203955  118.189491  -113.050098  171.680905 1
 -41.355207  93.596703  -89.378475  135.864371 
 -8.329263  18.888686  -18.215559  27.531508 
 -52.138075  49.307024  13.403064  73.001395 2
 -10.335257  10.180249  2.898787  14.794507 
 -42.988435  40.248005  10.809061  59.873334 
 1.713763  
 1.213860  1.461732  1.639578  1.725949   1.710425   1.594881   1.393252   1.129858   0.836467   0.548468   0.300596   0.122750   0.036379   0.051902   0.167447   0.369076   0.632470   0.925861 
 131.167908  
TUPLE  31.800991  
 119.017966  9.406149  32.974566  123.859089 2
 68.204659  5.041110  18.945856  70.966564 
 46.976799  4.061834  12.965786  48.902992 
 26.303531  56.814001  17.419090  64.985622 1
 12.773171  27.369586  8.679987  31.426259 
 13.305579  28.958911  8.590247  33.007083 
 4.884289  
 1.125362  1.315125  1.439221  1.482682   1.440266   1.317088   1.128007   0.895827   0.648554   0.416011   0.226248   0.102151   0.058691   0.101107   0.224284   0.413366   0.645546   0.892819 
 132.199860  
TUPLE  0.874500  
 -82.457646  -28.673528  -116.073008  145.239037 1
 -56.603629  -19.510374  -79.375898  99.424233 
 -25.645040  -9.090486  -36.402941  45.447743 
 4.824935  38.755844  -108.265476  115.094348 0
 4.818367  38.703084  -108.118088  114.937747 
 0.000000  0.000000  0.000000  0.000000 
 3.655583  
 1.334242  1.251336  1.103646  0.908986   0.690835   0.475504   0.288967   0.153722   0.086082   0.094204   0.177110   0.324800   0.519460   0.737612   0.952942   1.139479   1.274724   1.342365 
 133.665146  
TUPLE  36.744804  
 -158.818075  103.200766  -656.919047  683.678443 0
 -194.450874  126.355134  -804.306955  837.070164 
 0.000000  0.000000  0.000000  0.000000 
 -66.797360  22.936470  -97.553496  120.435267 1
 -16.339484  5.695798  -23.419377  29.118852 
 -53.575329  18.311120  -78.686967  96.939517 
 1.302599  
 1.668421  1.637041  1.583976  1.515626   1.440237   1.366900   1.304462   1.260454   1.240183   1.246094   1.277475   1.330540   1.398889   1.474278   1.547615   1.610053   1.654061   1.674333 
 117.124939  
TUPLE  36.744804  
 -12.150036  -42.262532  10.062040  45.110859 0
 -12.138907  -42.223819  10.052823  45.069753 
 0.000000  0.000000  0.000000  0.000000 
 31.509646  4.469767  12.620477  34.236136 1
 18.773126  2.472612  7.701436  20.442007 
 13.163516  2.057726  5.090065  14.263218 
 3.683837  
 1.807442  1.735205  1.562870  1.311224   1.010617   0.697309   0.409088   0.180719   0.039745   0.003171   0.075408   0.247743   0.499390   0.799996   1.113304   1.401525   1.629895   1.770868 
 128.523056  
TUPLE  33.718788  
 86.585228  36.052270  -276.476598  291.952183 0
 85.883985  35.760287  -274.237451  289.587735 
 0.000000  0.000000  0.000000  0.000000 
 7.873417  38.070708  -96.239524  103.795065 0
 7.710895  37.284853  -94.252950  101.652625 
 0.000000  0.000000  0.000000  0.000000 
 1.571859  
 1.356547  1.509531  1.648429  1.756487   1.820673   1.833245   1.792686   1.703889   1.577563   1.428946   1.275962   1.137064   1.029006   0.964819   0.952248   0.992806   1.081604   1.207930 
 106.160370  
TUPLE  31.800991  
 74.109882  -17.682410  -2.478449  76.230473 1
 32.823710  -7.469098  -0.787098  33.672279 
 43.042881  -10.632457  -1.750101  44.371385 
 -23.001210  -35.956606  7.212020  43.289103 1
 -23.450206  -36.514153  7.437934  44.028830 
 -1.311683  -2.194830  0.326145  2.581159 
 3.038285  
 0.374388  0.418683  0.445689  0.452147   0.437278   0.402877   0.353092   0.293929   0.232522   0.176279   0.131984   0.104979   0.098521   0.113389   0.147790   0.197575   0.256739   0.318145 
 139.524673  
TUPLE  33.402683  
 -50.018299  -37.741948  -242.401472  250.369244 1
 -33.259030  -25.392953  -162.180458  167.491747 
 -17.866940  -13.184773  -85.588962  88.422590 
 35.967174  -17.830411  -51.553785  65.340293 0
 35.257534  -17.478613  -50.536617  64.051267 
 0.000000  0.000000  0.000000  0.000000 
 6.239635  
 0.250515  0.169231  0.107151  0.071762   0.067333   0.094397   0.149691   0.226545   0.315690   0.406373   0.487656   0.549737   0.585126   0.589555   0.562491   0.507197   0.430343   0.341198 
 136.291977  
TUPLE  33.718788  
 -59.806965  120.066980  -751.564508  763.441001 1
 -31.167195  63.238869  -397.325031  403.531595 
 -27.119904  53.776841  -335.139975  340.508823 
 23.967219  35.124210  -137.137633  143.578787 3
 24.111375  35.335474  -137.962472  144.446933 
 0.000000  0.000000  0.000000  0.000000 
 1.823567  
 1.510643  1.370373  1.165059  0.919464   0.663211   0.427207   0.239919   0.123936   0.093247   0.151554   0.291824   0.497138   0.742733   0.998986   1.234989   1.422277   1.538260   1.568949 
 101.084908  
TUPLE  36.744804  
 33.892056  40.210055  35.061186  63.204483 1
 2.856866  3.657667  3.027170  5.542874 
 33.860031  39.903824  34.956303  62.934714 
 20.983034  -26.191012  -9.805923  34.963023 3
 20.942346  -26.140227  -9.786909  34.914737 
 0.000000  0.000000  0.000000  0.000000 
 0.522749  
 0.037892  0.050640  0.168415  0.377013   0.651274   0.958117   1.260533   1.522046   1.711113   1.804931   1.792183   1.674408   1.465809   1.191549   0.884706   0.582290   0.320777   0.131710 
 119.964958  
TUPLE  36.744804  
 113.397210  1.809644  -15.330177  114.443070 3
 108.516011  1.731748  -14.670287  109.522694 
 0.000000  0.000000  0.000000  0.000000 
 13.278691  -53.491946  26.438086  61.128425 1
 11.358971  -45.750651  22.623479  52.287566 
 1.521152  -6.135702  3.021053  7.007547 
 0.221023  
 0.338941  0.319606  0.336595  0.387858   0.467214   0.565090   0.669681   0.768371   0.849258   0.902585   0.921921   0.904932   0.853668   0.774313   0.676437   0.571846   0.473156   0.392269 
 133.442108  
TUPLE  33.402683  
 -48.307165  18.829979  -18.069504  54.905895 1
 -13.843254  5.548393  -5.432360  15.872944 
 -45.208247  17.469696  -16.656109  51.248610 
 26.195065  35.739778  20.822587  48.960120 3
 26.002513  35.477066  20.669527  48.611947 
 0.000000  0.000000  0.000000  0.000000 
 5.493399  
 1.055419  1.083380  1.071567  1.021405   0.938944   0.834130   0.719606   0.609183   0.516182   0.451820   0.423858   0.435671   0.485833   0.568294   0.673108   0.787633   0.898055   0.991056 
 118.992340  
TUPLE  33.718788  
 41.037390  -49.920149  3.802777  64.734456 1
 28.559181  -34.407022  2.733622  44.799131 
 2.397052  -3.249853  0.134973  4.042752 
 -35.245036  -12.163073  29.231380  47.377489 0
 -34.482213  -11.899823  28.598714  46.352289 
 0.000000  0.000000  0.000000  0.000000 
 2.652307  
 1.534772  1.484089  1.388409  1.259271   1.112251   0.965083   0.835517   0.739180   0.687692   0.687264   0.737947   0.833628   0.962766   1.109785   1.256953   1.386520   1.482856   1.534344 
 154.172516  
TUPLE  36.744804  
 -45.817958  -27.557299  -30.871932  61.739503 1
 -4.187599  -2.531689  -3.028311  5.756351 
 -41.588758  -25.000584  -27.815588  55.931915 
 38.064658  -36.444520  -1.543520  52.720998 3
 38.046300  -36.426944  -1.542775  52.708807 
 0.000000  0.000000  0.000000  0.000000 
 4.501398  
 1.462995  1.424409  1.318725  1.158688   0.963603   0.756998   0.563795   0.407295   0.306375   0.273208   0.311793   0.417478   0.577514   0.772600   0.979204   1.172408   1.328908   1.429828 
 128.987488  
TUPLE  36.744804  
 -170.041557  -70.919157  -29.897203  186.648066 1
 -112.137576  -46.964575  -19.574851  123.140982 
 -53.162715  -21.977121  -9.488728  58.303707 
 -85.382982  31.362491  -35.452932  97.625662 0
 -85.084907  31.253004  -35.329164  97.284948 
 0.000000  0.000000  0.000000  0.000000 
 5.852614  
 1.261918  1.378490  1.459755  1.495911   1.482599   1.421422   1.319760   1.189875   1.047434   0.909615   0.793044   0.711778   0.675622   0.688935   0.750111   0.851773   0.981658   1.124100 
 130.724106  
TUPLE  35.796818  
 -89.593694  -65.819734  -105.112100  152.996147 1
 -69.860913  -50.626330  -81.584561  118.741874 
 -17.148336  -13.295346  -20.495764  29.848387 
 27.981576  -49.423785  -18.539908  59.744517 1
 9.393343  -17.397076  -6.440930  20.794187 
 17.305649  -29.761291  -11.249172  36.218532 
 5.710492  
 1.044235  0.864915  0.742096  0.690592   0.716614   0.817025   0.979713   1.185055   1.408285   1.622477   1.801797   1.924616   1.976120   1.950098   1.849687   1.686999   1.481657   1.258427 
 132.155090  
TUPLE  36.744804  
 61.734906  -6.700519  69.538444  93.229238 1
 37.780085  -3.628207  42.422612  56.922721 
 23.900325  -3.066397  27.054446  36.229678 
 9.168363  31.012795  42.199001  53.165854 0
 9.133698  30.895539  42.039450  52.965022 
 0.000000  0.000000  0.000000  0.000000 
 4.332461  
 0.033962  0.094489  0.259979  0.510470   0.815750   1.138997   1.441223   1.685976   1.843734   1.895469   1.834942   1.669452   1.418961   1.113681   0.790434   0.488208   0.243455   0.085697 
 99.435181  
TUPLE  35.796818  
 5.949563  -87.445360  -118.795116  147.629157 1
 1.741666  -26.702054  -36.090591  44.928647 
 4.388349  -63.395598  -86.307680  107.178791 
 25.487546  23.229848  -26.078154  43.235529 1
 18.469061  16.887485  -18.949704  31.391147 
 5.889140  5.313054  -5.972936  9.929990 
 1.514657  
 1.000000  1.000000  1.000000  1.000000   1.000000   1.000000   1.000000   1.000000   1.000000   1.000000   1.000000   1.000000   1.000000   1.000000   1.000000   1.000000   1.000000   1.000000 
 137.336166  
TUPLE  33.718788  
 -36.158544  -79.149395  -94.249335  128.277060 1
 -39.533548  -87.724657  -103.704078  141.467566 
 -10.405612  -21.589706  -26.465133  35.704533 
 25.996176  -29.102569  -30.054278  49.254648 1
 5.057082  -5.684677  -5.617281  9.458486 
 23.497832  -26.282382  -27.395163  44.647787 
 1.883427  
 0.551501  0.274662  0.085643  0.007242   0.048915   0.205637   0.458504   0.777017   1.122758   1.454026   1.730865   1.919884   1.998285   1.956612   1.799890   1.547023   1.228510   0.882769 
 125.191658  
TUPLE  36.744804  
 -163.188011  21.949741  27.627678  166.959296 0
 -164.932675  22.184408  27.923050  168.744337 
 0.000000  0.000000  0.000000  0.000000 
 -51.659644  73.954001  -8.659309  90.625034 1
 -41.259116  59.032012  -6.604641  72.323812 
 -11.099872  15.923145  -2.171893  19.531745 
 6.044848  
 0.493135  0.413068  0.319611  0.224035   0.137869   0.071505   0.032947   0.026847   0.053941   0.110959   0.191026   0.284483   0.380059   0.466225   0.532590   0.571147   0.577247   0.550153 
 123.146698  
TUPLE  33.402683  
 31.916532  74.644466  73.063085  109.218477 1
 27.910925  65.195904  63.807852  95.399094 
 3.558413  8.402694  8.231519  12.289984 
 31.479342  -18.673371  -0.048683  36.601177 1
 4.087234  -2.155338  -0.079214  4.623496 
 28.031126  -16.897096  0.029543  32.730337 
 2.572136  
 1.576811  1.639100  1.628457  1.546166   1.402153   1.213787   1.003788   0.797486   0.619763   0.492055   0.429766   0.440409   0.522700   0.666714   0.855079   1.065078   1.271381   1.449104 
 166.597458  
TUPLE  33.402683  
 -60.354568  -9.928785  -78.269386  99.334543 1
 -16.468240  -3.109069  -21.548284  27.298668 
 -46.820910  -7.302470  -60.526745  76.870208 
 -57.511628  6.124832  -2.225042  57.879632 2
 -19.026488  2.205800  -0.362280  19.157858 
 -43.892151  4.494860  -2.071952  44.171151 
 1.279819  
 1.704752  1.460722  1.161254  0.842468   0.542814   0.298436   0.138808   0.083184   0.138274   0.297432   0.541462   0.840930   1.159716   1.459370   1.703749   1.863377   1.919000   1.863911 
 129.928085  
TUPLE  33.718788  
 147.063391  117.056981  -101.435609  213.586424 1
 47.753219  37.571789  -32.898626  69.096659 
 95.323548  76.312395  -65.787278  138.701639 
 35.884710  73.152326  -105.868382  133.592999 2
 28.377041  57.960243  -83.645438  105.646699 
 7.603764  15.387979  -22.506451  28.305835 
 0.116405  
 1.512200  1.570791  1.615057  1.639659   1.641629   1.620730   1.579482   1.522861   1.457696   1.391846   1.333255   1.288989   1.264387   1.262417   1.283316   1.324564   1.381185   1.446350 
 120.965302  
TUPLE  31.800991  
 -74.745332  -133.576173  536.788900  558.186154 1
 -48.954002  -87.732815  352.787898  366.814478 
 -26.305886  -46.762927  187.696371  195.214541 
 6.338723  -62.803318  138.227249  151.957917 1
 5.860326  -57.576719  126.734972  139.324063 
 0.435216  -4.798789  10.550693  11.599703 
 5.270667  
 1.230118  0.906328  0.592415  0.326242   0.139914   0.055904   0.084346   0.221808   0.451712   0.746326   1.070117   1.384030   1.650202   1.836531   1.920540   1.892099   1.754636   1.524733 
 121.079208  
TUPLE  31.800991  
 39.241064  42.864321  -62.978017  85.693884 0
 31.057817  33.925488  -49.844717  67.823610 
 0.000000  0.000000  0.000000  0.000000 
 33.900800  -13.289905  -95.596901  102.296888 1
 19.571761  -7.855830  -54.113265  58.077817 
 17.152557  -6.540959  -49.445678  52.743603 
 5.678513  
 0.017315  0.072025  0.194162  0.368995   0.575435   0.788584   0.982732   1.134462   1.225473   1.244789   1.190079   1.067942   0.893109   0.686669   0.473520   0.279372   0.127642   0.036630 
 99.428925  
TUPLE  31.355324  
 71.668783  42.990350  74.798505  112.157929 2
 46.071448  27.411702  48.040382  71.985259 
 26.969748  16.401890  28.190472  42.322156 
 17.050150  60.964603  153.617795  166.149984 1
 15.013929  52.216213  131.588702  142.364170 
 1.430326  6.581946  16.570123  17.887287 
 1.607803  
 1.603850  1.727695  1.773294  1.735146   1.617852   1.435561   1.210258   0.969120   0.741230   0.554076   0.430231   0.384632   0.422780   0.540074   0.722365   0.947668   1.188806   1.416696 
 104.685928  
TUPLE  35.796818  
 24.019588  69.002349  249.006294  259.504141 1
 11.828991  34.707843  127.111944  132.295220 
 9.277680  25.926365  91.696431  95.741869 
 -27.790512  -16.785411  89.791937  95.481174 1
 -25.231864  -15.275097  81.597426  86.764826 
 -2.943773  -1.742928  9.438857  10.040609 
 4.744328  
 0.106920  0.040438  0.028082  0.071342   0.165001   0.297761   0.453610   0.613750   0.758866   0.871456   0.937938   0.950294   0.907034   0.813375   0.680615   0.524766   0.364626   0.219510 
 111.851166  
TUPLE  36.744804  
 -42.024317  -42.610918  -318.664035  324.235256 0
 -42.792128  -43.389446  -324.486228  330.159268 
 0.000000  0.000000  0.000000  0.000000 
 19.538204  -23.507856  -50.787662  59.276870 0
 19.413734  -23.358096  -50.464113  58.899405 
 0.000000  0.000000  0.000000  0.000000 
 2.365731  
 1.889431  1.832323  1.672615  1.429571   1.132504   0.817247   0.521823   0.281865   0.126316   0.073937   0.131045   0.290753   0.533797   0.830863   1.146121   1.441545   1.681503   1.837052 
 95.464615  
TUPLE  35.796818  
 -42.881509  58.144051  -44.832969  85.026758 3
 -43.103269  58.444753  -45.064828  85.476568 
 0.000000  0.000000  0.000000  0.000000 
 -36.682523  -43.650585  -57.006004  80.626705 1
 -10.649024  -12.767021  -16.970735  23.757607 
 -22.560203  -26.750487  -34.637631  49.237537 
 1.961603  
 1.891880  1.683850  1.393691  1.056401   0.712661   0.403933   0.167452   0.031743   0.013173   0.113983   0.322013   0.612172   0.949462   1.293202   1.601930   1.838411   1.974120   1.992690 
 134.325058  
TUPLE  33.718788  
 67.184647  -43.350635  -14.479412  81.257047 1
 47.181027  -30.121218  -10.447065  56.942934 
 21.590883  -14.253591  -4.374428  26.238996 
 -22.923269  -33.220020  34.128936  52.856695 1
 -15.432966  -21.596236  22.298516  34.667235 
 -6.999540  -10.912572  11.099753  17.067528 
 0.212028  
 0.125659  0.331863  0.619720  0.954511   1.295853   1.602578   1.837688   1.972826   1.991693   1.892013   1.685809   1.397952   1.063162   0.721819   0.415095   0.179985   0.044846   0.025979 
 153.710739  
TUPLE  33.718788  
 151.857818  -66.840163  377.031231  411.923480 2
 62.039022  -27.308287  154.254703  168.490699 
 87.330241  -38.436541  216.597958  236.682672 
 68.149123  18.323911  275.102848  284.009939 1
 44.187468  12.240383  180.315133  186.053557 
 24.428475  6.209042  96.672139  99.904070 
 1.205494  
 1.835960  1.830737  1.835673  1.850172   1.872485   1.899921   1.929170   1.956706   1.979206   1.993957   1.999180   1.994244   1.979745   1.957432   1.929996   1.900747   1.873211   1.850711 
 105.122864  
TUPLE  33.718788  
 -76.392355  27.336472  104.275499  132.122876 0
 -79.779064  28.548382  108.898353  137.980361 
 0.000000  0.000000  0.000000  0.000000 
 -26.103619  75.027692  52.099504  94.999536 0
 -25.956502  74.604843  51.805876  94.464230 
 0.000000  0.000000  0.000000  0.000000 
 2.527630  
 1.324158  1.214447  1.099063  0.991922   0.905946   0.851507   0.835170   0.858905   0.919850   1.010655   1.120365   1.235750   1.342891   1.428866   1.483306   1.499643   1.475907   1.414962 
 128.205933  
TUPLE  33.402683  
 8.925999  -120.029974  63.931095  136.286658 1
 8.719235  -120.391516  64.202460  136.719119 
 0.462786  -3.081222  1.562340  3.488155 
 -56.474246  -69.782721  116.817229  147.326961 1
 -4.609832  -5.578897  9.716895  12.116607 
 -54.313564  -67.230127  112.166410  141.602172 
 5.958445  
 0.430570  0.365895  0.287684  0.205371   0.128883   0.067446   0.028470   0.016657   0.033431   0.076769   0.141444   0.219654   0.301968   0.378456   0.439893   0.478868   0.490682   0.473908 
 133.628876  
TUPLE  35.796818  
 -126.639208  121.218373  217.654258  279.472286 1
 -120.019122  114.901951  206.283786  264.877458 
 -2.615912  2.483648  4.488518  5.759906 
 -159.452070  70.491630  100.190488  201.077513 0
 -161.914915  71.580420  101.737998  204.183339 
 0.000000  0.000000  0.000000  0.000000 
 4.314312  
 0.696492  0.480805  0.292892  0.155419   0.084967   0.090033   0.170006   0.315241   0.508219   0.725666   0.941353   1.129265   1.266738   1.337191   1.332125   1.252152   1.106917   0.913938 
 121.195473  
TUPLE  31.800991  
 -88.264406  12.585544  -24.141623  92.367848 1
 -30.835610  4.233654  -8.184100  32.183189 
 -54.998875  8.005403  -15.292904  57.644201 
 -34.692672  59.334090  -35.996447  77.587757 0
 -34.537248  59.068272  -35.835182  77.240288 
 0.000000  0.000000  0.000000  0.000000 
 4.960316  
 1.486574  1.634347  1.751586  1.824152   1.843290   1.806694   1.718777   1.590143   1.436307   1.275824   1.128051   1.010812   0.938246   0.919108   0.955704   1.043621   1.172255   1.326091 
 121.847359  
TUPLE  35.796818  
 -33.230842  -45.844351  -43.230245  71.237964 0
 -32.561814  -44.921379  -42.359903  69.803889 
 0.000000  0.000000  0.000000  0.000000 
 -41.784613  26.057805  13.070439  50.948989 1
 -33.631851  21.088739  10.739270  41.124053 
 -7.920917  4.824487  2.258648  9.546534 
 4.700329  
 0.962679  0.770482  0.587843  0.436791   0.335544   0.296315   0.323835   0.414785   0.558195   0.736768   0.928965   1.111604   1.262656   1.363903   1.403132   1.375612   1.284662   1.141252 
 130.018814  
TUPLE  31.699320  
 -37.055547  -23.300708  67.821352  80.720334 2
 -7.473328  -4.582810  14.187536  16.678082 
 -32.073083  -20.284164  58.192744  69.480122 
 7.107435  -41.982510  214.686298  218.868119 1
 1.121100  -5.603738  29.210559  29.764660 
 6.109936  -37.108886  189.209350  192.910852 
 4.163242  
 0.083002  0.051931  0.031336  0.023701   0.029947   0.049320   0.079484   0.116801   0.156769   0.194568   0.225639   0.246234   0.253869   0.247624   0.228250   0.198086   0.160770   0.120801 
 124.580170  
TUPLE  0.001334  
 18.624571  54.518208  65.408279  87.162794 1
 2.018115  6.428230  7.444440  10.041618 
 17.195752  49.814976  60.033410  79.882753 
 49.811821  28.732621  1.380246  57.521179 1
 7.556283  4.205859  0.098115  8.649610 
 41.192887  23.913799  1.252686  47.647782 
 4.597871  
 1.959789  1.891833  1.783783  1.648673   1.502797   1.363752   1.248308   1.170389   1.139393   1.159060   1.227016   1.335065   1.470176   1.616051   1.755096   1.870541   1.948460   1.979455 
 120.836266  
TUPLE  36.744804  
 31.626053  36.943673  -181.979391  188.365445 3
 32.327229  37.762745  -186.014007  192.545521 
 0.000000  0.000000  0.000000  0.000000 
 22.575110  -36.797612  -145.645826  151.909204 1
 5.861199  -8.911424  -34.996074  36.585678 
 16.953102  -28.276067  -112.192913  116.936784 
 1.229129  
 1.300346  1.297094  1.274522  1.235351   1.184305   1.127542   1.071909   1.024114   0.989924   0.973462   0.976713   0.999285   1.038457   1.089502   1.146265   1.201899   1.249693   1.283883 
 107.574928  
TUPLE  35.796818  
 -113.965250  -168.515422  85.957384  220.848812 2
 -91.967568  -135.224358  69.058327  177.518259 
 -25.870615  -39.017787  19.820180  50.838852 
 11.472887  -46.338895  59.659412  76.407891 1
 10.352476  -41.908762  53.703064  68.902515 
 0.990777  -3.906533  5.282232  6.645513 
 3.395195  
 0.723709  0.772473  0.833656  0.899880   0.963156   1.015853   1.051614   1.066126   1.057640   1.027177   0.978413   0.917230   0.851006   0.787730   0.735033   0.699272   0.684760   0.693247 
 131.623093  
TUPLE  31.800991  
 50.905345  -13.284430  -14.212079  54.495994 1
 44.826342  -11.619645  -12.510856  47.968303 
 8.886801  -2.397517  -2.485121  9.535060 
 14.952954  39.904926  57.537336  71.599853 2
 11.503491  30.436852  43.993015  54.718709 
 3.508830  9.626506  13.772757  17.168087 
 4.741665  
 1.988009  1.892943  1.690541  1.405214   1.071377   0.729297   0.420232   0.181461   0.041783   0.018045   0.113110   0.315513   0.600840   0.934676   1.276757   1.585822   1.824593   1.964271 
 127.960533  
TUPLE  36.744804  
 -10.679538  -78.227897  -68.794577  104.720343 1
 -5.450466  -40.368421  -35.645210  54.128712 
 -4.581932  -33.119128  -28.980650  44.246661 
 -45.211026  -5.027513  -41.461419  61.549671 1
 -23.707588  -2.308988  -21.790777  32.283720 
 -22.428925  -2.821437  -20.519372  30.529986 
 5.340935  
 0.429204  0.681552  0.942792  1.181416   1.368641   1.481886   1.507492   1.442369   1.294374   1.081355   0.829008   0.567767   0.329144   0.141918   0.028673   0.003068   0.068190   0.216186 
 110.481781  
TUPLE  0.305674  
 -9.332571  79.592334  -9.135958  80.656693 1
 -5.167778  42.215122  -4.814328  42.802100 
 -4.384616  39.251939  -4.536820  39.756012 
 -52.416721  13.636562  -15.431668  56.317004 0
 -54.264644  14.117311  -15.975703  58.302595 
 0.000000  0.000000  0.000000  0.000000 
 1.993406  
 0.989283  1.309337  1.590017  1.797469   1.906671   1.904452   1.791079   1.580228   1.297328   0.976504   0.656450   0.375770   0.168318   0.059116   0.061335   0.174707   0.385559   0.668458 
 111.379631  
TUPLE  31.355324  
 -21.834068  -102.420790  -15.767492  105.902590 2
 -13.307474  -63.464838  -9.987170  65.609737 
 -7.988167  -36.430245  -5.391494  37.684408 
 31.342150  -11.363029  -41.394457  53.150257 1
 16.499243  -5.786519  -21.823250  27.963951 
 31.109781  -11.474031  -41.055325  52.773381 
 6.011105  
 0.321000  0.222720  0.190597  0.228505   0.331872   0.488231   0.678723   0.880371   1.068853   1.221436   1.319716   1.351840   1.313932   1.210564   1.054205   0.863714   0.662066   0.473584 
 135.924698  
TUPLE  33.718788  
 -143.832101  -57.997150  611.768701  631.119867 1
 -35.774264  -14.128588  151.526739  156.332297 
 -109.202815  -44.330263  465.111969  479.812035 
 -43.946262  -32.896782  64.385623  84.610759 3
 -43.246789  -32.373185  63.360829  83.272173 
 0.000000  0.000000  0.000000  0.000000 
 1.356755  
 1.257966  1.562484  1.798819  1.938468   1.964585   1.874022   1.677701   1.399301   1.072402   0.736433   0.431916   0.195580   0.055932   0.029814   0.120377   0.316698   0.595098   0.921997 
 124.893127  
TUPLE  36.744804  
 21.148688  -89.471620  -299.913175  313.688301 2
 3.301406  -12.699854  -42.768806  44.736739 
 17.135658  -73.761159  -247.052656  258.407288 
 75.061732  12.664346  -379.409957  386.971012 1
 35.117081  6.315665  -178.456461  181.988529 
 37.210909  5.887447  -187.135408  190.890002 
 3.278892  
 1.837474  1.651334  1.422302  1.178003   0.947904   0.759757   0.636255   0.592296   0.633180   0.753978   0.940118   1.169150   1.413449   1.643549   1.831696   1.955197   1.999157   1.958272 
 127.867332  
TUPLE  35.796818  
 -33.254312  49.951056  48.308599  77.036861 0
 -33.985520  51.049397  49.370825  78.730898 
 0.000000  0.000000  0.000000  0.000000 
 -32.116608  9.297774  102.358348  107.680808 1
 -10.632043  3.320973  34.299291  36.062862 
 -19.567881  5.421922  61.950424  65.193347 
 2.883397  
 1.742937  1.471088  1.143181  0.798766   0.479386   0.223562   0.062150   0.014619   0.086702   0.269705   0.541554   0.869461   1.213876   1.533256   1.789080   1.950492   1.998023   1.925940 
 107.653534  
TUPLE  33.718788  
 46.818981  13.594857  -4.276411  48.940012 1
 4.729136  1.190320  -0.382146  4.893578 
 42.799730  12.610666  -3.959105  44.794402 
 25.895672  -37.837642  27.620123  53.527042 1
 2.832883  -4.633334  3.456763  6.439077 
 23.824159  -34.316789  24.975431  48.672609 
 3.214252  
 1.184468  1.027905  0.826075  0.603323   0.386515   0.201802   0.071462   0.011217   0.028334   0.120747   0.277310   0.479139   0.701892   0.918700   1.103413   1.233753   1.293997   1.276881 
 124.611282  
TUPLE  36.744804  
 40.817751  -62.116854  -22.468748  77.649449 1
 1.744129  -2.790958  -0.986125  3.438511 
 39.797144  -60.426960  -21.880896  75.591150 
 32.120634  31.685480  4.804425  45.373861 1
 8.578182  8.410556  1.529108  12.111165 
 28.896150  28.556136  4.075898  40.829788 
 1.284010  
 0.806340  0.995694  1.141829  1.227117   1.241273   1.182588   1.058142   0.882943   0.678124   0.468390   0.279036   0.132901   0.047613   0.033457   0.092142   0.216588   0.391787   0.596605 
 127.678864  
TUPLE  35.796818  
 -55.681242  -0.754365  -41.882322  69.678538 3
 -55.541687  -0.752479  -41.777352  69.511155 
 0.000000  0.000000  0.000000  0.000000 
 11.567097  -29.610445  8.953989  33.026506 1
 20.183075  -50.872046  15.403559  56.856052 
 1.011868  -3.384588  1.003263  3.674789 
 5.362729  
 0.943642  0.764367  0.615314  0.514461   0.473972   0.498732   0.585753   0.724540   0.898352   1.086226   1.265502   1.414555   1.515408   1.555896   1.531137   1.444116   1.305329   1.131516 
 116.181389  
TUPLE  36.744804  
 -89.326323  -64.003194  93.084489  144.015009 1
 -52.768979  -37.750445  55.687807  85.503290 
 -34.766898  -24.969883  35.530908  55.629991 
 -42.233138  -13.421370  -25.298360  51.027229 2
 -20.071254  -6.375394  -12.055153  24.266172 
 -22.933766  -7.291274  -13.705579  27.714288 
 3.777770  
 0.129527  0.060789  0.104492  0.255365   0.495209   0.795096   1.118856   1.427438   1.683623   1.856510   1.925248   1.881545   1.730672   1.490828   1.190940   0.867181   0.558599   0.302414 
 124.640427  
TUPLE  36.744804  
 25.080059  -34.259551  -11.085247  43.881761 1
 17.667199  -24.570290  -7.675830  31.221257 
 7.276341  -9.502775  -3.349077  12.429095 
 -35.932667  -3.385615  -30.976736  47.562350 1
 -23.969001  -2.558627  -20.368339  31.558649 
 -27.791933  -2.318343  -24.253586  36.959720 
 2.841771  
 0.386356  0.602866  0.828577  1.036265   1.200880   1.302566   1.329059   1.277164   1.153139   0.971944   0.755434   0.529723   0.322035   0.157420   0.055734   0.029240   0.081136   0.205161 
 116.755379  
TUPLE  0.001334  
 126.588955  -4.073211  -63.023811  141.468566 1
 112.076370  -3.591934  -55.795551  125.248464 
 6.326461  -0.217875  -3.152700  7.073141 
 60.150348  -52.876455  12.399555  81.041550 0
 60.529287  -53.209570  12.477671  81.552220 
 0.000000  0.000000  0.000000  0.000000 
 0.314066  
 1.038868  1.007177  0.929922  0.816421   0.680363   0.538159   0.406961   0.302594   0.237645   0.219949   0.251639   0.328894   0.442396   0.578454   0.720658   0.851856   0.956223   1.021172 
 120.056313  
TUPLE  33.402683  
 23.424727  -59.756614  -7.283764  64.595852 1
 17.431930  -44.175683  -5.282760  47.783786 
 5.465467  -14.235703  -1.837033  15.359671 
 -41.229452  -29.243434  -53.395022  73.526013 2
 -19.595857  -13.918608  -25.224897  34.843079 
 -20.249479  -14.343090  -26.377597  36.216241 
 1.296277  
 0.696319  0.902780  1.075374  1.193283   1.242286   1.216473   1.118956   0.961498   0.763091   0.547665   0.341204   0.168610   0.050701   0.001698   0.027511   0.125028   0.282486   0.480893 
 120.432762  
TUPLE  35.796818  
 -14.556469  50.091694  59.834635  79.380427 0
 -14.349097  49.378090  58.982233  78.249700 
 0.000000  0.000000  0.000000  0.000000 
 40.633789  20.752235  2.435812  45.691282 1
 8.543837  4.239951  0.231754  9.541883 
 31.239963  16.078182  2.153105  35.200814 
 5.877208  
 0.307185  0.161087  0.101401  0.135324   0.258767   0.456838   0.705649   0.975189   1.232948   1.447835   1.593932   1.653619   1.619695   1.496253   1.298181   1.049370   0.779830   0.522072 
 123.131126  
TUPLE  36.744804  
 -191.156954  -17.468458  18.574404  192.850037 1
 -129.299934  -11.659077  12.223752  130.398798 
 -63.517434  -5.961124  6.511992  64.128181 
 -47.368132  -38.873186  61.331325  86.697151 3
 -59.237568  -48.613966  76.699637  108.427775 
 0.000000  0.000000  0.000000  0.000000 
 5.660550  
 0.357737  0.190238  0.126711  0.174819   0.328760   0.569966   0.869344   1.190785   1.495517   1.746787   1.914287   1.977814   1.929705   1.775764   1.534558   1.235180   0.913740   0.609007 
 125.359406  
TUPLE  33.402683  
 58.810738  -47.655215  218.169339  230.927657 1
 9.389042  -7.656522  35.208652  37.234999 
 49.854709  -40.349570  184.567037  195.393421 
 14.617148  -40.382013  16.447371  45.987868 1
 1.236677  -3.904880  1.538465  4.377649 
 13.503128  -36.815998  15.046923  42.002147 
 6.147190  
 0.333930  0.137212  0.030737  0.027347   0.127451   0.318974   0.578816   0.875637   1.173635   1.436867   1.633585   1.740060   1.743450   1.643346   1.451823   1.191981   0.895160   0.597162 
 144.731216  
TUPLE  31.800991  
 33.158178  -27.960737  -164.586244  170.205462 1
 25.346771  -21.370629  -125.329780  129.640795 
 6.643485  -5.605253  -33.459297  34.570183 
 -30.855717  -14.111272  -101.010811  106.556967 0
 -30.584997  -13.987464  -100.124568  105.622156 
 0.000000  0.000000  0.000000  0.000000 
 5.457470  
 0.103398  0.098889  0.207850  0.417139   0.701512   1.026669   1.353392   1.642273   1.858469   1.975903   1.980412   1.871451   1.662162   1.377790   1.052632   0.725909   0.437028   0.220832 
 82.790115  
TUPLE  35.796818  
 -65.588363  30.810123  42.493772  84.004867 1
 -38.548121  18.326124  25.241674  49.587963 
 -26.541683  12.249808  16.929089  33.780630 
 37.599956  26.077762  20.627282  50.192541 0
 36.696196  25.450951  20.131481  48.986301 
 0.000000  0.000000  0.000000  0.000000 
 5.636272  
 0.506071  0.565166  0.707156  0.914913   1.163379   1.422586   1.661269   1.850640   1.967858   1.998784   1.939689   1.797700   1.589943   1.341476   1.082269   0.843586   0.654215   0.536997 
 130.724487  
TUPLE  44.201973  
 39.418624  39.143629  -74.341250  92.804488 1
 30.728578  30.751889  -58.037836  72.514371 
 10.246817  9.937653  -19.239397  23.956770 
 -10.002244  51.639328  -11.879238  53.923848 2
 -3.196169  14.583485  -2.971599  15.223121 
 -7.664763  41.489060  -9.927467  43.344183 
 6.222885  
 1.361259  1.257613  1.157544  1.073125   1.014535   0.988844   0.999148   1.044206   1.118583   1.213307   1.316954   1.417022   1.501442   1.560031   1.585723   1.575418   1.530360   1.455984 
 98.425476  
TUPLE  33.402683  
 -44.173318  40.920686  -75.677439  96.710182 1
 -35.702317  32.974589  -60.353095  77.488674 
 -8.335627  7.820699  -15.092432  18.932663 
 -43.987154  -14.705943  -220.355523  225.183683 1
 -35.747820  -11.924624  -178.845703  182.772832 
 -6.233401  -2.110692  -31.461027  32.142258 
 1.881712  
 0.543322  0.334929  0.218749  0.208793   0.306264   0.499404   0.764918   1.070781   1.380102   1.655571   1.863964   1.980145   1.990100   1.892630   1.699490   1.433976   1.128112   0.818792 
 108.237885  
TUPLE  33.402683  
 21.128945  54.860891  155.808517  166.530609 0
 21.450871  55.696764  158.182450  169.067964 
 0.000000  0.000000  0.000000  0.000000 
 36.591422  25.322827  54.654727  70.479195 1
 1.523897  1.054709  2.389392  3.027102 
 35.290653  24.422534  52.598611  67.886099 
 4.076678  
 1.509915  1.522989  1.525521  1.517204   1.499043   1.473228   1.442872   1.411637   1.383290   1.361251   1.348177   1.345646   1.353962   1.372123   1.397938   1.428294   1.459529   1.487876 
 117.907539  
TUPLE  33.402683  
 -73.245511  97.617162  23.401279  124.264376 3
 -73.148873  97.488393  23.370408  124.108438 
 0.000000  0.000000  0.000000  0.000000 
 22.726207  29.097147  -0.500887  36.923913 1
 15.132536  18.430655  -0.183282  23.848181 
 9.290371  12.838832  -0.355000  15.852156 
 5.517237  
 1.434596  1.155175  0.876575  0.632401   0.452102   0.357425   0.359791   0.458913   0.642836   0.889377   1.168798   1.447397   1.691572   1.871871   1.966548   1.964182   1.865060   1.681137 
 111.999107  
TUPLE  33.402683  
 -53.492641  -36.110003  -40.778228  76.343034 1
 -43.636162  -28.943868  -33.002089  61.895230 
 -6.262465  -4.740012  -5.036372  9.331101 
 26.132656  -39.998334  -1.836547  47.813757 0
 5.927256  -9.072188  -0.416555  10.845734 
 0.000000  0.000000  0.000000  0.000000 
 4.392307  
 1.702228  1.736174  1.779848  1.827983   1.874773   1.914574   1.942586   1.955430   1.951557   1.931434   1.897488   1.853814   1.805679   1.758889   1.719088   1.691076   1.678232   1.682105 
 144.237396  
TUPLE  33.402683  
 161.619589  -86.167409  22.099683  184.483360 0
 155.077642  -82.679573  21.205145  177.016001 
 0.000000  0.000000  0.000000  0.000000 
 64.557283  2.934627  54.941520  84.822317 1
 13.019901  0.569440  11.602530  17.449363 
 53.320915  2.446262  44.856867  69.722743 
 1.924502  
 1.813824  1.846656  1.798839  1.676142   1.493362   1.272546   1.040328   0.824717   0.651718   0.542198   0.509366   0.557183   0.679880   0.862660   1.083475   1.315693   1.531305   1.704304 
 120.988190  
TUPLE  44.201973  
 -26.964268  -105.961813  -25.546690  112.283619 1
 -5.575534  -20.035100  -4.945821  21.376914 
 -21.591101  -86.721944  -20.792594  91.756315 
 51.422837  -45.651732  -0.012039  68.763282 1
 36.376140  -32.388456  0.023890  48.705807 
 12.413535  -10.925633  -0.035313  16.537376 
 5.666907  
 0.092305  0.159078  0.232970  0.305068   0.366676   0.410363   0.430860   0.425695   0.395491   0.343890   0.277117   0.203225   0.131127   0.069519   0.025832   0.005334   0.010499   0.040704 
 136.281342  
TUPLE  31.355324  
 22.243167  -49.392881  -33.435935  63.658282 0
 21.997134  -48.846544  -33.066098  62.954309 
 0.000000  0.000000  0.000000  0.000000 
 -48.453675  6.259721  -56.311216  74.551296 1
 -4.460859  0.675625  -5.044582  6.769270 
 -44.669736  5.671547  -52.053328  68.826731 
 3.017470  
 0.532277  0.664083  0.771238  0.840818   0.864431   0.839229   0.768251   0.660059   0.527702   0.387144   0.255339   0.148184   0.078603   0.054990   0.080193   0.151170   0.259362   0.391719 
 125.728310  
TUPLE  33.402683  
 -134.221374  -43.202801  -217.093121  258.865375 2
 -119.120189  -38.334270  -192.709859  229.774335 
 -11.949231  -3.853975  -19.285218  23.013687 
 -28.933994  44.042860  -58.445714  78.694669 1
 -17.334662  25.296514  -33.638104  45.518630 
 -17.384459  27.552375  -36.493376  48.919705 
 5.048793  
 1.000000  1.000000  1.000000  1.000000   1.000000   1.000000   1.000000   1.000000   1.000000   1.000000   1.000000   1.000000   1.000000   1.000000   1.000000   1.000000   1.000000   1.000000 
 130.530685  
TUPLE  36.744804  
 -46.462385  14.412204  145.461769  153.380544 0
 -46.859120  14.535268  146.703843  154.690298 
 0.000000  0.000000  0.000000  0.000000 
 -20.770966  -29.714299  37.559674  52.202507 1
 -14.108091  -20.425453  25.149101  35.337433 
 -7.429026  -10.384872  13.795982  18.798493 
 4.680919  
 1.924442  1.888524  1.801897  1.675012   1.523171   1.364690   1.218683   1.102762   1.030907   1.011786   1.047705   1.134331   1.261217   1.413057   1.571538   1.717545   1.833467   1.905321 
 112.919716  
TUPLE  33.718788  
 -13.157253  -66.701365  -65.929008  94.703852 1
 -12.037491  -61.152172  -60.414432  86.800993 
 -0.867241  -4.269018  -4.249225  6.086934 
 -48.759066  14.344956  -32.790094  60.484829 1
 -47.413867  13.880244  -31.931711  58.825076 
 -2.199127  0.715933  -1.432643  2.723859 
 3.360649  
 0.750072  0.871533  0.952383  0.982870   0.959317   0.884565   0.767630   0.622616   0.467013   0.319591   0.198130   0.117280   0.086793   0.110346   0.185098   0.302033   0.447047   0.602649 
 118.977089  
TUPLE  33.402683  
 23.615972  67.206647  85.238714  111.085939 1
 11.669420  33.650747  42.560693  55.497569 
 13.347078  37.541531  47.733030  62.176936 
 51.334566  -26.270298  32.744971  66.314397 0
 51.298001  -26.251586  32.721647  66.267310 
 0.000000  0.000000  0.000000  0.000000 
 4.480713  
 1.539918  1.556885  1.572222  1.584082   1.591032   1.592235   1.587545   1.577529   1.563395   1.546846   1.529880   1.514542   1.502683   1.495732   1.494529   1.499219   1.509235   1.523370 
 133.872971  
TUPLE  36.744804  
 -16.803117  116.754725  -2.644539  117.987305 2
 -1.915492  11.686284  -0.207167  11.844862 
 -14.631176  103.286521  -2.397011  104.345557 
 -41.169159  12.515653  -46.559072  63.397858 1
 -28.583544  8.159137  -31.975574  43.658302 
 -13.138961  4.524740  -15.209290  20.602094 
 1.692071  
 1.070080  1.217515  1.307446  1.329026   1.279653   1.165281   0.999705   0.802897   0.598595   0.411439   0.264004   0.174073   0.152493   0.201866   0.316238   0.481813   0.678621   0.882924 
 146.187653  
TUPLE  33.718788  
 96.132139  10.797385  112.499242  148.371328 1
 77.560351  8.553190  90.527098  119.515438 
 16.800451  2.045242  19.899227  26.123469 
 58.443571  -41.788769  195.547216  208.328264 1
 26.971578  -19.146152  88.707310  94.673372 
 29.881641  -21.505470  101.518725  107.988274 
 4.015784  
 0.076877  0.147787  0.323515  0.582865   0.894556   1.220993   1.522804   1.763585   1.914294   1.956755   1.885845   1.710117   1.450767   1.139076   0.812639   0.510828   0.270047   0.119337 
 112.404633  
TUPLE  33.402683  
 -21.851029  179.988326  -209.216105  276.847690 1
 -1.884889  18.742276  -21.796540  28.808582 
 -20.432174  165.084727  -191.881600  253.946859 
 21.449110  109.003194  -47.304543  120.745519 3
 21.569516  109.615117  -47.570102  121.429158 
 0.000000  0.000000  0.000000  0.000000 
 4.452151  
 1.586552  1.426618  1.200700  0.936046   0.664578   0.419038   0.229043   0.117509   0.097888   0.172547   0.332480   0.558399   0.823053   1.094521   1.340061   1.530056   1.641590   1.661211 
 124.552414  
TUPLE  33.718788  
 16.879902  46.547934  6.966886  50.001787 1
 11.746073  31.884699  4.613483  34.291515 
 5.178982  14.787750  2.372039  15.847530 
 -20.690136  44.979920  57.993814  76.253245 2
 -3.973201  7.984020  10.116209  13.486588 
 -18.135945  40.080803  51.855052  68.017726 
 1.698866  
 1.601846  1.473381  1.308484  1.127045   0.950947   0.801431   0.696530   0.648897   0.664277   0.740815   0.869280   1.034176   1.215616   1.391713   1.541230   1.646131   1.693764   1.678384 
 125.520470  
TUPLE  0.008312  
 5.698849  85.010251  0.499009  85.202516 1
 0.496685  10.144776  0.411245  10.166208 
 5.374012  77.428894  0.102812  77.615350 
 19.213895  48.674579  87.307557  101.788987 2
 14.220514  34.699341  62.909642  73.238718 
 11.697715  30.959325  54.862265  64.081711 
 0.198320  
 1.299308  0.969626  0.647879  0.372873   0.177779   0.086128   0.108973   0.243561   0.473657   0.771508   1.101190   1.422937   1.697943   1.893037   1.984688   1.961842   1.827255   1.597159 
 125.628487  
TUPLE  31.800991  
 9.962234  51.100993  -115.486136  126.679143 0
 12.105010  62.092302  -140.326041  153.926615 
 0.000000  0.000000  0.000000  0.000000 
 45.672380  -5.563902  -26.872964  53.283013 0
 44.222990  -5.387335  -26.020164  51.592292 
 0.000000  0.000000  0.000000  0.000000 
 2.935140  
 0.454999  0.668089  0.900584  1.124440   1.312658   1.442535   1.498406   1.473533   1.370916   1.202931   0.989841   0.757346   0.533490   0.345272   0.215395   0.159524   0.184397   0.287014 
 107.689751  
TUPLE  33.718788  
 42.144642  17.698305  51.709530  69.016493 0
 37.033215  15.551802  45.438045  60.646129 
 0.000000  0.000000  0.000000  0.000000 
 -4.097858  34.987811  40.738133  53.856613 0
 -3.691916  31.521854  36.702538  48.521679 
 0.000000  0.000000  0.000000  0.000000 
 5.453480  
 1.977871  1.980091  1.979652  1.976607   1.971322   1.964436   1.956778   1.949273   1.942826   1.938214   1.935994   1.936433   1.939478   1.944763   1.951649   1.959307   1.966811   1.973259 
 120.729057  
TUPLE  35.796818  
 -15.521559  -68.391592  114.123809  133.949887 1
 -3.622419  -15.205115  25.045477  29.523090 
 -12.511073  -55.882789  93.577622  109.709628 
 -34.310646  12.517599  42.420324  55.976733 1
 -17.078376  6.694009  21.320114  28.125566 
 -19.099439  6.504788  23.408704  30.904473 
 3.765382  
 1.144935  1.245259  1.325451  1.375838   1.390342   1.367215   1.309245   1.223424   1.120105   1.011748   0.911423   0.831232   0.780845   0.766340   0.789468   0.847438   0.933258   1.036578 
 94.776657  
TUPLE  33.402683  
 -27.107900  -42.539079  205.964679  212.051552 0
 -27.671754  -43.423907  210.248818  216.462345 
 0.000000  0.000000  0.000000  0.000000 
 -15.595320  32.783362  108.134556  114.065968 1
 -3.322917  7.465900  24.924675  26.230523 
 -13.098810  27.054665  88.939980  93.882224 
 5.783633  
 1.330340  1.135867  0.930627  0.739375   0.585177   0.486634   0.455631   0.495906   0.602603   0.762852   0.957325   1.162565   1.353817   1.508014   1.606558   1.637561   1.597286   1.490589 
 102.258148  
TUPLE  36.744804  
 -19.000317  50.146381  -24.594893  58.996444 0
 -18.978311  50.088301  -24.566407  58.928279 
 0.000000  0.000000  0.000000  0.000000 
 -39.615397  9.140555  -123.237224  129.770346 1
 -1.769594  0.444045  -5.630196  5.920070 
 -39.761854  9.138610  -123.567557  130.128700 
 5.522501  
 0.424427  0.321757  0.218711  0.127719   0.059755   0.023016   0.021935   0.056642   0.122949   0.212860   0.315531   0.418576   0.509569   0.577533   0.614271   0.615352   0.580646   0.514338 
 145.871902  
TUPLE  35.796818  
 -73.045334  78.107747  -59.437388  122.348862 2
 -13.022500  13.785602  -10.288925  21.575676 
 -60.725375  65.073386  -49.720132  101.952347 
 -33.274330  3.036934  37.644910  50.334315 1
 -4.357159  0.453088  4.608279  6.359705 
 -28.272708  2.525026  32.307517  43.005995 
 0.434909  
 0.054100  0.152811  0.320037  0.535608   0.773524   1.005088   1.202370   1.341575   1.405913   1.387624   1.288914   1.121688   0.906116   0.668201   0.436637   0.239354   0.100149   0.035811 
 132.939484  
TUPLE  31.800991  
 30.187001  -64.209460  92.074695  116.240523 1
 1.846619  -3.716772  5.513043  6.901994 
 29.585675  -63.141487  90.359967  114.136328 
 65.259543  4.735146  244.753331  253.348421 1
 49.956068  3.679500  186.750764  193.352049 
 19.987984  1.395547  75.571604  78.182815 
 4.582159  
 0.952943  0.692155  0.470019  0.313327   0.240978   0.261700   0.372992   0.561432   0.804290   1.072274   1.333062   1.555198   1.711890   1.784239   1.763517   1.652224   1.463785   1.220927 
 129.725037  
TUPLE  33.402683  
 -56.696740  -7.085033  103.305126  118.053662 1
 -13.074344  -1.634214  23.278842  26.749451 
 -56.413535  -7.049244  103.332596  117.939910 
 12.377630  -48.895396  42.700004  66.085216 0
 11.908021  -47.040299  41.079961  63.578089 
 0.000000  0.000000  0.000000  0.000000 
 5.359227  
 0.718296  0.478566  0.265549  0.104938   0.016105   0.009765   0.086682   0.237579   0.444255   0.681783   0.921513   1.134530   1.295141   1.383974   1.390314   1.313397   1.162500   0.955824 
 130.710144  
TUPLE  33.402683  
 -90.725063  43.191993  -69.837204  122.367562 2
 -79.099790  37.655471  -60.883401  106.684204 
 -6.447643  3.071576  -4.968230  8.704187 
 -11.715951  32.098894  -80.010414  87.001545 1
 -6.401470  16.902008  -41.996554  45.720747 
 -6.255103  17.773964  -44.437544  48.267521 
 3.185298  
 1.438057  1.650967  1.815368  1.911431   1.927570   1.861838   1.722163   1.525392   1.295259   1.059521   0.846612   0.682211   0.586148   0.570009   0.635741   0.775416   0.972186   1.202319 
 90.618843  
TUPLE  33.718788  
 4.677481  62.662905  79.708971  101.498959 0
 4.543317  60.865554  77.422690  98.587777 
 0.000000  0.000000  0.000000  0.000000 
 41.674828  25.513273  16.236581  51.491212 0
 40.559985  24.830768  15.802237  50.113966 
 0.000000  0.000000  0.000000  0.000000 
 3.433577  
 0.806972  1.137212  1.454065  1.719312   1.900962   1.977105   1.938556   1.789966   1.549256   1.245460   0.915220   0.598368   0.333120   0.151470   0.075328   0.113876   0.262466   0.503176 
 112.369446  
TUPLE  33.402683  
 -95.866071  -83.136780  85.876542  153.221435 0
 -103.636838  -89.875729  92.837572  165.641405 
 0.000000  0.000000  0.000000  0.000000 
 -53.042599  -33.033533  181.660261  192.107215 0
 -52.190692  -32.502987  178.742650  189.021869 
 0.000000  0.000000  0.000000  0.000000 
 3.715522  
 0.933014  0.795634  0.627017  0.447500   0.278736   0.141080   0.051135   0.019751   0.050713   0.140285   0.277665   0.446282   0.625799   0.794563   0.932219   1.022164   1.053548   1.022587 
 132.332443  
TUPLE  33.718788  
 58.654124  -49.499845  57.259651  95.755984 0
 58.546326  -49.408872  57.154416  95.580101 
 0.000000  0.000000  0.000000  0.000000 
 -6.184512  -69.062761  54.667308  88.297382 1
 -2.981644  -28.298668  22.430668  36.233398 
 -3.540619  -44.535774  35.222149  56.891029 
 5.297814  
 0.158814  0.048374  0.043060  0.143512   0.337616   0.601958   0.904656   1.209200   1.478857   1.681103   1.791543   1.796857   1.696405   1.502301   1.237959   0.935261   0.630717   0.361060 
 116.388222  
TUPLE  31.800991  
 -1.030898  79.702888  192.290458  208.156752 1
 -0.445199  55.809662  135.002935  146.084662 
 -0.603296  25.252094  60.565898  65.622240 
 -44.410355  47.923909  38.347399  75.759512 0
 -44.342916  47.851134  38.289166  75.644596 
 0.000000  0.000000  0.000000  0.000000 
 2.327367  
 1.152612  1.160188  1.114702  1.021640   0.892227   0.742072   0.589286   0.452297   0.347628   0.287904   0.280328   0.325814   0.418876   0.548289   0.698444   0.851230   0.988219   1.092888 
 120.317833  
TUPLE  36.744804  
 60.315851  51.803400  -26.927976  83.944684 0
 60.667638  52.105539  -27.085031  84.434400 
 0.000000  0.000000  0.000000  0.000000 
 -19.576961  55.747821  -43.186644  73.185813 0
 -19.638116  55.921965  -43.321550  73.414563 
 0.000000  0.000000  0.000000  0.000000 
 4.497932  
 1.107559  0.975557  0.837608  0.710352   0.609136   0.546170   0.529047   0.559834   0.634816   0.744951   0.876953   1.014901   1.142158   1.243374   1.306340   1.323462   1.292676   1.217693 
 122.860214  
TUPLE  35.796818  
 -1.244560  -101.879289  -184.766415  210.996603 2
 -0.842488  -62.479894  -112.360269  128.566311 
 -0.273050  -28.837555  -53.251390  60.566800 
 21.474724  -28.122564  -36.448136  50.798711 1
 9.833676  -13.349570  -17.578567  24.164803 
 11.409321  -14.469531  -18.476266  26.094646 
 4.564957  
 1.571147  1.261051  0.921810  0.594342   0.318146   0.126533   0.042616   0.076516   0.224144   0.467695   0.777791   1.117032   1.444499   1.720696   1.912308   1.996226   1.962326   1.814697 
 103.495247  
TUPLE  31.355324  
 25.730259  -38.937451  174.817745  180.940363 1
 23.026787  -35.231443  156.780619  162.331973 
 3.514630  -4.933529  23.548343  24.315324 
 -34.389462  4.943859  183.378021  186.640230 1
 -22.714553  3.728618  121.125913  123.293794 
 -8.835458  0.807041  47.111027  47.939375 
 4.202703  
 1.353842  1.476311  1.591733  1.686185   1.748277   1.770517   1.750225   1.689846   1.596665   1.481920   1.359450   1.244028   1.149576   1.087485   1.065244   1.085537   1.145915   1.239096 
 95.617867  
TUPLE  36.744804  
 49.877915  -181.091620  -174.401973  256.316269 0
 47.067337  -170.887259  -164.574568  241.873102 
 0.000000  0.000000  0.000000  0.000000 
 35.793295  -27.397779  -79.126062  91.064438 1
 16.405333  -12.923157  -36.321259  41.897449 
 16.763323  -12.465607  -37.002671  42.492543 
 5.148359  
 0.872626  0.744814  0.688403  0.710197   0.807568   0.968770   1.174361   1.399543   1.617156   1.800953   1.928765   1.985176   1.963381   1.866011   1.704809   1.499218   1.274036   1.056423 
 109.659317  
TUPLE  0.001334  
 -27.561982  -43.667356  29.377727  59.410030 0
 -27.134299  -42.989763  28.921868  58.488322 
 0.000000  0.000000  0.000000  0.000000 
 -8.070610  46.238540  26.272691  53.790256 0
 -7.755938  44.435706  25.248323  51.693170 
 0.000000  0.000000  0.000000  0.000000 
 5.414545  
 0.298557  0.267821  0.290022  0.362483   0.476464   0.618218   0.770646   0.915364   1.034917   1.114884   1.145621   1.123420   1.050959   0.936977   0.795224   0.642795   0.498077   0.378525 
 131.693176  
TUPLE  33.402683  
 87.190103  19.566835  -116.080422  146.491090 1
 64.734311  14.952127  -86.416562  109.004306 
 24.924919  5.168686  -32.951065  41.638417 
 3.657467  37.281315  -82.092678  90.235699 1
 1.943159  21.213184  -45.523340  50.261009 
 2.328901  22.332788  -50.363979  55.142777 
 1.713357  
 0.032025  0.073277  0.172709  0.318328   0.492571   0.674420   0.841943   0.974933   1.057350   1.079254   1.038002   0.938570   0.792950   0.618708   0.436858   0.269336   0.136345   0.053928 
 105.901985  
Analysed so far:      30001 events from          1 files, Run Number=    284500
TUPLE  33.402683  
 49.705093  -1.230278  211.727686  217.487294 1
 14.171576  0.020151  60.514949  62.152333 
 30.580182  -1.127826  130.113132  133.663252 
 -17.222428  40.282835  225.813242  230.023779 0
 -16.625313  38.886196  217.984112  222.048710 
 0.000000  0.000000  0.000000  0.000000 
 2.085057  
 1.746423  1.922021  1.987266  1.934287   1.769474   1.512708   1.194957   0.854546   0.532535   0.267763   0.092164   0.026920   0.079899   0.244711   0.501478   0.819229   1.159640   1.481651 
 109.977684  
TUPLE  35.796818  
 53.618640  -29.902430  28.269061  67.588858 3
 51.065145  -28.478379  26.922796  64.379238 
 0.000000  0.000000  0.000000  0.000000 
 25.413040  54.355644  7.087831  60.420162 1
 7.667660  17.028753  2.338141  18.821738 
 12.331094  25.745990  3.239506  28.730202 
 3.576836  
 0.848290  0.745732  0.672653  0.637867   0.645570   0.694834   0.779715   0.889976   1.012318   1.131985   1.234542   1.307621   1.342407   1.334704   1.285441   1.200560   1.090299   0.967957 
 122.946419  
TUPLE  31.800991  
 -59.232495  -35.091225  81.135457  106.408857 3
 -57.810860  -34.249004  79.188125  103.860018 
 0.000000  0.000000  0.000000  0.000000 
 12.302108  -28.469082  18.416591  36.069396 1
 11.121639  -25.891879  16.731945  32.772820 
 1.154807  -2.517817  1.646228  3.225100 
 2.477735  
 1.899478  1.972835  1.937032  1.796387   1.567866   1.279030   0.964718   0.662840   0.409807   0.236139   0.162782   0.198585   0.339230   0.567751   0.856587   1.170900   1.472778   1.725810 
 126.706718  
TUPLE  33.718788  
 52.223247  0.294645  -10.838692  53.336963 3
 50.003273  0.282120  -10.377947  51.079328 
 0.000000  0.000000  0.000000  0.000000 
 -11.263044  -50.948086  -58.908532  78.694211 1
 -3.655352  -17.224797  -19.795610  26.494167 
 -6.242600  -27.548322  -31.973140  42.663568 
 0.951916  
 1.658912  1.704760  1.734981  1.745928   1.736282   1.707206   1.662206   1.606711   1.547415   1.491468   1.445620   1.415399   1.404452   1.414098   1.443175   1.488174   1.543669   1.602965 
 117.501007  
TUPLE  44.201973  
 87.743584  39.302662  289.328225  304.884335 1
 22.683010  10.262870  76.304659  80.263727 
 63.365969  28.280732  207.435716  218.734177 
 28.120956  -47.946575  190.038387  198.000633 1
 25.175496  -43.047583  170.621254  177.759759 
 2.899310  -4.820304  19.105257  19.916585 
 4.082215  
 1.087160  1.116269  1.188877  1.296227   1.425370   1.560729   1.685979   1.786013   1.848765   1.866666   1.837557   1.764949   1.657599   1.528457   1.393097   1.267847   1.167813   1.105061 
 116.103226  
TUPLE  36.744804  
 -78.914914  22.589398  34.869534  89.183681 3
 -77.445187  22.168682  34.220115  87.530078 
 0.000000  0.000000  0.000000  0.000000 
 -12.399792  72.294083  45.110095  86.111032 1
 -2.376059  15.291661  9.749179  18.290613 
 -11.173731  63.707231  39.544583  75.810657 
 4.049766  
 0.684803  0.622238  0.614918  0.663726   0.762774   0.900117   1.059188   1.220802   1.365465   1.475728   1.538293   1.545614   1.496806   1.397757   1.260415   1.101344   0.939730   0.795067 
 136.629974  
TUPLE  33.718788  
 -51.559023  -80.923228  -166.002686  191.738868 1
 -40.007617  -63.205253  -129.226466  149.315145 
 -7.939662  -12.049253  -25.147618  28.993855 
 -34.917537  12.733258  -29.368644  47.369690 1
 -19.423476  6.924828  -16.542783  26.436865 
 -15.925945  5.965922  -13.189113  21.522055 
 3.308331  
 1.561900  1.425715  1.219679  0.968643   0.702886   0.454462   0.253334   0.123762   0.081374   0.131282   0.267467   0.473503   0.724539   0.990296   1.238720   1.439848   1.569420   1.611808 
 127.255875  
TUPLE  33.402683  
 -22.309733  -48.261253  -3.809795  53.304665 1
 -3.189277  -7.836893  -0.372320  8.470329 
 -20.181783  -42.720275  -3.618716  47.386069 
 35.463722  -14.888485  -15.408577  41.433885 2
 2.932334  -1.047218  -1.231145  3.351186 
 34.554806  -14.690745  -15.056583  40.455237 
 4.074405  
 0.942337  1.082500  1.259315  1.451457   1.635749   1.789964   1.895500   1.939630   1.917029   1.830425   1.690262   1.513447   1.321305   1.137013   0.982798   0.877262   0.833132   0.855733 
 132.339371  
TUPLE  36.744804  
 12.325272  -53.061254  -74.142682  92.002969 1
 11.820776  -48.811009  -68.369239  84.832881 
 1.184944  -7.179633  -9.866682  12.260540 
 -31.982704  -34.960551  8.624496  48.161348 1
 -8.712119  -9.152172  2.102643  12.810303 
 -21.609934  -23.993116  6.074041  32.856826 
 5.430676  
 1.722219  1.677872  1.579761  1.439719   1.274637   1.104426   0.949617   0.828881   0.756782   0.742015   0.786361   0.884472   1.024514   1.189596   1.359807   1.514616   1.635352   1.707451 
 118.278191  
TUPLE  33.402683  
 61.723168  42.662172  -0.872300  75.037133 1
 16.242947  10.981537  0.112942  19.607644 
 47.677383  33.199279  -1.016293  58.106592 
 -11.342574  56.104567  -35.529084  67.369817 3
 -11.153260  55.168159  -34.936089  66.256174 
 0.000000  0.000000  0.000000  0.000000 
 0.545684  
 1.526159  1.722594  1.824859  1.820617   1.710381   1.507446   1.236290   0.929618   0.624419   0.357505   0.161069   0.058805   0.063046   0.173283   0.376217   0.647373   0.954045   1.259244 
 136.513199  
TUPLE  33.718788  
 43.117267  20.401708  22.671352  52.814000 1
 8.858074  3.968618  4.336478  10.632023 
 35.287051  16.919438  18.875329  43.448126 
 26.516976  -24.560448  80.586900  88.321085 1
 19.489383  -17.751043  59.133152  64.743222 
 4.615867  -4.575624  14.124345  15.548566 
 5.892688  
 1.722344  1.857370  1.904309  1.857499   1.722586   1.515843   1.262206   0.992267   0.738585   0.531758   0.396732   0.349793   0.396603   0.531516   0.738259   0.991896   1.261835   1.515517 
 122.528206  
TUPLE  31.800991  
 27.825682  -110.207950  34.323943  118.735816 1
 17.435312  -69.026461  21.713931  74.432228 
 9.952086  -39.445612  12.069377  42.434519 
 -31.294816  6.545495  16.607405  36.027974 1
 -25.969153  5.504020  13.797442  29.917888 
 -2.802534  0.513748  1.470999  3.209391 
 1.535713  
 1.297601  1.361359  1.385056  1.365835   1.306014   1.212808   1.097460   0.973881   0.856978   0.760851   0.697094   0.673396   0.692617   0.752438   0.845644   0.960993   1.084571   1.201474 
 142.200790  
TUPLE  31.800991  
 -45.890727  92.051533  -150.938066  182.651973 1
 -32.852899  65.642611  -107.902745  130.503974 
 -15.461716  31.270973  -51.007690  61.795963 
 51.833322  24.488941  -62.730179  84.979273 3
 51.338468  24.255144  -62.131294  84.178114 
 0.000000  0.000000  0.000000  0.000000 
 4.547878  
 0.507043  0.285926  0.119431  0.027639   0.021623   0.102107   0.259384   0.474485   0.721465   0.970534   1.191651   1.358146   1.449938   1.455954   1.375470   1.218192   1.003092   0.756112 
 137.305115  
TUPLE  36.744804  
 61.751984  9.174158  -104.712874  121.910864 0
 59.159419  8.788994  -100.316660  116.792702 
 0.000000  0.000000  0.000000  0.000000 
 24.748523  -50.925310  -65.600907  86.656538 1
 22.039777  -45.475921  -58.515840  77.317101 
 2.535593  -5.093087  -6.626088  8.734531 
 5.227137  
 0.550068  0.820236  1.118121  1.407794   1.654317   1.827955   1.907765   1.884120   1.759873   1.550010   1.279843   0.981958   0.692284   0.445761   0.272123   0.192313   0.215958   0.340205 
 98.082901  
TUPLE  31.355324  
 43.077885  49.168225  48.219735  81.230298 1
 6.180014  6.816710  6.692452  11.378423 
 36.465574  41.858098  41.043386  69.039237 
 37.433080  -5.545471  19.413984  42.531053 1
 3.438983  -0.440629  1.577590  3.811696 
 34.818890  -5.227031  18.264159  39.664527 
 5.111408  
 1.143009  1.105886  1.110628  1.156663   1.238439   1.346092   1.466638   1.585537   1.688449   1.762960   1.800083   1.795341   1.749306   1.667530   1.559877   1.439331   1.320431   1.217520 
 100.641510  
TUPLE  31.800991  
 -4.864605  -54.419907  -79.571422  96.523582 3
 -4.836772  -54.108549  -79.116167  95.978349 
 0.000000  0.000000  0.000000  0.000000 
 45.217448  -3.194763  -43.351960  62.723334 1
 5.671928  -0.284366  -5.520134  7.921047 
 42.610759  -3.126966  -40.770607  59.056882 
 1.601703  
 0.477149  0.513258  0.616760  0.775173   0.969388   1.175981   1.370033   1.528139   1.631229   1.666869   1.630760   1.527258   1.368845   1.174630   0.968037   0.773985   0.615879   0.512789 
 120.057571  
TUPLE  33.402683  
 -62.891223  98.481805  47.183882  126.017025 1
 -48.576387  76.896489  35.616854  97.679655 
 -15.125194  22.852884  12.176372  29.988466 
 -4.270466  42.099352  71.310884  82.920652 1
 -1.418171  11.539564  19.935200  23.078224 
 -2.636600  28.433416  47.773882  55.657639 
 0.743113  
 0.637915  0.479332  0.398809  0.406058   0.500204   0.669893   0.894657   1.147386   1.397598   1.615113   1.773696   1.854219   1.846971   1.752824   1.583136   1.358372   1.105642   0.855430 
 96.592682  
TUPLE  36.744804  
 61.982236  -1.493633  60.138529  86.375177 1
 35.697396  -1.048025  34.420588  49.600391 
 23.010793  -0.366710  22.541284  32.214264 
 -7.099211  -36.787071  -1.408245  37.492273 3
 -6.897848  -35.743643  -1.368301  36.444833 
 0.000000  0.000000  0.000000  0.000000 
 4.146049  
 1.428466  1.094927  0.750180  0.435809   0.189730   0.041625   0.009357   0.096818   0.293459   0.575563   0.909103   1.253849   1.568220   1.814299   1.962404   1.994672   1.907211   1.710570 
 129.010666  
TUPLE  33.402683  
 39.987380  20.204114  3.284932  44.922017 1
 6.512461  3.617003  0.631977  7.477548 
 34.562815  17.136784  2.742325  38.675524 
 -11.642786  -40.044292  -13.385205  43.797985 1
 -9.919903  -33.954636  -11.334407  37.145795 
 -1.137984  -4.077950  -1.378366  4.454525 
 2.868547  
 1.913392  1.876122  1.739401  1.519717   1.243570   0.944265   0.657904   0.419025   0.256442   0.189764   0.227033   0.363755   0.583438   0.859586   1.158891   1.445252   1.684130   1.846714 
 138.299332  
TUPLE  0.305674  
 11.364642  60.454515  11.702670  62.616739 1
 9.714799  52.727988  10.152290  54.568366 
 1.580947  7.360026  1.479434  7.673091 
 -47.897599  6.196636  14.801061  50.513857 2
 -15.524297  2.005574  5.111256  16.467257 
 -33.672472  4.359138  10.091269  35.427714 
 1.226482  
 1.212225  1.486958  1.716683  1.873693   1.939050   1.904870   1.775276   1.565899   1.301994   1.015390   0.740657   0.510931   0.353921   0.288565   0.322745   0.452339   0.661715   0.925621 
 102.610046  
TUPLE  33.402683  
 35.665275  21.044471  52.087790  66.543366 0
 33.786888  19.936120  49.344478  63.038874 
 0.000000  0.000000  0.000000  0.000000 
 9.117536  -28.957553  90.627915  95.577656 1
 4.397013  -14.877028  48.004494  50.449090 
 4.660512  -13.889936  42.026932  44.507662 
 3.790995  
 0.492516  0.636709  0.825677  1.036629   1.244119   1.423122   1.552047   1.615345   1.605379   1.523353   1.379160   1.190191   0.979240   0.771749   0.592746   0.463821   0.400524   0.410489 
 92.067497  
TUPLE  33.402683  
 -54.641424  80.375465  -56.395315  112.366953 1
 -33.416444  48.554503  -34.339494  68.215972 
 -19.145888  28.762687  -19.909986  39.878352 
 -63.651688  -1.234605  -3.694761  63.770784 1
 -5.429717  0.023957  -0.371393  5.444246 
 -59.438720  -1.282157  -3.393996  59.549498 
 2.364495  
 0.793090  0.927659  1.110913  1.320748   1.531855   1.718772   1.858954   1.935492   1.939156   1.869502   1.734933   1.551679   1.341844   1.130737   0.943820   0.803638   0.727100   0.723436 
 103.490280  
TUPLE  33.718788  
 123.144854  96.636913  -121.942140  198.426898 1
 99.040011  77.988018  -98.169350  159.775766 
 21.784220  16.827807  -21.474829  34.912947 
 10.713315  43.471772  11.558607  46.240367 0
 10.548126  42.801480  11.380385  45.527599 
 0.000000  0.000000  0.000000  0.000000 
 3.119828  
 1.164039  1.422544  1.614832  1.717710   1.718770   1.617884   1.427220   1.169774   0.876600   0.583058   0.324553   0.132265   0.029386   0.028326   0.129213   0.319877   0.577322   0.870496 
 122.116478  
TUPLE  31.699320  
 81.222010  -37.870836  7.192828  89.905238 1
 44.291906  -20.328344  3.780860  48.880762 
 36.042079  -17.128489  3.333350  40.044301 
 38.488655  -36.448470  -63.805622  82.951943 0
 35.703851  -33.811282  -59.189038  76.950175 
 0.000000  0.000000  0.000000  0.000000 
 0.445794  
 0.800946  1.095509  1.390503  1.650350   1.843708   1.947254   1.948500   1.847296   1.655847   1.397246   1.102684   0.807689   0.547842   0.354484   0.250938   0.249692   0.350897   0.542345 
 124.870026  
TUPLE  35.796818  
 -40.830592  -31.150938  64.640671  82.558673 1
 -28.166799  -21.082470  43.884034  56.246484 
 -15.131437  -11.951295  24.663600  31.306632 
 -36.484802  14.772806  -8.279564  40.223473 1
 -24.978348  9.628337  -5.722879  27.375054 
 -13.783508  6.066457  -3.073421  15.370463 
 5.192903  
 0.381382  0.195411  0.099503  0.105228   0.211894   0.406636   0.665965   0.958602   1.249251   1.502855   1.688826   1.784734   1.779009   1.672343   1.477601   1.218272   0.925635   0.634986 
 127.677277  
TUPLE  35.796818  
 -102.139783  4.997648  -224.239050  246.456210 2
 -3.241212  0.153335  -7.157295  7.859728 
 -66.357619  3.252105  -145.640913  160.080971 
 -20.384172  -37.805163  -167.869022  173.276523 1
 -1.535569  -2.798601  -11.926820  12.347415 
 -19.911445  -36.977735  -164.694964  169.965490 
 4.207086  
 1.970819  1.993887  1.906555  1.719357   1.454872   1.145000   0.827117   0.539564   0.317024   0.186339   0.163272   0.250604   0.437801   0.702287   1.012158   1.330041   1.617594   1.840134 
 107.280144  
TUPLE  1.274791  
 1.024623  87.050025  -31.729806  92.658174 1
 0.570387  66.873435  -24.314426  71.158924 
 0.414134  16.769709  -6.173568  17.875285 
 49.900073  -7.853740  -33.679184  60.712321 3
 50.096034  -7.884583  -33.811445  60.963210 
 0.000000  0.000000  0.000000  0.000000 
 2.196697  
 0.741005  0.635859  0.514584  0.391806   0.282336   0.199377   0.152934   0.148610   0.186926   0.263260   0.368406   0.489681   0.612459   0.721929   0.804888   0.851331   0.855655   0.817339 
 150.940094  
TUPLE  44.201973  
 26.771131  33.950826  -47.558123  64.273844 2
 6.890200  8.522158  -11.773979  16.085649 
 20.172190  25.798041  -36.301560  48.914232 
 -31.466525  25.324627  -149.744359  155.096267 1
 -7.059945  5.878184  -32.361799  33.640770 
 -27.809308  22.184991  -133.575594  138.231650 
 1.868701  
 1.211751  1.430978  1.576076  1.629543   1.584931   1.447621   1.234174   0.970335   0.687927   0.421013   0.201786   0.056689   0.003222   0.047834   0.185144   0.398591   0.662429   0.944837 
 121.403847  
TUPLE  33.718788  
 -57.271344  -2.302121  25.771948  62.845047 1
 -11.184583  -0.650850  5.098221  12.309746 
 -45.774150  -1.638700  20.533053  50.195444 
 24.284636  -24.930143  4.899229  35.146238 1
 13.910970  -14.846280  2.620333  20.513721 
 11.156356  -10.887359  2.436798  15.778310 
 4.090249  
 1.097988  1.187356  1.261488  1.311443   1.331195   1.318363   1.274494   1.204879   1.117914   1.024090   0.934722   0.860590   0.810636   0.790883   0.803715   0.847585   0.917200   1.004164 
 124.284821  
TUPLE  33.718788  
 -58.047967  53.975585  -92.238390  121.617642 1
 -12.439903  11.449912  -19.938099  26.141900 
 -43.545274  40.607592  -69.022507  91.155319 
 -26.818157  41.386514  11.780493  50.703423 0
 -27.156305  41.908353  11.929032  51.342928 
 0.000000  0.000000  0.000000  0.000000 
 0.481772  
 0.145223  0.363686  0.655575  0.985685   1.314199   1.601494   1.812918   1.922969   1.918374   1.799688   1.581225   1.289335   0.959225   0.630711   0.343416   0.131993   0.021941   0.026536 
 124.891190  
TUPLE  36.744804  
 -6.612751  83.084517  209.125838  225.123036 1
 -5.091204  56.327095  142.192908  153.027790 
 -1.638200  28.224256  70.624921  76.073583 
 54.831170  7.425325  143.974803  154.241163 1
 44.837987  6.154186  117.585641  125.994926 
 11.047902  1.413971  29.158624  31.213764 
 2.709933  
 1.630102  1.530516  1.446503  1.388197   1.362630   1.372886   1.417729   1.491748   1.586018   1.689166   1.788753   1.872766   1.931072   1.956638   1.946382   1.901540   1.827520   1.733251 
 123.455238  
TUPLE  33.718788  
 -31.968984  49.730479  3.227705  59.207724 2
 -15.042132  22.428112  1.684631  27.058149 
 -16.468314  26.589082  1.496779  31.312902 
 -30.143097  -27.832208  -58.452819  71.414076 1
 -5.855360  -5.103302  -11.286352  13.701466 
 -24.340877  -22.777968  -47.269514  57.842367 
 1.761089  
 1.822833  1.945653  1.983742  1.932504   1.798121   1.596801   1.352826   1.095623   0.856214   0.663476   0.540656   0.502568   0.553805   0.688188   0.889508   1.133484   1.390687   1.630096 
 138.805435  
TUPLE  33.402683  
 69.650557  62.228230  75.701292  120.225780 1
 36.487137  32.615545  39.245318  62.731965 
 27.636264  24.674534  30.448658  47.955549 
 -0.368808  59.523303  6.910378  59.924226 0
 -0.369723  59.671066  6.927533  60.073147 
 0.000000  0.000000  0.000000  0.000000 
 4.627440  
 1.075502  0.746852  0.454030  0.232355   0.108564   0.097587   0.200750   0.405608   0.687454   1.012292   1.340942   1.633763   1.855439   1.979230   1.990206   1.887044   1.682185   1.400340 
 100.639145  
TUPLE  36.744804  
 -108.546402  -72.064364  88.693715  157.613988 1
 -6.388947  -4.287048  5.276464  9.330486 
 -108.241248  -71.816381  88.388344  157.118674 
 25.709879  -30.549178  18.670096  44.077462 3
 25.781388  -30.634146  18.722024  44.222376 
 0.000000  0.000000  0.000000  0.000000 
 4.995087  
 1.541813  1.650194  1.754226  1.841362   1.901092   1.926212   1.913691   1.865041   1.786129   1.686472   1.578092   1.474060   1.386924   1.327193   1.302074   1.314594   1.363244   1.442157 
 144.593246  
TUPLE  33.718788  
 -28.678005  46.762916  -53.385944  76.545786 1
 -26.289082  42.878020  -48.778141  70.064021 
 -2.889433  4.701044  -5.539538  7.820060 
 -37.689953  -9.019101  25.582167  46.436236 2
 -17.825965  -4.069201  12.132587  21.944078 
 -11.619662  -2.977054  7.853720  14.339916 
 6.195364  
 1.663896  1.465505  1.234789  0.999576   0.788235   0.626259   0.533182   0.520233   0.588972   0.731109   0.929500   1.160217   1.395430   1.606770   1.768747   1.861823   1.874773   1.806033 
 141.206421  
TUPLE  33.402683  
 -1.647695  -46.440670  61.508120  77.088907 1
 -1.494245  -39.220030  51.499683  64.750910 
 -0.131080  -6.590213  9.173473  11.296854 
 29.015983  9.508878  35.190121  46.590671 1
 22.009595  7.343731  26.630925  35.321075 
 5.946789  1.817904  7.274131  9.570803 
 0.777820  
 0.198868  0.090779  0.054201  0.093547   0.204070   0.372441   0.578350   0.796963   1.001911   1.168474   1.276564   1.313141   1.273796   1.163272   0.994902   0.788993   0.570380   0.365432 
 116.625031  
TUPLE  36.744804  
 -59.178141  -59.156586  -120.492559  146.697003 1
 -31.909501  -31.830553  -64.311241  78.532513 
 -34.036805  -34.091723  -69.961954  84.943764 
 26.127424  -15.946409  -24.935342  39.480394 1
 23.789277  -14.639245  -22.986903  36.175329 
 6.863877  -4.069362  -6.267678  10.147636 
 5.583940  
 0.427314  0.215669  0.104082  0.106011   0.221226   0.435828   0.723933   1.050792   1.376981   1.663157   1.874802   1.986389   1.984459   1.869245   1.654643   1.366537   1.039678   0.713489 
 136.940521  
TUPLE  31.800991  
 -41.497654  -22.952867  -31.001116  56.656497 3
 -40.434058  -22.364584  -30.206552  55.214593 
 0.000000  0.000000  0.000000  0.000000 
 -20.635532  21.871619  1.870936  30.127949 1
 -10.090394  10.995400  1.135164  14.967396 
 -11.111282  11.476281  0.787102  15.993854 
 2.599655  
 0.490519  0.309239  0.164589  0.074016   0.048445   0.090960   0.196432   0.352141   0.539306   0.735352   0.916632   1.061282   1.151855   1.177426   1.134911   1.029439   0.873730   0.686565 
 90.365532  
TUPLE  31.800991  
 45.396476  41.103266  356.892386  362.108400 1
 11.426319  10.351213  88.548215  89.880555 
 32.632502  29.540903  257.827962  261.558447 
 7.339061  -39.165104  167.844635  172.509677 2
 3.140906  -18.281521  77.122309  79.321809 
 3.028822  -14.643403  63.979637  65.705306 
 2.101135  
 1.165574  1.029951  0.866839  0.695912   0.537786   0.411534   0.332383   0.309881   0.346741   0.438517   0.574141   0.737253   0.908180   1.066305   1.192557   1.271708   1.294210   1.257350 
 115.623909  
TUPLE  33.718788  
 -39.446398  -9.226408  4.092788  40.717267 1
 -27.855429  -6.216170  2.683797  28.666844 
 -10.722013  -2.806990  1.318831  11.162360 
 0.787743  -38.971930  -39.159065  55.252731 2
 0.712820  -33.118549  -33.262504  46.944223 
 0.027198  -3.492277  -3.524118  4.968805 
 1.977377  
 1.165877  1.212935  1.303971  1.428002   1.570071   1.713041   1.839667   1.934678   1.986612   1.989207   1.942149   1.851114   1.727082   1.585013   1.442044   1.315417   1.220407   1.168472 
 87.344772  
TUPLE  33.718788  
 -115.640751  -54.698924  1.028254  127.928937 3
 -110.741431  -52.381517  0.984691  122.513184 
 0.000000  0.000000  0.000000  0.000000 
 -20.952626  22.426872  21.757661  37.621443 1
 -18.279837  19.553693  18.575134  32.581505 
 -2.634929  2.832656  3.143214  4.986462 
 2.000112  
 1.723886  1.900109  1.984573  1.967092   1.849773   1.646768   1.382562   1.089021   0.801552   0.554826   0.378604   0.294140   0.311621   0.428939   0.631945   0.896151   1.189692   1.477161 
 120.801750  
TUPLE  33.718788  
 -76.642733  49.506608  246.450483  262.798123 1
 -7.106965  4.848749  23.715016  25.227778 
 -70.072566  45.004589  224.461567  239.413013 
 4.988194  36.290832  154.231805  158.522415 3
 4.933763  35.894820  152.548799  156.797060 
 0.000000  0.000000  0.000000  0.000000 
 2.582995  
 1.081361  1.072000  1.076290  1.093714   1.122170   1.158226   1.197533   1.235350   1.267115   1.288998   1.298359   1.294068   1.276644   1.248188   1.212133   1.172826   1.135009   1.103244 
 83.946899  
TUPLE  33.402683  
 -16.341596  65.056591  42.436897  79.374417 0
 -16.195126  64.473487  42.056534  78.663105 
 0.000000  0.000000  0.000000  0.000000 
 30.870821  23.719825  -2.417231  39.006162 1
 26.969722  20.581375  -2.348569  34.007266 
 4.609369  3.682652  -0.124121  5.902697 
 2.475294  
 1.572703  1.719898  1.768557  1.712812   1.559386   1.326785   1.043063   0.742442   0.461182   0.233205   0.086010   0.037350   0.093095   0.246521   0.479123   0.762844   1.063465   1.344726 
 119.058121  
TUPLE  33.718788  
 -74.047878  116.448643  -166.097106  215.943565 1
 -64.762238  101.998819  -145.377345  189.030417 
 -8.455415  13.144223  -18.857508  24.492620 
 -23.166993  -22.623008  -36.059109  48.464104 1
 -1.035826  -1.267651  -1.955081  2.553761 
 -23.316324  -22.512644  -35.948655  48.402418 
 2.352368  
 0.378600  0.285435  0.196697  0.123090   0.073491   0.053882   0.066630   0.110195   0.179325   0.265680   0.358844   0.447582   0.521190   0.570789   0.590397   0.577650   0.534084   0.464955 
 133.557587  
TUPLE  31.355324  
 89.970173  27.333237  -278.212375  293.673055 3
 94.549302  28.724390  -292.372275  308.622655 
 0.000000  0.000000  0.000000  0.000000 
 13.477410  -46.816126  -108.836183  119.242211 1
 9.931224  -34.225729  -80.129668  87.697280 
 1.812460  -6.567997  -14.705891  16.208178 
 5.886892  
 1.897440  1.709953  1.450867  1.151430   0.847760   0.576483   0.370320   0.254136   0.241946   0.335219   0.522705   0.781791   1.081228   1.384898   1.656175   1.862338   1.978522   1.990713 
 120.646080  
TUPLE  35.796818  
 -59.351023  9.259206  -32.485192  68.290296 0
 -60.341144  9.413672  -33.027125  69.429686 
 0.000000  0.000000  0.000000  0.000000 
 1.267127  41.486833  -134.232086  140.502725 1
 0.633614  23.871636  -76.592086  80.228571 
 0.687082  19.369079  -63.314750  66.214871 
 0.077715  
 0.439284  0.538414  0.718142  0.956791   1.225576   1.492078   1.724152   1.893807   1.980580   1.974006   1.874876   1.695148   1.456499   1.187714   0.921212   0.689138   0.519482   0.432709 
 124.295090  
TUPLE  36.744804  
 9.978381  57.217515  -56.222540  80.835550 1
 0.875444  6.218860  -5.894769  8.614430 
 9.356214  52.450967  -51.754828  74.278012 
 -40.484163  2.959056  -1.655806  40.625917 0
 -39.834431  2.911566  -1.629232  39.974154 
 0.000000  0.000000  0.000000  0.000000 
 3.057422  
 1.584819  1.741213  1.801277  1.757765   1.615927   1.392870   1.115497   0.817265   0.534144   0.300282   0.143888   0.083824   0.127336   0.269174   0.492231   0.769604   1.067836   1.350957 
 108.606216  
TUPLE  31.800991  
 -33.887516  -33.995240  -22.197435  52.884461 3
 -33.399170  -33.505339  -21.877552  52.134036 
 0.000000  0.000000  0.000000  0.000000 
 -30.350126  27.879173  -19.533724  45.606412 1
 -15.975850  14.961567  -10.232026  24.161749 
 -13.217031  11.854582  -8.556882  19.709375 
 5.622000  
 0.990754  1.068739  1.102446  1.087810   1.026595   0.926186   0.798693   0.659494   0.525378   0.412521   0.334536   0.300829   0.315465   0.376680   0.477089   0.604582   0.743781   0.877897 
 91.138451  
TUPLE  33.718788  
 -44.593718  -10.026936  -124.614273  132.732272 1
 -6.428858  -1.518630  -18.370186  19.522286 
 -35.970251  -8.014843  -100.111392  106.678985 
 -4.590771  36.525309  -117.985812  123.595409 1
 -2.624109  18.907478  -62.246555  65.107847 
 -2.341184  20.597603  -65.364659  68.573313 
 1.061551  
 1.550263  1.315583  1.031005  0.730852   0.451328   0.226148   0.082471   0.037627   0.097025   0.253500   0.488180   0.772759   1.072911   1.352435   1.577615   1.721292   1.766136   1.706739 
 105.985916  
TUPLE  44.201973  
 -10.507816  55.460064  -32.391542  65.080296 0
 -10.738590  56.678083  -33.102928  66.509741 
 0.000000  0.000000  0.000000  0.000000 
 40.714629  14.802476  -21.963995  48.571714 1
 20.522672  7.322395  -10.702474  24.276737 
 21.192247  7.843767  -11.801175  25.493568 
 2.698963  
 0.869371  0.547410  0.275716  0.087061   0.004198   0.037122   0.181862   0.420960   0.725577   1.058973   1.380934   1.652627   1.841283   1.924146   1.891222   1.746482   1.507384   1.202767 
 93.407196  
TUPLE  35.796818  
 -136.282348  -104.534055  -146.918457  226.020530 1
 -141.701807  -107.885874  -152.873521  234.710667 
 -11.154913  -9.361380  -11.912843  18.814930 
 4.599015  -41.689796  4.960197  42.234980 2
 2.236428  -18.656559  1.905801  18.887042 
 2.650741  -25.645330  3.365179  26.008163 
 1.365406  
 1.000000  1.000000  1.000000  1.000000   1.000000   1.000000   1.000000   1.000000   1.000000   1.000000   1.000000   1.000000   1.000000   1.000000   1.000000   1.000000   1.000000   1.000000 
 129.448883  
TUPLE  31.800991  
 67.360658  33.735676  27.632500  80.244060 0
 66.991388  33.550738  27.481019  79.804285 
 0.000000  0.000000  0.000000  0.000000 
 12.275031  38.836545  94.033603  102.475715 1
 11.594502  35.973238  86.751844  94.627735 
 1.013572  3.917000  9.833038  10.633770 
 3.660304  
 1.041002  1.049712  0.995391  0.884590   0.730674   0.552207   0.370715   0.208089   0.083944   0.013253   0.004543   0.058864   0.169665   0.323581   0.502048   0.683540   0.846166   0.970311 
 117.930420  
TUPLE  35.796818  
 32.107354  -41.514917  -37.177734  64.316051 1
 9.679676  -12.645243  -10.988957  19.348771 
 25.700142  -33.100979  -29.978027  51.525454 
 -34.536267  -32.532780  -4.766585  47.684965 3
 -34.655666  -32.645256  -4.783064  47.863617 
 0.000000  0.000000  0.000000  0.000000 
 1.677211  
 0.764816  1.096371  1.415728  1.684367   1.869887   1.949911   1.914786   1.768751   1.529418   1.225655   0.894100   0.574743   0.306104   0.120584   0.040560   0.075684   0.221720   0.461053 
 94.980118  
TUPLE  44.201973  
 46.844112  -7.088931  -31.334226  56.801915 1
 33.717801  -4.981531  -22.674899  40.937468 
 12.839401  -2.063989  -8.467404  15.518551 
 16.390528  42.193075  37.901139  59.037288 1
 8.055211  20.920812  18.292335  28.934336 
 8.422239  21.496024  19.809804  30.421370 
 2.865294  
 1.332112  1.529856  1.654131  1.689948   1.632987   1.490118   1.278573   1.023868   0.756724   0.509362   0.311618   0.187343   0.151526   0.208487   0.351356   0.562901   0.817606   1.084750 
 127.728958  
TUPLE  33.402683  
 -42.815472  45.777420  67.431136  92.063538 0
 -42.615542  45.563659  67.116261  91.633746 
 0.000000  0.000000  0.000000  0.000000 
 -29.890116  -15.383579  -17.092779  37.712553 1
 -21.868392  -11.824157  -12.490952  27.822305 
 -10.640924  -4.907451  -6.099627  13.211208 
 6.186097  
 1.488542  1.322105  1.132792  0.943435   0.776874   0.653199   0.587327   0.587203   0.652842   0.776327   0.942764   1.132077   1.321434   1.487995   1.611670   1.677542   1.677666   1.612027 
 118.235359  
TUPLE  33.402683  
 107.669861  95.534108  76.230891  162.882514 1
 32.724851  29.074829  23.133291  49.511920 
 71.257055  63.187001  50.486508  107.791793 
 76.488319  12.840125  2.805216  77.609285 1
 56.914950  9.427474  1.847236  57.720192 
 19.060336  3.326529  0.939165  19.371692 
 1.896015  
 1.335714  1.607791  1.818275  1.941778   1.963405   1.880546   1.703195   1.452744   1.159401   0.858547   0.586470   0.375986   0.252482   0.230856   0.313715   0.491065   0.741516   1.034860 
 111.059586  
TUPLE  31.800991  
 -170.811889  -99.739954  34.311860  200.753738 1
 -64.801375  -37.748553  13.302741  76.165307 
 -103.132254  -60.310751  20.430949  121.206808 
 3.099081  -43.091825  -8.635219  44.057652 1
 1.261560  -13.213151  -2.803366  13.566769 
 1.662663  -27.447310  -5.344629  28.012543 
 5.105255  
 1.026376  0.811396  0.591820  0.394133   0.242179   0.154286   0.141055   0.204082   0.335765   0.520221   0.735202   0.954778   1.152464   1.304418   1.392311   1.405542   1.342515   1.210832 
 132.583618  
TUPLE  31.800991  
 41.245869  -22.490886  137.777947  145.567250 0
 40.311435  -21.981350  134.656557  142.269460 
 0.000000  0.000000  0.000000  0.000000 
 -30.759601  -24.532252  195.789329  199.703394 1
 -4.753473  -3.915135  32.013197  32.600430 
 -27.374687  -21.708613  172.487203  175.990030 
 1.582067  
 1.545814  1.795539  1.952468  1.997670   1.925695   1.745224   1.478023   1.156322   0.818923   0.506520   0.256794   0.099866   0.054663   0.126638   0.307110   0.574310   0.896011   1.233411 
 94.963692  
TUPLE  33.718788  
 -4.717891  -44.066743  42.012998  61.067408 1
 -2.925806  -29.766527  28.795820  41.518974 
 -1.635801  -12.840483  11.825474  17.533223 
 39.130731  -5.326959  57.647873  69.877520 1
 28.185993  -3.753163  41.513452  50.318213 
 6.271625  -0.937635  9.249932  11.215698 
 3.751537  
 1.897878  1.923507  1.860775  1.717246   1.510233   1.264704   1.010275   0.777632   0.594836   0.483936   0.458306   0.521039   0.664567   0.871580   1.117109   1.371539   1.604181   1.786977 
 108.922783  
TUPLE  33.718788  
 -33.544932  87.353297  56.286633  109.197281 0
 -34.623761  90.162642  58.096852  112.709230 
 0.000000  0.000000  0.000000  0.000000 
 -56.538753  -12.708581  87.643149  105.068836 1
 -3.494241  -0.769527  5.178862  6.296188 
 -53.735788  -12.094437  83.535860  100.060324 
 3.323357  
 0.493510  0.338561  0.213517  0.133461   0.108047   0.140342   0.226449   0.355985   0.513323   0.679488   0.834437   0.959480   1.039537   1.064951   1.032656   0.946548   0.817013   0.659675 
 136.739532  
TUPLE  33.402683  
 -49.213881  -68.340678  -36.659219  91.849620 2
 -17.279775  -24.257707  -12.552091  32.320294 
 -33.634811  -46.444636  -25.373971  62.708181 
 17.838996  -43.533498  23.754488  52.703614 1
 5.691742  -13.363333  7.658476  16.420911 
 13.133026  -32.575792  17.408667  39.201257 
 3.986389  
 1.055878  0.817234  0.576601  0.363003   0.202204   0.113597   0.107871   0.185717   0.337743   0.545615   0.784260   1.024893   1.238490   1.399290   1.487896   1.493622   1.415777   1.263750 
 117.106377  
TUPLE  33.402683  
 -36.883159  30.433137  -6.368888  48.240086 1
 -30.635643  25.194038  -5.322863  40.020426 
 -4.218716  3.565088  -0.695696  5.568629 
 -25.391787  -30.407838  53.172759  66.307781 0
 -25.464636  -30.495078  53.325311  66.498164 
 0.000000  0.000000  0.000000  0.000000 
 2.895650  
 1.228545  1.501960  1.716228  1.845503   1.874195   1.798841   1.628532   1.383808   1.094188   0.794602   0.521187   0.306920   0.177644   0.148953   0.224306   0.394616   0.639340   0.928960 
 119.911957  
TUPLE  31.800991  
 109.436980  -30.283633  -14.117361  114.423996 0
 109.677594  -30.350216  -14.148400  114.675660 
 0.000000  0.000000  0.000000  0.000000 
 5.707265  -35.207228  -27.234631  44.875906 1
 1.074338  -6.022737  -5.026326  7.919027 
 4.864896  -30.615482  -23.315250  38.789097 
 2.652038  
 1.648379  1.715050  1.690296  1.577102   1.389121   1.149026   0.885777   0.631125   0.415785   0.265730   0.199059   0.223814   0.337008   0.524989   0.765083   1.028332   1.282984   1.498324 
 113.451294  
TUPLE  33.402683  
 3.013950  -51.202981  36.631386  63.029260 1
 0.704038  -15.938130  11.427876  19.624869 
 2.331504  -35.631650  25.465922  43.858657 
 -28.438457  15.903005  22.834288  39.787637 2
 -13.207344  7.386608  10.058286  18.170980 
 -18.439959  10.310810  15.352506  26.132051 
 4.591664  
 0.487922  0.539742  0.674108  0.874812   1.117646   1.373322   1.611001   1.802015   1.923325   1.960300   1.908479   1.774114   1.573410   1.330575   1.074899   0.837220   0.646206   0.524896 
 105.771042  
TUPLE  33.402683  
 -46.168691  14.911906  -42.195423  64.299041 0
 -46.040575  14.870526  -42.078332  64.120766 
 0.000000  0.000000  0.000000  0.000000 
 5.182215  -31.187278  -1.488335  31.649910 0
 5.001154  -30.097627  -1.436334  30.544414 
 0.000000  0.000000  0.000000  0.000000 
 2.697736  
 1.834128  1.946959  1.948194  1.837684   1.628760   1.346619   1.025293   0.703538   0.420163   0.209346   0.096516   0.095281   0.205790   0.414715   0.696855   1.018181   1.339936   1.623312 
 102.475983  
TUPLE  35.796818  
 -56.313264  74.637648  10.350407  94.069618 0
 -49.859219  66.083451  9.164150  83.288447 
 0.000000  0.000000  0.000000  0.000000 
 -69.282502  -5.276936  -48.945780  84.991768 1
 -45.258785  -3.283038  -31.915033  55.477246 
 -24.261218  -2.011984  -17.198535  29.807090 
 6.205131  
 0.030465  0.164150  0.389346  0.678890   0.997860   1.307783   1.571278   1.756564   1.841291   1.815242   1.681557   1.456361   1.166817   0.847847   0.537923   0.274429   0.089143   0.004416 
 118.211098  
TUPLE  31.800991  
 45.326142  -18.140945  235.389864  240.399544 1
 9.902658  -4.085533  52.209505  53.297337 
 40.256295  -15.989646  208.278272  212.734800 
 -28.894666  -16.114505  77.070153  83.871255 0
 -28.650189  -15.978161  76.418066  83.161742 
 0.000000  0.000000  0.000000  0.000000 
 5.522263  
 0.172230  0.076831  0.095582  0.226220   0.452989   0.748537   1.077218   1.399386   1.676184   1.874226   1.969625   1.950875   1.820237   1.593468   1.297919   0.969239   0.647071   0.370272 
 126.336502  
TUPLE  35.796818  
 -107.234621  -84.339175  -465.695748  485.267854 0
 -110.157797  -86.638230  -478.390443  498.496097 
 0.000000  0.000000  0.000000  0.000000 
 -27.969717  17.702168  -73.918892  80.991817 1
 -7.117522  4.769427  -18.678142  20.549915 
 -21.001188  13.027044  -55.634520  60.876694 
 0.844024  
 0.648450  0.957237  1.266152  1.537935   1.739803   1.847410   1.847776   1.740857   1.539548   1.268132   0.959344   0.650429   0.378647   0.176778   0.069172   0.068806   0.175725   0.377033 
 100.532990  
TUPLE  33.718788  
 -14.443478  72.818981  -207.505910  220.385845 0
 -15.771969  79.516774  -226.592027  240.656682 
 0.000000  0.000000  0.000000  0.000000 
 5.712507  41.184018  -22.875449  47.455687 1
 3.882936  29.385912  -15.974438  33.672113 
 1.954714  12.700000  -7.402045  14.829679 
 2.444970  
 1.281783  1.528907  1.744541  1.902677   1.984242   1.979397   1.888727   1.723169   1.502690   1.253884   1.006761   0.791126   0.632990   0.551425   0.556270   0.646940   0.812499   1.032977 
 116.501411  
TUPLE  33.718788  
 127.651280  51.182490  82.900202  160.583125 2
 110.319836  44.267679  71.643643  138.790939 
 16.915496  6.748035  10.986435  21.270746 
 60.434860  -16.540496  104.794114  122.097366 1
 61.516345  -17.140070  107.122266  124.712638 
 7.153372  -1.654234  11.951091  14.026904 
 0.959845  
 1.412916  1.398969  1.325355  1.200952   1.040766   0.864118   0.692313   0.546074   0.443040   0.395638   0.409586   0.483200   0.607603   0.767789   0.944437   1.116242   1.262480   1.365514 
 110.429710  
TUPLE  31.355324  
 -49.505909  -38.826139  -20.454218  66.156475 1
 -10.442885  -8.589692  -4.288676  14.186222 
 -41.203396  -31.915084  -17.049874  54.836200 
 1.289012  -44.466946  -127.317334  134.865394 1
 -0.071653  -6.516502  -18.565369  19.676441 
 1.419537  -39.981311  -114.566723  121.351030 
 2.021159  
 1.202669  1.340980  1.430691  1.460980   1.428195   1.336289   1.196349   1.025252   0.843636   0.673406   0.535095   0.445384   0.415095   0.447880   0.539786   0.679726   0.850823   1.032439 
 121.309746  
TUPLE  0.028151  
 -147.143157  60.398106  32.395598  162.322255 1
 -138.801256  56.840282  30.505787  153.059560 
 -5.171840  2.256596  1.191878  5.768791 
 -71.415168  7.137080  91.418761  116.225875 1
 -41.706797  4.360049  53.639429  68.085789 
 -34.784274  3.284298  44.277016  56.402169 
 2.933167  
 1.556664  1.701981  1.811673  1.872509   1.877153   1.825045   1.722468   1.581796   1.419995   1.256581   1.111265   1.001573   0.940736   0.936092   0.988201   1.090778   1.231450   1.393251 
 123.561317  
TUPLE  33.718788  
 35.318373  -21.706168  5.892741  41.872062 1
 18.486552  -11.507956  3.498144  22.055434 
 7.472521  -4.446102  0.832981  8.736044 
 12.972346  -38.255836  -56.562763  69.506380 0
 12.763047  -37.638607  -55.650165  68.385089 
 0.000000  0.000000  0.000000  0.000000 
 0.733083  
 0.392795  0.199510  0.107036  0.126526   0.255631   0.478777   0.769050   1.091439   1.407059   1.677842   1.871127   1.963601   1.944110   1.815006   1.591860   1.301587   0.979198   0.663577 
 127.801346  
TUPLE  31.800991  
 12.252153  46.700597  -201.721113  207.418583 0
 12.970409  49.438317  -213.546570  219.578085 
 0.000000  0.000000  0.000000  0.000000 
 47.242830  -3.656950  -38.077589  60.787836 1
 35.711321  -2.623293  -28.131964  45.536876 
 11.377099  -1.021704  -9.821170  15.065054 
 0.987490  
 1.158981  1.122348  1.020985  0.867115   0.679299   0.480189   0.293802   0.142618   0.044873   0.012355   0.048988   0.150352   0.304221   0.492037   0.691147   0.877534   1.028718   1.126463 
 129.219513  
TUPLE  33.718788  
 56.210850  -5.788613  -198.702495  206.581338 1
 19.548102  -1.618812  -69.168799  71.896391 
 36.384574  -4.141154  -128.550367  133.664511 
 -10.985727  50.284809  -72.340136  88.782563 2
 -1.340711  7.304360  -10.732021  13.051702 
 -9.899218  44.144006  -63.282016  77.795181 
 6.162918  
 0.517810  0.678139  0.895189  1.142780   1.391049   1.610051   1.773371   1.861310   1.863262   1.778991   1.618662   1.401612   1.154021   0.905752   0.686750   0.523430   0.435491   0.433539 
 133.058838  
TUPLE  44.201973  
 67.454460  -29.295576  -336.511035  344.453206 1
 37.393940  -16.014597  -184.866786  189.289519 
 34.432863  -15.179895  -173.456663  177.491643 
 -2.214914  -46.853485  -188.265272  194.020533 0
 -0.896049  -18.954694  -76.163183  78.491613 
 0.000000  0.000000  0.000000  0.000000 
 4.874114  
 1.389368  1.624903  1.808888  1.919131   1.942335   1.875702   1.727269   1.514938   1.264321   1.005644   0.770109   0.586124   0.475881   0.452677   0.519310   0.667743   0.880074   1.130691 
 116.078537  
TUPLE  1.274791  
 12.111723  54.131796  38.937335  67.772127 3
 11.883565  53.112068  38.203839  66.508998 
 0.000000  0.000000  0.000000  0.000000 
 46.492889  27.842881  -50.263063  73.913397 1
 15.335144  9.247915  -16.849622  24.589018 
 29.344428  17.509035  -31.453079  46.443258 
 5.102098  
 0.273948  0.138645  0.100726  0.164766   0.323040   0.556458   0.836866   1.130444   1.401781   1.618149   1.753453   1.791371   1.727332   1.569058   1.335639   1.055231   0.761653   0.490317 
 125.790489  
TUPLE  35.796818  
 -146.290989  67.748449  -128.113460  205.922230 0
 -24.795511  11.482986  -21.714521  34.902954 
 0.000000  0.000000  0.000000  0.000000 
 -20.247224  41.004338  -15.348511  48.237771 0
 -20.019591  40.543339  -15.175952  47.695653 
 0.000000  0.000000  0.000000  0.000000 
 3.687038  
 0.250597  0.141112  0.107559  0.153986   0.274792   0.455408   0.674047   0.904339   1.118507   1.290719   1.400205   1.433757   1.387331   1.266524   1.085909   0.867270   0.636978   0.422810 
 105.143723  
TUPLE  31.800991  
 38.207871  -49.510662  202.653477  212.083896 1
 35.050855  -45.515157  186.380361  195.032947 
 2.800408  -3.533402  14.381680  15.072430 
 46.320196  40.369679  263.300981  270.375070 1
 14.345247  12.144189  78.790308  81.001232 
 31.517687  27.826970  181.911426  186.706962 
 6.112534  
 1.382895  1.387769  1.409216  1.444650   1.489796   1.539210   1.586930   1.627202   1.655168   1.667455   1.662581   1.641133   1.605699   1.560553   1.511140   1.463419   1.423147   1.395181 
 141.854919  
TUPLE  36.744804  
 -79.694052  -60.772987  148.839733  179.437354 1
 -34.094497  -25.669716  62.924447  76.032062 
 -45.929484  -35.354883  86.531496  104.149908 
 -57.347661  14.777250  15.884352  61.314223 3
 -52.214921  13.454656  14.462667  55.834002 
 0.000000  0.000000  0.000000  0.000000 
 0.163353  
 0.126383  0.084150  0.153590  0.326327   0.581526   0.888407   1.209956   1.507388   1.744829   1.893640   1.935873   1.866433   1.693696   1.438496   1.131615   0.810067   0.512635   0.275194 
 130.170273  
TUPLE  36.744804  
 83.509427  -72.198962  -267.989487  289.835953 1
 35.913979  -31.295538  -115.694455  125.117749 
 52.068480  -44.770627  -166.649402  180.243106 
 52.045879  -31.767090  -51.821245  80.021016 0
 52.877861  -32.274905  -52.649636  81.300315 
 0.000000  0.000000  0.000000  0.000000 
 4.661706  
 1.686465  1.719854  1.660565  1.515751   1.302878   1.047621   0.780769   0.534508   0.338540   0.216502   0.183113   0.242402   0.387216   0.600089   0.855345   1.122197   1.368459   1.564427 
 89.228798  
TUPLE  0.718627  
 -36.029945  57.655853  49.816463  84.285434 1
 -16.795035  26.899085  23.205652  39.295747 
 -18.355771  29.349965  25.395287  42.933596 
 -45.824422  12.989438  -3.908652  47.789964 1
 -41.514687  11.846441  -3.576734  43.319971 
 -3.138728  0.811066  -0.232036  3.252922 
 2.958044  
 1.789411  1.853127  1.901678  1.929206   1.932393   1.910853   1.867184   1.806655   1.736564   1.665367   1.601650   1.553100   1.525571   1.522384   1.543924   1.587593   1.648123   1.718213 
 99.849152  
TUPLE  35.796818  
 -50.975458  39.155721  -97.288543  116.605010 0
 -51.102826  39.253556  -97.531628  116.896443 
 0.000000  0.000000  0.000000  0.000000 
 32.112660  13.921257  -30.032423  46.119093 1
 18.677199  7.483235  -17.019605  26.353804 
 13.250783  6.357961  -12.840103  19.516490 
 5.593670  
 1.797710  1.867283  1.928116  1.972873   1.996155   1.995153   1.969989   1.923698   1.861862   1.791942   1.722369   1.661535   1.616779   1.593497   1.594499   1.619663   1.665954   1.727789 
 125.456139  
TUPLE  31.355324  
 -26.064556  -78.908139  194.845788  211.827139 0
 -25.462066  -77.084155  190.341873  206.930742 
 0.000000  0.000000  0.000000  0.000000 
 -33.111764  3.335226  187.050182  189.987588 1
 -17.198673  2.037808  98.208953  99.724445 
 -17.745564  1.481992  99.192974  100.778796 
 5.126407  
 1.202520  1.216393  1.276543  1.375715   1.501947   1.640014   1.773264   1.885623   1.963541   1.997618   1.983745   1.923596   1.824424   1.698192   1.560124   1.426875   1.314515   1.236598 
 101.098068  
TUPLE  33.402683  
 -70.372252  -3.580209  32.120438  77.438972 0
 -73.477416  -3.738185  33.537747  80.856074 
 0.000000  0.000000  0.000000  0.000000 
 -17.987117  -45.293310  22.116513  53.517851 1
 -1.399069  -3.115889  1.488868  3.728588 
 -20.367605  -51.694709  25.274892  61.041139 
 1.019404  
 0.731843  0.852031  0.988446  1.124636   1.244173   1.332639   1.379364   1.378713   1.330764   1.241301   1.121113   0.984697   0.848508   0.728971   0.640505   0.593779   0.594430   0.642379 
 118.693626  
TUPLE  33.402683  
 22.124063  148.853158  -99.024782  180.146175 1
 15.992793  107.514125  -71.510712  130.110944 
 5.409840  36.485127  -24.285001  44.161187 
 30.996667  -4.363868  -22.174124  38.360507 2
 13.425122  -1.408498  -9.379380  16.438066 
 19.804443  -3.269729  -14.392094  24.724900 
 2.633529  
 0.760944  0.853033  0.992527  1.162600   1.342740   1.511219   1.647716   1.735767   1.764752   1.731176   1.639087   1.499593   1.329520   1.149380   0.980901   0.844404   0.756353   0.727367 
 119.432465  
TUPLE  33.402683  
 76.210482  1.741749  7.436887  76.592288 1
 4.025225  -0.044798  0.385918  4.046339 
 71.927728  1.780661  7.025838  72.292112 
 38.082750  43.063710  -31.018461  65.321696 1
 25.025958  28.414023  -20.170153  42.901163 
 12.375426  13.879202  -10.293333  21.254513 
 5.600622  
 0.019578  0.042582  0.152992  0.337491   0.573825   0.833490   1.085166   1.298497   1.447752   1.514929   1.491926   1.381516   1.197017   0.960682   0.701018   0.449342   0.236011   0.086755 
 96.299416  
TUPLE  35.796818  
 63.671651  -48.162140  -6.189830  80.074870 1
 23.769352  -18.339035  -2.146486  30.098658 
 39.671703  -29.648678  -4.020926  49.689780 
 -25.240322  -24.022785  0.705572  34.852057 1
 -12.475160  -12.215366  0.054679  17.460448 
 -11.413025  -10.520503  0.613095  15.534871 
 1.783159  
 0.368755  0.571722  0.786291  0.986582   1.148436   1.252333   1.285740   1.244628   1.133956   0.967072   0.764106   0.549537   0.349246   0.187391   0.083494   0.050087   0.091199   0.201871 
 112.214981  
TUPLE  35.796818  
 -71.238061  8.816348  -20.117931  74.547438 1
 -95.357102  12.388169  -27.323496  99.965176 
 -7.572197  0.350263  -1.744177  7.779539 
 5.253035  -41.206661  -20.718697  46.420337 1
 1.013304  -6.023768  -2.882948  6.755993 
 5.023680  -41.334118  -20.928707  46.602314 
 4.419465  
 1.820420  1.858265  1.898982  1.937660   1.969634   1.991047   1.999316   1.993444   1.974139   1.943730   1.905885   1.865167   1.826490   1.794516   1.773103   1.764834   1.770706   1.790011 
 132.444916  
TUPLE  35.796818  
 -16.580576  -37.389534  38.686782  56.298844 3
 -15.440606  -34.818874  36.026934  52.441243 
 0.000000  0.000000  0.000000  0.000000 
 -30.123900  14.882757  -20.831528  39.533509 1
 -7.922755  4.182186  -5.427491  10.475584 
 -23.313070  11.249919  -16.172964  30.522826 
 1.944078  
 0.081612  0.133336  0.187957  0.238887   0.279983   0.306288   0.314630   0.304002   0.275687   0.233099   0.181375   0.126754   0.075824   0.034728   0.008422   0.000080   0.010708   0.039024 
 116.374390  
TUPLE  31.800991  
 -43.713098  -16.232126  58.968012  75.176747 1
 -9.571488  -3.736302  13.369571  16.862332 
 -32.569133  -11.911909  43.477205  55.614095 
 -28.321310  32.407740  50.920499  66.672749 1
 -16.180968  18.805617  28.907372  38.093708 
 -12.252247  13.730182  22.214337  28.846672 
 4.975245  
 0.144967  0.026130  0.020165  0.127789   0.336024   0.619751   0.944751   1.271822   1.561515   1.778889   1.897726   1.903692   1.796067   1.587833   1.304105   0.979106   0.652035   0.362342 
 107.418137  
TUPLE  35.796818  
 -25.202859  62.629717  171.356296  184.175584 0
 -26.543644  65.961600  180.472403  193.973724 
 0.000000  0.000000  0.000000  0.000000 
 40.249362  4.029926  67.845092  78.988657 1
 10.439128  0.706317  17.643653  20.513221 
 27.507506  3.093050  46.319919  53.960939 
 4.134604  
 1.949488  1.876733  1.768532  1.637937   1.500699   1.373371   1.271311   1.206829   1.187701   1.216236   1.288992   1.397193   1.527788   1.665026   1.792354   1.894414   1.958896   1.978023 
 120.598663  
TUPLE  33.718788  
 -57.866608  57.444023  107.765740  135.136282 1
 -38.226875  37.318835  70.372348  88.353134 
 -21.448335  21.920569  40.761553  51.010439 
 50.463590  46.356973  54.084088  87.296228 1
 43.283022  39.782879  46.326846  74.848471 
 4.986333  4.558420  5.405579  8.653394 
 1.226527  
 1.272840  1.370539  1.495140  1.631615   1.763502   1.874894   1.952356   1.986545   1.973336   1.914323   1.816624   1.692023   1.555548   1.423661   1.312269   1.234807   1.200619   1.213827 
 145.366028  
TUPLE  1.274791  
 -84.193365  4.369160  143.197059  166.171628 0
 -86.183983  4.472462  146.582726  170.100550 
 0.000000  0.000000  0.000000  0.000000 
 -37.711734  32.124425  26.888704  56.366266 0
 -38.042855  32.406489  27.124796  56.861352 
 0.000000  0.000000  0.000000  0.000000 
 4.790686  
 1.926251  1.981985  1.919534  1.746429   1.483551   1.162605   0.822303   0.503690   0.245195   0.077998   0.022263   0.084715   0.257819   0.520698   0.841644   1.181946   1.500559   1.759053 
 119.299828  
TUPLE  31.800991  
 20.973674  59.451559  -58.926388  86.294276 1
 5.282390  16.492431  -16.213404  23.723361 
 16.467960  45.160687  -44.895095  65.774380 
 -39.180092  5.766224  -67.578442  78.327356 3
 -38.266539  5.631775  -66.002736  76.509380 
 0.000000  0.000000  0.000000  0.000000 
 3.674248  
 0.417486  0.708481  1.030324  1.344196   1.612239   1.802124   1.890948   1.867997   1.736040   1.510992   1.219997   0.898154   0.584283   0.316239   0.126354   0.037530   0.060481   0.192438 
 106.539925  
TUPLE  33.718788  
 61.250077  -39.085010  171.177682  185.959697 1
 34.027927  -21.693013  94.867928  103.094276 
 29.933583  -19.122221  83.887481  91.097785 
 12.435522  33.973741  63.181864  72.806629 3
 12.373521  33.804348  62.866844  72.449396 
 0.000000  0.000000  0.000000  0.000000 
 3.342040  
 1.779777  1.836873  1.862508  1.853591   1.811197   1.740440   1.649853   1.550364   1.453971   1.372302   1.315206   1.289571   1.298488   1.340882   1.411639   1.502226   1.601715   1.698108 
 108.835007  
TUPLE  31.800991  
 -87.911124  -61.420320  -26.636779  110.500405 2
 -11.048051  -7.826023  -3.281184  13.931681 
 -43.172344  -30.055810  -13.147417  54.222970 
 22.818399  -39.484019  -4.095062  45.786861 1
 5.804430  -9.581053  -0.953575  11.243521 
 18.186973  -31.932680  -3.351998  36.901438 
 3.931783  
 1.769653  1.616599  1.380048  1.088532   0.777213   0.483640   0.243222   0.084957   0.027935   0.079033   0.232088   0.468639   0.760155   1.071474   1.365047   1.605465   1.763729   1.820751 
 136.483017  
TUPLE  33.402683  
 85.695246  11.062349  -11.553470  87.175303 1
 31.321480  3.987632  -4.662169  31.916949 
 54.361357  7.073116  -6.889629  55.250985 
 43.300084  -53.871708  -41.561639  80.650034 3
 42.918242  -53.396639  -41.195129  79.944014 
 0.000000  0.000000  0.000000  0.000000 
 4.771188  
 1.856234  1.817262  1.760233  1.692027   1.620869   1.555344   1.503353   1.471168   1.462671   1.478887   1.517859   1.574888   1.643094   1.714251   1.779777   1.831768   1.863953   1.872450 
 124.008041  
TUPLE  35.796818  
 82.250794  -46.839115  -1.494983  94.664305 0
 82.498405  -46.980121  -1.499484  94.949389 
 0.000000  0.000000  0.000000  0.000000 
 40.059755  -71.314493  -63.238811  103.390948 1
 29.912269  -53.532031  -47.367931  77.486531 
 6.505613  -11.299189  -10.121777  16.506461 
 5.793556  
 1.072755  0.743716  0.443928  0.209550   0.068852   0.038803   0.123029   0.311370   0.581109   0.899712   1.228752   1.528539   1.762917   1.903616   1.933664   1.849439   1.661098   1.391358 
 124.080978  
TUPLE  44.201973  
 45.219638  63.708234  -58.179589  97.408517 1
 33.215360  46.873397  -42.589540  71.514081 
 12.509927  17.547231  -16.240619  26.984802 
 -36.182566  -11.577835  -25.336197  45.663412 0
 -35.783610  -11.450175  -25.056835  45.160134 
 0.000000  0.000000  0.000000  0.000000 
 2.419056  
 1.625815  1.597014  1.474184  1.272139   1.015248   0.734498   0.463750   0.235661   0.077741   0.009038   0.037839   0.160669   0.362715   0.619605   0.900355   1.171103   1.399193   1.557112 
 140.806519  
TUPLE  36.744804  
 -39.168699  65.587345  7.210154  76.732478 0
 -39.977185  66.941141  7.358979  78.316446 
 0.000000  0.000000  0.000000  0.000000 
 33.771005  38.168429  21.638615  55.367314 1
 29.378257  33.122269  18.796481  48.098793 
 3.038399  3.515459  1.974341  5.050402 
 5.177485  
 0.341418  0.297949  0.289148  0.316074   0.375481   0.460203   0.560022   0.662898   0.756422   0.829314   0.872783   0.881585   0.854658   0.795251   0.710529   0.610710   0.507835   0.414310 
 141.625870  
TUPLE  31.800991  
 75.326223  -44.525673  -63.598983  108.173038 1
 8.058374  -4.907636  -7.147563  11.837628 
 66.564439  -39.202250  -55.857521  95.329543 
 32.716263  -78.318184  9.106872  85.364085 2
 13.253107  -31.822877  4.019313  34.706119 
 20.129928  -48.091459  5.273161  52.401160 
 4.479745  
 0.318471  0.532692  0.803997  1.099663   1.384026   1.622790   1.787155   1.857297   1.824755   1.693455   1.479234   1.207928   0.912263   0.627900   0.389136   0.224771   0.154629   0.187171 
 122.188049  
TUPLE  31.355324  
 41.892187  13.196813  -45.446461  63.201994 1
 3.127573  1.125954  -3.552260  4.866982 
 39.004413  12.146399  -42.154346  58.701672 
 -12.079093  33.186101  -28.678142  45.493490 0
 -11.446146  31.447143  -27.175402  43.109848 
 0.000000  0.000000  0.000000  0.000000 
 0.969384  
 1.316144  1.256867  1.218040  1.204347   1.217438   1.255736   1.314620   1.386989   1.464114   1.536692   1.595969   1.634796   1.648489   1.635398   1.597100   1.538215   1.465846   1.388722 
 117.785736  
TUPLE  35.796818  
 23.903318  68.726355  82.624259  110.097450 1
 1.290468  4.135191  4.919773  6.556582 
 23.310865  66.598078  80.117237  106.759029 
 -37.581917  15.410267  49.520133  64.047798 1
 -17.473551  7.255126  23.084762  29.847739 
 -19.669332  7.975118  25.856874  33.452672 
 6.064896  
 1.397505  1.281048  1.195921  1.152391   1.155710   1.205476   1.295687   1.415462   1.550355   1.684096   1.800553   1.885679   1.929209   1.925890   1.876124   1.785913   1.666138   1.531245 
 122.308533  
TUPLE  0.305674  
 -70.169923  68.181157  -95.120223  136.456385 1
 -40.746065  39.219270  -55.376250  79.151383 
 -32.100518  31.562685  -43.372371  62.512615 
 -25.237398  -18.609902  -52.059791  60.773979 1
 -8.797631  -6.776814  -18.883212  21.907047 
 -20.801845  -15.049608  -42.174562  49.375291 
 5.172800  
 0.529070  0.509451  0.476688  0.434735   0.388651   0.343994   0.306151   0.279686   0.267792   0.271902   0.291521   0.324284   0.366237   0.412321   0.456978   0.494821   0.521286   0.533181 
 124.007851  
TUPLE  33.402683  
 58.313288  3.152373  -27.303046  64.465754 1
 9.567373  0.699556  -4.167146  10.459856 
 55.528174  2.819461  -26.311442  61.511281 
 -16.507295  27.818369  -6.195745  32.935386 0
 -16.513524  27.828867  -6.198083  32.948111 
 0.000000  0.000000  0.000000  0.000000 
 1.337818  
 1.716082  1.482857  1.210547  0.931995   0.680798   0.487256   0.374711   0.356739   0.435508   0.601515   0.834739   1.107050   1.385602   1.636798   1.830341   1.942885   1.960857   1.882089 
 147.168503  
TUPLE  33.718788  
 -37.837368  -98.429964  -337.890510  353.963446 0
 -35.700594  -92.871369  -318.808955  333.974239 
 0.000000  0.000000  0.000000  0.000000 
 -76.483907  -69.965725  -138.987446  173.385412 0
 -73.286886  -67.041163  -133.177782  166.137973 
 0.000000  0.000000  0.000000  0.000000 
 5.790044  
 0.345701  0.559248  0.783256  0.990706   1.156576   1.260861   1.290981   1.243304   1.123581   0.946251   0.732704   0.508696   0.301246   0.135376   0.031092   0.000971   0.048648   0.168372 
 128.123276  
TUPLE  0.008312  
 72.083310  -33.275792  -133.097001  154.977720 1
 71.368904  -32.292495  -131.228746  152.831048 
 5.560295  -3.220301  -10.815858  12.581265 
 -6.342170  -31.405857  -6.022546  32.600951 1
 -1.203011  -6.645546  -0.828025  6.805558 
 -5.979412  -28.921163  -5.992427  30.134937 
 2.504054  
 1.578845  1.558376  1.547823  1.548459   1.560208   1.581652   1.610205   1.642424   1.674421   1.702338   1.722807   1.733360   1.732724   1.720975   1.699531   1.670978   1.638759   1.606762 
 137.476212  
TUPLE  1.274791  
 -7.416950  -128.024819  131.712497  183.830213 1
 -0.209727  -8.644011  8.850637  12.374011 
 -7.440710  -123.410728  127.007865  177.247251 
 -50.962419  -43.628368  107.872335  127.031663 2
 -35.710238  -30.691661  76.054889  89.451466 
 -12.566279  -10.637338  26.132189  30.887351 
 1.766403  
 1.480255  1.660954  1.818579  1.934120   1.993640   1.989961   1.923525   1.802347   1.641042   1.459065   1.278367   1.120741   1.005200   0.945680   0.949360   1.015795   1.136974   1.298279 
 123.003525  
TUPLE  0.718627  
 31.316597  -43.164329  -60.261875  80.469759 1
 26.978879  -37.270691  -51.993912  69.428745 
 3.288913  -4.448052  -6.249772  8.347454 
 -18.962904  -45.947175  -215.826955  221.476881 1
 -3.913113  -10.230696  -48.079798  49.311926 
 -15.540000  -36.904254  -173.326462  177.891810 
 1.281080  
 1.931427  1.828515  1.623408  1.340845   1.014909   0.684911   0.390654   0.167629   0.042738   0.031043   0.133956   0.339063   0.621625   0.947562   1.277560   1.571817   1.794841   1.919732 
 109.090034  
TUPLE  31.800991  
 -44.429954  51.656579  324.578952  331.653312 1
 -29.631621  34.618609  216.490165  221.234021 
 -13.249410  15.237105  96.773218  98.857423 
 -39.650155  -49.864846  197.768505  207.776368 2
 -10.678438  -13.169292  53.397193  56.024450 
 -28.107988  -35.609322  140.063215  147.227239 
 0.202209  
 0.158138  0.178749  0.298695  0.503509   0.768487   1.061669   1.347693   1.592060   1.765296   1.846506   1.825895   1.705949   1.501135   1.236157   0.942975   0.656951   0.412584   0.239348 
 122.530830  
TUPLE  36.744804  
 34.603122  -75.276910  -42.752982  93.229859 0
 34.557407  -75.177460  -42.696500  93.106796 
 0.000000  0.000000  0.000000  0.000000 
 32.815736  32.224847  -58.924571  74.749036 1
 6.139822  6.388511  -11.520335  14.534376 
 27.996187  27.132837  -49.774943  63.226106 
 4.262382  
 1.200771  1.183052  1.105761  0.978219   0.815810   0.638123   0.466590   0.321900   0.221505   0.177514   0.195233   0.272524   0.400066   0.562475   0.740162   0.911695   1.056385   1.156780 
 159.244492  
TUPLE  53.569981  
 -12.493072  -93.956701  -32.668994  100.255681 0
 -11.892119  -89.437104  -31.097518  95.433187 
 0.000000  0.000000  0.000000  0.000000 
 -56.210640  6.863885  -20.291136  60.153796 1
 -52.166747  6.353890  -18.958792  55.867671 
 -3.732595  0.471987  -1.219971  3.957473 
 0.896495  
 0.127058  0.265942  0.434714  0.613016   0.779343   0.913633   0.999690   1.027133   0.992652   0.900407   0.761523   0.592752   0.414450   0.248123   0.113832   0.027776   0.000332   0.034813 
 132.594955  
TUPLE  33.718788  
 28.886750  62.668239  81.529384  106.811952 1
 23.458130  50.643421  65.901107  86.359802 
 5.456678  12.085685  15.707462  20.556793 
 40.373906  -12.877551  9.407105  43.409414 2
 18.428593  -6.021343  4.115260  19.819800 
 21.145727  -6.601174  5.105542  22.750786 
 0.384041  
 1.224825  0.879572  0.548621  0.271891   0.082758   0.004035   0.045218   0.201338   0.453566   0.771479   1.116732   1.447683   1.724414   1.913546   1.992269   1.951086   1.794966   1.542738 
 140.324615  
TUPLE  33.718788  
 -88.475600  11.714062  -46.511552  100.640328 1
 -6.009170  0.629824  -3.010834  6.752140 
 -83.002178  11.155171  -43.782360  94.502448 
 -3.108910  -45.191016  -24.865648  51.673917 3
 -3.119549  -45.345697  -24.950758  51.860716 
 0.000000  0.000000  0.000000  0.000000 
 2.561934  
 1.295667  1.447256  1.544161  1.574694   1.535172   1.430363   1.272907   1.081797   0.880082   0.692094   0.540505   0.443600   0.413067   0.452589   0.557398   0.714854   0.905964   1.107678 
 127.997215  
TUPLE  31.355324  
 -82.171815  -27.683329  -2.888147  86.757797 1
 -10.570402  -3.611863  -0.144945  11.172262 
 -74.547552  -25.064015  -2.846752  78.699838 
 -19.732492  -51.451166  -52.299893  75.972841 1
 -12.859182  -33.336824  -33.685003  49.106021 
 -7.335460  -19.319359  -19.839783  28.647544 
 4.719372  
 1.539307  1.428040  1.291034  1.144814   1.007015   0.894259   0.820146   0.793614   0.817864   0.889972   1.001238   1.138245   1.284465   1.422264   1.535020   1.609133   1.635665   1.611414 
 111.284554  
TUPLE  36.744804  
 -95.777297  9.340695  -376.896057  388.987374 2
 -10.763869  1.144145  -43.152976  44.490097 
 -83.782751  8.076521  -328.900215  339.499933 
 -18.746491  -40.235703  -74.016697  86.306513 1
 -13.880304  -29.664209  -55.172780  64.161384 
 -5.142899  -11.165404  -19.936462  23.422135 
 1.502200  
 1.311719  1.527265  1.688465  1.775875   1.778952   1.697325   1.540840   1.328370   1.085544   0.841649   0.626102   0.464903   0.377493   0.374416   0.456043   0.612528   0.824997   1.067824 
 119.345299  
TUPLE  31.800991  
 -87.893398  -96.721230  -13.532512  131.390162 1
 -15.496028  -16.718624  -2.379909  22.919920 
 -69.396419  -76.700249  -10.690562  103.986045 
 -6.308590  -79.126985  26.442294  83.666439 0
 -6.461323  -81.042672  27.082469  85.692141 
 0.000000  0.000000  0.000000  0.000000 
 0.355341  
 0.256001  0.173724  0.188341  0.298091   0.489736   0.740160   1.019158   1.293080   1.528886   1.698135   1.780413   1.765795   1.656045   1.464401   1.213977   0.934978   0.661056   0.425250 
 123.124168  
TUPLE  31.355324  
 -31.813808  75.590248  66.689740  105.704898 2
 -20.371197  48.244980  42.408591  67.387475 
 -10.930588  26.128689  23.207822  36.617783 
 -60.359166  28.868601  -22.773053  70.676990 1
 -49.508960  23.616751  -18.795058  57.984150 
 -27.466306  13.199045  -10.247033  32.150158 
 2.691451  
 1.337713  1.115963  0.861802  0.605887   0.379085   0.208750   0.115429   0.110376   0.194202   0.356796   0.578546   0.832707   1.088622   1.315424   1.485759   1.579080   1.584133   1.500307 
 136.692596  
TUPLE  0.874500  
 -59.356878  -13.828172  75.243033  96.829599 1
 -11.514368  -2.408315  14.496035  18.669096 
 -44.884880  -10.730825  56.997798  73.338736 
 -12.823533  -37.012136  167.186571  171.713979 1
 -1.928825  -5.309128  23.090900  23.772176 
 -11.492366  -33.428005  151.887616  155.946696 
 2.965114  
 1.852298  1.772249  1.591041  1.330529   1.022137   0.703059   0.411782   0.183438   0.045569   0.014804   0.094853   0.276061   0.536573   0.844965   1.164043   1.455320   1.683664   1.821533 
 114.214371  
TUPLE  31.699320  
 59.864969  -130.411854  111.485300  181.714166 0
 62.472638  -136.092487  116.341508  189.629537 
 0.000000  0.000000  0.000000  0.000000 
 -20.232406  -22.374657  -12.705311  32.732254 1
 -1.612719  -2.088753  -1.139506  2.877795 
 -19.316076  -21.055938  -12.003078  30.992828 
 2.743828  
 0.583008  0.673747  0.729173  0.742599   0.712407   0.642239   0.540556   0.419625   0.294031   0.178922   0.088183   0.032757   0.019330   0.049522   0.119691   0.221373   0.342304   0.467899 
 148.503830  
TUPLE  44.201973  
 121.523493  -34.252354  18.051967  127.542372 1
 35.522906  -10.343940  5.567033  37.415041 
 84.848528  -23.583697  12.313800  88.921940 
 19.965544  32.648504  25.834874  46.173461 1
 7.701708  12.184849  10.048935  17.572348 
 11.837578  19.766621  15.234373  27.621583 
 0.927590  
 0.017771  0.020603  0.113733  0.285929   0.516421   0.777408   1.037411   1.265071   1.432928   1.520736   1.517904   1.424774   1.252578   1.022086   0.761099   0.501096   0.273436   0.105579 
 134.792587  
TUPLE  31.800991  
 53.085879  -95.173867  64.418427  126.593481 2
 15.524620  -27.684766  18.420223  36.698558 
 34.305015  -61.651212  42.046831  82.132301 
 0.856048  -80.418491  103.010546  130.686798 1
 0.015032  -30.126197  38.220693  48.666507 
 0.836662  -49.883722  64.266494  81.358996 
 0.845840  
 1.882959  1.804391  1.704034  1.593992   1.487539   1.397515   1.334776   1.306892   1.317224   1.364527   1.443095   1.543452   1.653494   1.759947   1.849972   1.912710   1.940595   1.930263 
 107.882805  
TUPLE  31.355324  
 -36.934578  40.665127  40.287583  68.124188 1
 -31.867092  34.990645  34.597656  58.624859 
 -3.714800  4.185165  4.214437  7.006785 
 10.125756  33.006545  -16.933499  38.453951 1
 8.508533  28.194299  -14.689492  32.910702 
 1.395639  4.089950  -1.873444  4.712061 
 5.987075  
 0.319683  0.368172  0.489654  0.669477   0.885953   1.112971   1.323148   1.491136   1.596671   1.627025   1.578536   1.457054   1.277231   1.060755   0.833737   0.623560   0.455572   0.350037 
 103.112549  
TUPLE  36.744804  
 -2.600412  -79.640549  96.289606  124.984269 1
 -0.617745  -31.998934  38.967284  50.426006 
 -1.883129  -44.593252  53.636694  69.778346 
 28.129807  -17.060902  9.941082  34.368379 3
 27.805025  -16.863920  9.826303  33.996315 
 0.000000  0.000000  0.000000  0.000000 
 0.938347  
 0.893379  0.657181  0.479304  0.381201   0.374705   0.460600   0.628526   0.858227   1.122000   1.388029   1.624227   1.802104   1.900207   1.906703   1.820808   1.652882   1.423181   1.159408 
 109.419617  
TUPLE  31.355324  
 -29.216393  54.493172  -188.198200  198.095094 1
 -2.487515  4.703605  -15.772410  16.646321 
 -27.372981  50.990909  -176.574756  185.817156 
 -38.932459  -31.163462  -86.456889  99.808273 1
 -12.758665  -10.570865  -29.348075  33.702459 
 -19.916156  -15.583648  -43.212470  50.068345 
 3.703836  
 1.680433  1.561582  1.395616  1.202552   1.005678   0.828739   0.693076   0.615053   0.604080   0.661481   0.780332   0.946298   1.139361   1.336235   1.513174   1.648837   1.726860   1.737833 
 121.225258  
TUPLE  33.402683  
 31.370571  -61.981843  89.588908  113.366812 1
 9.101674  -18.649334  26.974654  34.033653 
 24.658900  -48.054665  69.439691  87.972729 
 -21.890291  -26.798932  4.141942  34.850011 0
 -21.676908  -26.537700  4.101567  34.510581 
 0.000000  0.000000  0.000000  0.000000 
 5.110156  
 0.287475  0.099418  0.019425  0.057142   0.208021   0.453864   0.765018   1.103954   1.429790   1.703227   1.891283   1.971277   1.933560   1.782680   1.536838   1.225683   0.886748   0.560911 
 125.687088  
TUPLE  33.402683  
 -59.885882  61.420021  -136.161798  160.930958 0
 -56.736639  58.190102  -129.001404  152.468081 
 0.000000  0.000000  0.000000  0.000000 
 20.705481  49.915168  -40.039720  67.256376 1
 16.560125  41.289537  -32.941476  55.355433 
 2.008232  3.473615  -2.965528  4.991149 
 2.187678  
 0.893707  0.874008  0.805069  0.695204   0.557665   0.409041   0.267259   0.149419   0.069734   0.037817   0.057516   0.126455   0.236320   0.373859   0.522483   0.664265   0.782105   0.861790 
 122.374763  
TUPLE  31.800991  
 -19.520959  -107.632375  -127.717243  168.159122 1
 -1.189975  -6.867519  -8.058882  10.655699 
 -18.607874  -102.291560  -121.469953  159.889912 
 -39.860936  -38.400733  -9.686353  56.190177 3
 -39.607225  -38.156311  -9.624700  55.840805 
 0.000000  0.000000  0.000000  0.000000 
 6.024321  
 0.875082  0.949930  0.977552  0.954616   0.883889   0.773902   0.637920   0.492345   0.354736   0.241690   0.166842   0.139221   0.162156   0.232883   0.342871   0.478852   0.624427   0.762036 
 125.079346  
TUPLE  35.796818  
 -21.429018  -36.991531  -32.117826  53.470842 0
 -21.588743  -37.267253  -32.357221  53.869576 
 0.000000  0.000000  0.000000  0.000000 
 30.085524  -17.364117  9.493586  36.010824 1
 23.353996  -13.265886  7.427164  27.867097 
 7.484448  -4.532785  2.304008  9.049297 
 4.433238  
 0.235207  0.120531  0.099756  0.175388   0.338306   0.568858   0.839236   1.116830   1.368157   1.562904   1.677580   1.698355   1.622723   1.459806   1.229254   0.958875   0.681281   0.429954 
 99.713417  
TUPLE  35.796818  
 -26.384820  -35.667129  -44.660245  62.951094 1
 -13.738624  -18.210376  -23.165054  32.511641 
 -13.324560  -18.373771  -22.643422  32.060601 
 -40.549334  6.158824  0.351786  41.015891 1
 -27.239325  4.330530  0.373560  27.584295 
 -14.261736  1.972851  -0.013518  14.398182 
 4.325016  
 0.309579  0.521932  0.787186  1.073345   1.345897   1.571965   1.724285   1.784483   1.745298   1.611458   1.399105   1.133851   0.847692   0.575140   0.349072   0.196752   0.136554   0.175739 
 118.422668  
TUPLE  33.402683  
 26.550983  44.500942  -3.442529  51.933992 3
 26.583624  44.555651  -3.446761  52.010658 
 0.000000  0.000000  0.000000  0.000000 
 27.278426  -29.598259  -7.458264  40.936477 1
 19.730967  -21.717194  -5.560392  29.864444 
 7.932141  -8.298460  -2.003049  11.653914 
 2.817120  
 1.547329  1.735920  1.826884  1.809251   1.685148   1.469542   1.188440   0.875746   0.569176   0.305706   0.117116   0.026151   0.043784   0.167887   0.383493   0.664595   0.977289   1.283859 
 101.487556  
TUPLE  31.800991  
 -94.241059  -24.701244  144.473043  174.252658 1
 -38.537595  -10.090223  59.567621  71.660867 
 -60.648879  -15.907238  92.486821  111.736999 
 3.045670  -48.858069  73.969687  88.701193 2
 0.318434  -4.681626  7.436469  8.794292 
 2.891061  -46.804494  70.512013  84.696070 
 6.133474  
 1.220085  1.516197  1.758431  1.917568   1.974415   1.922115   1.766976   1.527711   1.233177   0.918901   0.622788   0.380554   0.221417   0.164570   0.216870   0.372009   0.611275   0.905808 
 129.711884  
TUPLE  36.744804  
 -34.062858  90.798142  137.235696  168.042308 2
 -9.961003  25.930027  39.716744  48.466763 
 -24.881651  66.946749  100.660670  123.424499 
 9.290809  43.366459  143.233864  149.943018 1
 4.538283  22.995386  75.842259  79.381682 
 5.469937  23.719706  78.451705  82.141541 
 5.832687  
 0.588804  0.714559  0.899012  1.119914   1.350623   1.563310   1.732323   1.837277   1.865511   1.813622   1.687867   1.503414   1.282511   1.051803   0.839116   0.670102   0.565149   0.536914 
 97.425713  
TUPLE  35.796818  
 88.401121  -2.641526  -23.793394  91.585269 2
 24.907027  -0.500495  -6.710225  25.800331 
 60.296327  -2.045478  -16.222480  62.474576 
 16.887889  86.407859  17.782734  89.820625 1
 11.477565  57.201233  12.087056  59.580466 
 5.223079  28.248567  5.498510  29.249169 
 1.789795  
 1.026674  1.357662  1.645520  1.855530   1.962361   1.953127   1.828943   1.604787   1.307695   0.973501   0.642513   0.354655   0.144645   0.037814   0.047047   0.171232   0.395388   0.692480 
 132.731400  
TUPLE  31.800991  
 -12.444298  -63.747139  15.603377  66.798381 0
 -12.284815  -62.930174  15.403408  65.942459 
 0.000000  0.000000  0.000000  0.000000 
 -22.313740  -38.454145  57.705031  72.845692 1
 -15.713894  -27.352123  40.958688  51.698150 
 -8.075013  -13.644235  20.561237  25.964469 
 3.012133  
 1.981289  1.975504  1.861736  1.653707   1.376508   1.063573   0.752647   0.481233   0.282066   0.179170   0.184954   0.298722   0.506751   0.783951   1.096885   1.407811   1.679225   1.878392 
 104.790459  
TUPLE  35.796818  
 -42.699440  -42.303857  -136.738770  149.366495 2
 -30.321426  -30.218843  -98.066194  107.002641 
 -12.860195  -12.562728  -40.216685  44.054934 
 -34.324470  36.845811  -124.698652  134.482478 1
 -29.533247  31.558507  -106.932657  115.337612 
 -5.922793  6.501995  -21.876925  23.579090 
 2.246581  
 1.941774  1.793229  1.552478  1.248557   0.918126   0.601037   0.335538   0.153651   0.077314   0.115734   0.264279   0.505030   0.808951   1.139382   1.456471   1.721970   1.903857   1.980194 
 146.080322  
TUPLE  31.699320  
 -42.685682  13.802011  -67.392095  80.958369 0
 -42.060058  13.599721  -66.404361  79.771921 
 0.000000  0.000000  0.000000  0.000000 
 6.968211  29.515539  -42.819737  52.471449 1
 6.029130  25.493051  -36.615045  45.021407 
 1.092885  4.673967  -7.149828  8.612701 
 4.399771  
 0.268234  0.272700  0.299797  0.346255   0.406473   0.473186   0.538348   0.594099   0.633716   0.652419   0.647953   0.620856   0.574398   0.514180   0.447467   0.382305   0.326554   0.286937 
 100.842697  
TUPLE  0.305674  
 72.226685  -21.786826  14.355649  76.794820 1
 32.488295  -10.132224  6.688913  34.683026 
 39.484160  -11.577916  7.616204  41.845810 
 -1.529602  -51.439986  44.549249  68.066492 0
 -1.500600  -50.464667  43.704581  66.776075 
 0.000000  0.000000  0.000000  0.000000 
 0.427739  
 0.618589  0.683606  0.819058  1.008607   1.229390   1.454778   1.657586   1.813352   1.903289   1.916548   1.851530   1.716078   1.526530   1.305746   1.080358   0.877550   0.721784   0.631848 
 122.176346  
TUPLE  31.800991  
 -137.001532  119.723830  -185.176250  259.602502 1
 -9.489242  8.226649  -12.646279  17.823337 
 -125.863218  110.056060  -170.301005  238.655267 
 -81.489692  -19.754181  -67.427314  107.597585 1
 -55.816368  -13.648502  -46.323068  73.807822 
 -26.309714  -6.259954  -21.630820  34.630892 
 0.134532  
 0.169140  0.247812  0.390191  0.579105   0.791767   1.002527   1.185964   1.319954   1.388335   1.382858   1.304186   1.161807   0.972893   0.760231   0.549471   0.366034   0.232044   0.163663 
 148.718750  
TUPLE  33.718788  
 45.570261  60.676776  14.106513  77.183635 3
 43.298659  57.652138  13.403326  73.347378 
 0.000000  0.000000  0.000000  0.000000 
 -30.771649  1.486264  19.050831  36.222059 1
 -20.254342  1.148058  12.908169  24.045722 
 -9.338714  0.280814  5.411985  10.798067 
 3.224000  
 0.964181  1.146727  1.282053  1.353838   1.353422   1.280856   1.144893   0.961931   0.754039   0.546291   0.363745   0.228419   0.156635   0.157051   0.229616   0.365580   0.548541   0.756433 
 128.533646  
TUPLE  30.820377  
 47.629111  -26.467672  -172.346844  180.755372 1
 14.759612  -8.314881  -51.889565  54.585069 
 32.350761  -17.864526  -118.580219  124.205473 
 16.875761  46.048476  -139.744674  148.100734 1
 10.175763  27.871667  -85.266074  90.281221 
 7.066173  19.175984  -57.510821  61.034105 
 0.262762  
 0.071049  0.141505  0.227358  0.318253   0.403227   0.472030   0.516365   0.530883   0.513834   0.467273   0.396817   0.310964   0.220069   0.135095   0.066292   0.021957   0.007439   0.024489 
 134.219772  
TUPLE  44.201973  
 -38.766609  25.231490  -37.621001  59.622292 0
 -35.757771  23.273169  -34.701078  54.994935 
 0.000000  0.000000  0.000000  0.000000 
 7.204229  -40.048309  -31.541909  51.484561 1
 3.299543  -18.198018  -13.947523  23.164795 
 3.942962  -22.063161  -17.762274  28.598018 
 6.097522  
 0.533088  0.477592  0.413645  0.348961   0.291341   0.247735   0.223403   0.221279   0.241620   0.281972   0.337468   0.401415   0.466099   0.523719   0.567325   0.591657   0.593781   0.573440 
 128.365646  
TUPLE  31.800991  
 58.689701  -39.674443  -16.543915  72.747808 2
 11.575424  -7.736360  -3.420129  14.337311 
 55.181754  -37.391726  -15.397910  68.412978 
 -25.766013  -43.108476  33.427364  60.329237 1
 -5.085566  -7.814481  6.023223  11.100801 
 -20.527894  -35.038762  27.206228  48.880532 
 0.075413  
 0.788696  1.043050  1.305817  1.545304   1.732625   1.845186   1.869411   1.802378   1.652172   1.436910   1.182556   0.919789   0.680302   0.492981   0.380420   0.356195   0.423228   0.573434 
 118.920929  
TUPLE  36.744804  
 5.189721  -71.083131  -55.701704  90.456755 3
 5.232879  -71.674242  -56.164907  91.214920 
 0.000000  0.000000  0.000000  0.000000 
 14.604430  -62.317090  45.750520  78.675404 1
 7.284944  -31.098519  22.251531  38.927348 
 5.484785  -23.389891  17.751511  29.871462 
 1.783401  
 1.014888  1.083659  1.181107  1.295478   1.412978   1.519435   1.602007   1.650736   1.659744   1.627945   1.559174   1.461726   1.347354   1.229854   1.123398   1.040826   0.992097   0.983089 
 124.113159  
TUPLE  33.718788  
 2.104362  78.737306  -71.116886  106.120701 0
 2.060672  77.102601  -69.640392  103.917568 
 0.000000  0.000000  0.000000  0.000000 
 70.179495  14.387355  -79.433737  106.966706 0
 69.661870  14.281238  -78.847855  106.177840 
 0.000000  0.000000  0.000000  0.000000 
 1.309212  
 0.521887  0.805041  1.093584  1.352714   1.551176   1.665032   1.680550   1.595858   1.421171   1.177559   0.894405   0.605861   0.346731   0.148270   0.034413   0.018896   0.103588   0.278275 
 118.482552  
TUPLE  35.796818  
 -95.737212  -73.408672  30.316706  124.392723 3
 -96.975135  -74.357865  30.708711  126.007265 
 0.000000  0.000000  0.000000  0.000000 
 9.568744  -39.631952  -5.890581  41.194070 1
 8.562607  -36.466831  -4.678499  37.749912 
 3.919511  -15.231769  -3.005573  16.013153 
 4.456153  
 0.138879  0.148949  0.250395  0.430982   0.668927   0.935531   1.198638   1.426513   1.591671   1.674192   1.664122   1.562676   1.382090   1.144145   0.877540   0.614433   0.386558   0.221400 
 104.780472  
TUPLE  33.718788  
 212.977728  -81.639326  201.440238  304.306854 1
 110.732343  -42.676790  104.806519  158.326833 
 89.971501  -34.257670  85.024734  128.443305 
 97.284099  -94.893854  238.021066  274.085875 2
 45.352562  -44.911757  111.734653  128.680119 
 50.922387  -48.997739  123.817380  142.564667 
 1.848615  
 0.299391  0.232920  0.168867  0.114959   0.077696   0.061575   0.068538   0.097747   0.145677   0.206549   0.273020   0.337073   0.390981   0.428244   0.444365   0.437402   0.408193   0.360262 
 132.166153  
TUPLE  33.402683  
 -43.251483  -7.699220  19.634416  48.119425 0
 -40.253380  -7.165526  18.273399  44.784104 
 0.000000  0.000000  0.000000  0.000000 
 -7.437317  30.631689  51.475964  60.360491 1
 -1.342471  6.367432  10.666681  12.495759 
 -5.587762  22.175760  37.299601  43.752324 
 2.006597  
 0.915596  1.122770  1.299014  1.423072   1.479980   1.462874   1.373818   1.223552   1.030202   0.817088   0.609915   0.433671   0.309613   0.252705   0.269811   0.358867   0.509132   0.702482 
 93.212440  
TUPLE  36.744804  
 95.516818  -6.933988  -41.075456  104.205258 3
 95.571771  -6.937977  -41.099088  104.273521 
 0.000000  0.000000  0.000000  0.000000 
 28.881339  38.689297  2.830043  48.363236 1
 7.286950  10.328544  0.814304  12.667321 
 21.690315  28.489255  2.025139  35.864004 
 4.686996  
 0.124536  0.189973  0.327032  0.519182   0.743247   0.972202   1.178431   1.337060   1.428956   1.443035   1.377598   1.240539   1.048389   0.824323   0.595369   0.389140   0.230511   0.138615 
 126.803848  
TUPLE  44.201973  
 15.556581  -47.796178  5.273943  50.540047 1
 9.797949  -30.029954  3.110118  31.740987 
 6.147312  -18.960413  2.295595  20.064264 
 -35.637871  -9.824520  31.107521  48.314148 1
 -25.929047  -7.223228  22.573939  35.129656 
 -9.235859  -2.470910  8.120741  12.544766 
 1.601720  
 0.535332  0.573707  0.683596  0.851745   1.057872   1.277115   1.483031   1.650782   1.760136   1.797904   1.759528   1.649639   1.481491   1.275364   1.056120   0.850205   0.682453   0.573099 
 109.142700  
TUPLE  33.402683  
 -31.033544  -28.963560  3.484535  42.592378 1
 -15.524409  -14.779166  1.592798  21.493894 
 -20.895863  -19.211813  2.496573  28.495297 
 -21.478732  29.333202  -3.814698  36.555773 3
 -21.381901  29.200956  -3.797500  36.409373 
 0.000000  0.000000  0.000000  0.000000 
 6.163966  
 0.449418  0.682291  0.915153  1.119915   1.271882   1.352723   1.352687   1.271780   1.119760   0.914962   0.682088   0.449227   0.244464   0.092498   0.011657   0.011692   0.092599   0.244620 
 110.553375  
TUPLE  33.402683  
 -86.601810  42.484266  -57.702582  112.402733 1
 -25.272450  12.757839  -16.682198  32.859921 
 -60.646070  29.391229  -40.565113  78.659626 
 17.668686  30.917775  2.220885  35.679457 3
 17.705783  30.982691  2.225548  35.779610 
 0.000000  0.000000  0.000000  0.000000 
 4.728031  
 0.971806  1.189810  1.399057  1.574310   1.694430   1.744928   1.719714   1.621830   1.463081   1.262614   1.044610   0.835363   0.660110   0.539990   0.489492   0.514706   0.612590   0.771339 
 125.635475  
TUPLE  33.402683  
 54.410663  15.010186  71.275144  90.917391 0
 54.477585  15.028648  71.362808  91.029322 
 0.000000  0.000000  0.000000  0.000000 
 2.887409  33.286227  148.817107  152.521609 1
 1.554833  14.780055  65.487092  67.152410 
 1.444411  19.795410  89.093994  91.278160 
 1.307371  
 1.246080  1.436539  1.626347  1.792613   1.915280   1.979554   1.977682   1.909891   1.784356   1.616219   1.425760   1.235951   1.069686   0.947019   0.882745   0.884617   0.952408   1.077943 
 115.726280  
TUPLE  31.355324  
 -110.005393  -69.394347  -118.015526  175.625814 0
 -106.626829  -67.263058  -114.390949  170.231925 
 0.000000  0.000000  0.000000  0.000000 
 -61.296500  34.544326  -96.770924  119.646074 0
 -62.345558  35.135534  -98.427107  121.693834 
 0.000000  0.000000  0.000000  0.000000 
 2.397860  
 0.349058  0.514907  0.705260  0.897158   1.067455   1.195611   1.266168   1.270616   1.208419   1.087078   0.921229   0.730875   0.538977   0.368680   0.240525   0.169968   0.165520   0.227717 
 121.096642  
TUPLE  31.800991  
 -1.577254  -61.384400  -8.828216  62.036035 0
 -1.605584  -62.486954  -8.986783  63.150448 
 0.000000  0.000000  0.000000  0.000000 
 35.282970  29.247429  -7.788649  46.486161 0
 34.632453  28.708190  -7.645049  45.629302 
 0.000000  0.000000  0.000000  0.000000 
 3.013881  
 1.359410  1.430079  1.415041  1.316110   1.145219   0.922979   0.676197   0.434638   0.227437   0.079586   0.008917   0.023955   0.122886   0.293777   0.516017   0.762799   1.004358   1.211559 
 136.420502  
TUPLE  31.355324  
 110.632150  14.891133  180.037431  211.836482 1
 20.543867  2.574148  33.794991  39.633289 
 91.254527  12.473962  148.140330  174.437852 
 48.249258  71.839485  119.506631  147.549102 2
 22.531053  34.145173  56.626734  69.858053 
 24.330631  35.628321  59.443067  73.450038 
 5.965222  
 1.607137  1.806137  1.942172  1.998834   1.969289   1.857100   1.675799   1.447254   1.199030   0.961068   0.762068   0.626033   0.569371   0.598916   0.711105   0.892406   1.120951   1.369174 
 117.276474  
TUPLE  33.718788  
 -64.832465  -16.449203  -68.233038  95.548795 1
 -9.220588  -2.612378  -9.823769  13.724784 
 -56.018661  -13.940039  -58.837393  82.427375 
 -31.818301  35.772398  -25.930509  54.446855 3
 -31.772367  35.720757  -25.893075  54.380518 
 0.000000  0.000000  0.000000  0.000000 
 1.785787  
 1.677254  1.867156  1.949578  1.914581   1.766383   1.522862   1.213387   0.875288   0.549344   0.274868   0.084966   0.002543   0.037541   0.185738   0.429260   0.738734   1.076833   1.402778 
 111.305428  
TUPLE  33.402683  
 -111.347483  49.347403  3.507851  121.843068 0
 -107.858677  47.801221  3.397941  118.025490 
 0.000000  0.000000  0.000000  0.000000 
 -81.501899  -33.420286  44.926454  98.883069 0
 -75.600721  -31.000476  41.673536  91.723506 
 0.000000  0.000000  0.000000  0.000000 
 3.272874  
 0.769967  0.534272  0.317311  0.145253   0.038853   0.010942   0.064887   0.194182   0.383232   0.609234   0.844930   1.061891   1.233948   1.340349   1.368260   1.314315   1.185020   0.995970 
 123.456299  
TUPLE  36.744804  
 121.248028  52.613024  -79.038913  154.001183 2
 19.624522  8.475192  -12.967155  25.002347 
 103.665031  45.023710  -67.402583  131.614864 
 81.262616  -40.615043  -36.558261  97.927018 1
 41.419067  -20.791660  -18.929248  50.061643 
 41.055661  -20.429195  -18.174316  49.327916 
 2.936572  
 0.768542  1.050623  1.320713  1.546236   1.699990   1.763429   1.728904   1.600576   1.393926   1.133877   0.851796   0.581706   0.356183   0.202430   0.138990   0.173515   0.301843   0.508493 
 128.812088  
TUPLE  33.718788  
 -35.649414  69.808564  273.252294  284.272637 1
 -23.170314  44.097932  173.598836  180.604724 
 -12.092520  24.953627  96.690318  100.588013 
 -33.117552  -7.026716  99.212426  104.829636 1
 -29.364282  -6.215172  88.249439  93.214121 
 -6.390050  -1.371002  18.862164  19.962761 
 5.084438  
 1.156965  0.831757  0.530995  0.290956   0.140592   0.098040   0.168431   0.343276   0.601486   0.911916   1.237125   1.537887   1.777926   1.928290   1.970842   1.900451   1.725606   1.467396 
 106.619827  
TUPLE  33.718788  
 27.473642  -61.671595  -20.066876  70.433416 1
 3.182398  -6.825716  -2.106522  7.821443 
 25.335183  -57.189269  -18.722853  65.292016 
 -36.444375  -1.125756  -19.239280  41.226323 0
 -36.275608  -1.120543  -19.150187  41.035649 
 0.000000  0.000000  0.000000  0.000000 
 5.293739  
 1.252418  1.331565  1.345191  1.291653   1.177409   1.016238   0.827580   0.634190   0.459393   0.324272   0.245126   0.231500   0.285037   0.399281   0.560452   0.749110   0.942501   1.117298 
 115.730400  
TUPLE  35.796818  
 -91.190531  -56.521932  498.495208  509.909712 1
 -36.471325  -23.055241  200.091002  204.690327 
 -56.639441  -34.656901  308.901270  315.957497 
 -103.827953  26.729586  487.232082  498.888581 0
 -118.670756  30.550734  556.884712  570.207592 
 0.000000  0.000000  0.000000  0.000000 
 0.086425  
 1.765678  1.827646  1.850329  1.830990   1.771962   1.680365   1.567246   1.446250   1.331970   1.238191   1.176222   1.153540   1.172879   1.231907   1.323504   1.436622   1.557619   1.671898 
 132.840225  
TUPLE  33.718788  
 -11.362074  45.086767  -18.630599  50.090044 3
 -11.325242  44.940612  -18.570205  49.939482 
 0.000000  0.000000  0.000000  0.000000 
 27.823282  -12.801806  -14.027187  33.686544 1
 17.398394  -8.311589  -9.006293  21.281904 
 9.949820  -4.271632  -4.781387  11.837467 
 5.396431  
 0.620039  0.353067  0.169525  0.091553   0.128554   0.276066   0.516297   0.820271   1.151325   1.469528   1.736500   1.920042   1.998014   1.961013   1.813501   1.573270   1.269296   0.938242 
 133.683746  
TUPLE  36.744804  
 54.737655  80.135520  -172.394221  197.832454 3
 55.133259  80.714682  -173.640169  199.266029 
 0.000000  0.000000  0.000000  0.000000 
 62.511644  22.988530  -18.899607  69.234192 1
 45.141094  16.559966  -13.327951  49.895938 
 17.383936  6.433486  -5.575703  19.357109 
 5.739851  
 0.984613  0.724279  0.516554  0.386494   0.349785   0.410855   0.562338   0.785964   1.054759   1.336302   1.596637   1.804361   1.934422   1.971131   1.910060   1.758577   1.534952   1.266157 
 148.789810  
TUPLE  0.028151  
 88.967607  2.075125  212.883004  230.735161 3
 91.051948  2.123741  217.870453  236.143154 
 0.000000  0.000000  0.000000  0.000000 
 9.927132  -30.394505  37.339132  49.158770 1
 8.633008  -27.355293  32.622116  43.440336 
 2.635145  -7.145103  9.761031  12.381132 
 1.091912  
 1.746886  1.484821  1.168716  0.836697   0.528811   0.282194   0.126591   0.080771   0.150259   0.326675   0.588740   0.904846   1.236865   1.544751   1.791368   1.946970   1.992791   1.923303 
 101.464706  
TUPLE  36.744804  
 -43.484065  48.804588  57.712552  87.197996 0
 -43.104714  48.378821  57.209073  86.437400 
 0.000000  0.000000  0.000000  0.000000 
 -56.209669  -26.854541  15.385218  64.166956 1
 -47.691376  -22.525750  12.630031  54.234804 
 -13.038467  -6.488327  3.992409  15.101574 
 1.713758  
 1.321775  1.076522  0.817870  0.577016   0.383010   0.259253   0.220671   0.271919   0.406813   0.609086   0.854338   1.112990   1.353844   1.547850   1.671607   1.710189   1.658942   1.524047 
 107.760468  
TUPLE  35.796818  
 -102.143705  91.336263  138.497471  194.826074 1
 -6.725891  6.089348  9.163989  12.896354 
 -100.556276  89.841682  136.300751  191.731597 
 -45.485051  -22.359629  15.672946  53.051712 2
 -3.111079  -1.698057  1.241078  3.757920 
 -42.982335  -20.960636  14.641493  50.012754 
 1.559108  
 0.511504  0.733390  0.955875  1.152123   1.298466   1.377250   1.378975   1.303431   1.159731   0.965207   0.743321   0.520836   0.324587   0.178245   0.099460   0.097736   0.173280   0.316980 
 130.131973  
TUPLE  31.800991  
 -43.931951  66.707763  110.226453  136.124256 2
 -21.030092  31.544454  52.309049  64.603200 
 -21.223948  32.615516  53.707478  66.347255 
 -48.444735  -0.974276  183.368246  189.662214 1
 -12.522134  -0.129028  47.017053  48.656379 
 -28.819055  -0.702393  109.463551  113.195930 
 5.771604  
 1.626584  1.696302  1.683934  1.590974   1.428633   1.216492   0.980139   0.748080   0.548307   0.404914   0.335197   0.347564   0.440525   0.602866   0.815006   1.051360   1.283418   1.483191 
 120.570984  
TUPLE  35.796818  
 46.537586  -61.725292  -52.726404  93.572605 0
 45.445366  -60.276623  -51.488935  91.376597 
 0.000000  0.000000  0.000000  0.000000 
 10.728511  -60.288813  -107.519567  123.734794 1
 5.782458  -31.887442  -57.155627  65.704117 
 3.279878  -19.038314  -33.665786  38.815183 
 2.036605  
 0.512648  0.728140  0.985410  1.253428   1.499866   1.695001   1.815296   1.846242   1.784106   1.636384   1.420891   1.163621   0.895604   0.649165   0.454031   0.333736   0.302790   0.364925 
 129.663895  
TUPLE  33.718788  
 61.996540  -56.195248  -218.116357  233.615543 1
 13.758265  -12.712073  -48.530443  52.020284 
 43.767972  -39.431156  -153.858482  164.751031 
 65.381370  -12.174033  -97.310276  117.865264 0
 96.945991  -18.051376  -144.289438  174.767957 
 0.000000  0.000000  0.000000  0.000000 
 3.339189  
 0.914771  1.256661  1.566383  1.806579   1.948280   1.974394   1.881770   1.681581   1.397973   1.065152   0.723262   0.413541   0.173344   0.031643   0.005530   0.098153   0.298342   0.581951 
 109.887230  
TUPLE  36.744804  
 -61.097757  46.174489  -30.041985  82.265060 1
 -5.656981  4.528806  -2.840433  7.784540 
 -53.765935  40.379927  -26.378027  72.229722 
 38.218854  44.227419  -17.091230  60.900374 1
 17.938029  21.123222  -7.833556  28.798394 
 18.396734  20.923899  -8.415121  29.104670 
 0.904478  
 1.729857  1.652999  1.579398  1.517932   1.476014   1.458701   1.468081   1.503022   1.559309   1.630155   1.707013   1.780614   1.842080   1.883998   1.901311   1.891931   1.856991   1.800703 
 123.908485  
TUPLE  0.028151  
 56.684733  -20.512644  -51.758383  79.453494 0
 55.505411  -20.085880  -50.681553  77.800595 
 0.000000  0.000000  0.000000  0.000000 
 10.703973  28.390021  0.767639  30.350578 0
 10.438159  27.685004  0.748576  29.597203 
 0.000000  0.000000  0.000000  0.000000 
 5.772130  
 1.149914  1.394982  1.600395  1.741376   1.800922   1.771849   1.657666   1.472144   1.237659   0.982494   0.737426   0.532014   0.391032   0.331487   0.360559   0.474742   0.660265   0.894750 
 112.228889  
TUPLE  36.744804  
 16.215161  -55.976039  40.261427  70.832414 1
 2.895152  -9.688108  7.257573  12.447216 
 14.897172  -51.732419  36.919869  65.278357 
 33.350382  2.066680  77.732806  84.610332 1
 9.200762  0.855660  21.011062  22.953657 
 24.977761  1.262339  58.651965  63.761691 
 2.777258  
 1.943554  1.834984  1.625586  1.340617   1.014448   0.686419   0.396096   0.178497   0.059866   0.054512   0.163082   0.372479   0.657448   0.983618   1.311646   1.601969   1.819569   1.938200 
 113.573647  
TUPLE  44.201973  
 -13.676631  49.931309  1.907553  51.805643 1
 -11.043775  38.931246  1.579187  40.498397 
 -3.234717  13.197364  0.412311  13.594927 
 43.007607  0.780433  77.705253  88.816494 1
 11.075194  0.380777  19.586378  22.504457 
 29.372888  0.353210  53.494379  61.029158 
 0.226397  
 0.929601  1.249060  1.547626  1.789288   1.944898   1.995687   1.935529   1.771680   1.523903   1.222083   0.902624   0.604058   0.362395   0.206785   0.155996   0.216154   0.380003   0.627781 
 137.619934  
TUPLE  35.796818  
 39.555705  13.960223  -54.474197  68.753035 1
 3.960417  1.519089  -5.274831  6.770219 
 36.020165  12.591084  -49.784487  62.725601 
 14.334378  -33.846354  -37.408526  52.444713 0
 13.787836  -32.555860  -35.982214  50.445294 
 0.000000  0.000000  0.000000  0.000000 
 2.546423  
 1.052847  0.838981  0.678281  0.590130   0.585160   0.663971   0.817057   1.025953   1.265464   1.506700   1.720566   1.881266   1.969417   1.974387   1.895576   1.742491   1.533594   1.294084 
 112.367516  
TUPLE  33.402683  
 -65.876878  1.289220  289.094686  296.508284 0
 -64.799514  1.268135  284.366772  291.659160 
 0.000000  0.000000  0.000000  0.000000 
 -16.488656  -52.271134  100.647669  114.604104 0
 -16.883728  -53.523562  103.059209  117.350126 
 0.000000  0.000000  0.000000  0.000000 
 0.065082  
 0.799927  0.835715  0.874099  0.910449   0.940380   0.960283   0.967758   0.961901   0.943420   0.914545   0.878757   0.840373   0.804023   0.774091   0.754188   0.746714   0.752570   0.771051 
 109.557335  
TUPLE  33.402683  
 -30.449908  52.091325  141.975353  154.265044 1
 -5.684594  9.665559  25.948747  28.268261 
 -26.063347  44.646342  122.078809  132.573934 
 24.245520  24.399151  202.535651  205.435766 1
 9.561171  9.439291  78.492892  79.634601 
 15.132973  15.411327  127.790345  129.602880 
 0.272195  
 1.793588  1.647459  1.462076  1.259800   1.065028   0.901252   0.788226   0.739583   0.761190   0.850441   0.996570   1.181953   1.384229   1.579001   1.742777   1.855802   1.904445   1.882839 
 119.094009  
TUPLE  31.800991  
 171.289456  -59.346998  -177.665448  253.825048 1
 59.771374  -20.398487  -62.205410  88.646759 
 109.252284  -38.163478  -113.109898  161.822062 
 30.856442  -42.592910  -86.346892  101.104212 1
 10.274686  -14.793640  -29.939452  34.940109 
 23.767372  -32.196558  -65.321891  76.605965 
 5.010662  
 0.568535  0.300075  0.112651  0.028868   0.058832   0.198929   0.432261   0.730685   1.058206   1.375321   1.643781   1.831206   1.914989   1.885025   1.744928   1.511596   1.213172   0.885650 
 109.362579  
TUPLE  33.402683  
 1.128452  -94.071115  -10.068863  94.615168 2
 0.213057  -19.767414  -2.584720  19.937310 
 0.931497  -75.646422  -7.627861  76.060039 
 -51.175757  -59.127599  14.096068  79.458984 1
 -17.235486  -19.738389  4.522375  26.592054 
 -31.463456  -36.527538  8.891468  49.023327 
 0.156985  
 0.080623  0.035167  0.016009  0.025461   0.062381   0.122318   0.198041   0.280418   0.359512   0.425783   0.471239   0.490397   0.480945   0.444025   0.384088   0.308365   0.225989   0.146895 
 107.533546  
TUPLE  31.800991  
 21.341518  -42.084792  -44.586032  64.919214 1
 10.511165  -20.954656  -21.837463  32.038672 
 9.466437  -18.440537  -19.899119  28.734300 
 25.442475  23.318742  -16.992952  38.468736 1
 12.221488  11.566331  -7.960836  18.615562 
 15.219743  13.584327  -10.367078  22.883816 
 2.541248  
 1.261372  1.316682  1.318645  1.267023   1.168044   1.033644   0.880036   0.725745   0.589383   0.487396   0.432086   0.430123   0.481744   0.580724   0.715124   0.868732   1.023022   1.159385 
 108.434372  
TUPLE  31.800991  
 -97.105247  6.969655  -23.637986  100.183629 1
 -39.460925  2.871308  -9.247108  40.631730 
 -56.061004  3.984696  -14.005456  57.921369 
 -12.617811  -47.674779  -15.467501  51.684981 1
 -10.394431  -38.762823  -12.941455  42.167539 
 -2.782186  -11.023348  -3.211056  11.814562 
 6.095566  
 1.144418  1.401618  1.609121  1.741898   1.783936   1.730164   1.587068   1.371906   1.110631   0.834757   0.577557   0.370055   0.237277   0.195239   0.249011   0.392108   0.607269   0.868544 
 134.844727  
TUPLE  0.718627  
 68.996952  -1.212754  257.180252  266.277547 0
 68.671432  -1.207033  255.966903  265.021315 
 0.000000  0.000000  0.000000  0.000000 
 33.680957  -55.222363  80.687898  103.413989 1
 17.817397  -29.042019  42.150263  54.199287 
 17.809018  -29.370068  43.198281  55.189417 
 1.982897  
 1.281734  0.994878  0.692954  0.412376   0.186989   0.043976   0.000587   0.062055   0.220967   0.458155   0.745011   1.046936   1.327513   1.552901   1.695914   1.739303   1.677834   1.518923 
 117.485916  
TUPLE  31.355324  
 -81.759434  44.702207  -22.367249  95.828943 1
 -69.035644  37.869278  -18.960413  80.990858 
 -14.174727  7.626227  -3.803773  16.539925 
 12.839553  51.378315  20.148288  56.661617 1
 2.881348  12.656559  4.559043  13.758452 
 10.220037  39.769490  16.000120  44.069077 
 3.439943  
 1.843518  1.865456  1.873108  1.865550   1.843695   1.810178   1.769041   1.725248   1.684079   1.650500   1.628562   1.620910   1.628468   1.650323   1.683840   1.724977   1.768770   1.809939 
 136.786880  
TUPLE  33.718788  
 -96.999866  -66.337594  -318.623253  339.603338 1
 -76.541388  -52.363796  -251.724508  268.264419 
 -18.382240  -12.553880  -60.078757  64.070132 
 -7.922747  31.053219  -135.231373  138.976964 2
 -3.618065  13.021197  -55.958033  57.567029 
 -4.289736  17.973438  -79.018219  81.151963 
 5.269711  
 1.640065  1.807809  1.877501  1.840734   1.701943   1.477869   1.195537   0.889002   0.595236   0.349671   0.181927   0.112235   0.149002   0.287793   0.511867   0.794199   1.100734   1.394500 
 115.333282  
TUPLE  31.355324  
 61.357082  -13.780135  -18.279109  65.488239 1
 39.904952  -9.018242  -11.601875  42.524779 
 21.982444  -4.880996  -6.835222  23.532753 
 10.450658  32.990827  -41.964188  54.393051 2
 3.899504  13.449695  -16.945499  21.983399 
 6.185508  18.386860  -23.550459  30.512851 
 2.551548  
 1.984469  1.983911  1.864642  1.641048   1.340098   0.998090   0.656276   0.355883   0.133144   0.014924   0.015482   0.134750   0.358344   0.659294   1.001302   1.343116   1.643509   1.866248 
 117.829208  
TUPLE  33.402683  
 -39.023723  -18.713999  -26.437133  50.714758 1
 -7.562531  -3.480500  -4.863129  9.642368 
 -31.841935  -15.416084  -21.831942  41.571822 
 -37.632988  17.908324  29.604490  51.121186 1
 -22.718454  10.593421  17.999346  30.860082 
 -16.887200  8.253629  13.156968  22.943930 
 4.567225  
 1.451266  1.703819  1.872974  1.938329   1.892000   1.739577   1.499442   1.200560   0.878981   0.573492   0.320939   0.151783   0.086429   0.132757   0.285181   0.525315   0.824197   1.145776 
 113.735855  
TUPLE  33.718788  
 12.752585  -52.841298  89.758208  104.935061 1
 12.812806  -51.615490  88.218367  103.008867 
 1.506023  -7.715662  12.563742  14.821113 
 40.019696  1.006985  130.756101  136.747022 1
 17.640033  0.274939  57.919873  60.547316 
 22.305191  0.730172  72.592902  75.946049 
 2.510646  
 0.898793  1.204211  1.476088  1.681634   1.796055   1.805551   1.708976   1.517979   1.255597   0.953477   0.648060   0.376182   0.170637   0.056216   0.046720   0.143294   0.334291   0.596673 
 107.708534  
TUPLE  33.718788  
 25.001636  -92.182099  -290.488539  305.787855 1
 11.252923  -41.498974  -131.337643  138.196921 
 13.438653  -49.539935  -155.548414  163.799053 
 58.885678  -9.016889  -64.453771  87.767397 1
 9.680193  -1.453549  -10.292151  14.204463 
 54.053507  -8.305695  -59.468062  80.791304 
 1.836465  
 0.356869  0.535224  0.784281  1.073998   1.369432   1.634949   1.838524   1.955603   1.972063   1.885921   1.707565   1.458508   1.168791   0.873357   0.607840   0.404265   0.287187   0.270726 
 120.045776  
TUPLE  33.718788  
 -60.692086  -10.947728  -152.829582  164.803711 2
 -24.904929  -4.468028  -62.420002  67.353507 
 -51.170091  -9.254497  -129.145550  139.238638 
 -7.720922  32.528940  -171.105855  174.341499 1
 -1.778887  7.440766  -40.685714  41.398989 
 -6.129230  25.876834  -134.568588  137.171065 
 2.902111  
 0.797872  0.482987  0.227918  0.063431   0.009364   0.072240   0.244475   0.505294   0.823239   1.159961   1.474846   1.729915   1.894402   1.948468   1.885592   1.713357   1.452538   1.134594 
 108.720551  
TUPLE  35.796818  
 -52.309246  -51.372886  8.996386  73.867216 1
 -12.273519  -12.405668  2.392563  17.614871 
 -39.216614  -38.162778  6.462949  55.101074 
 13.066814  -54.605866  -16.527920  58.529602 1
 2.039204  -7.918720  -2.306846  8.497382 
 12.532140  -52.974851  -16.124263  56.774990 
 5.205427  
 0.747466  0.476369  0.268126  0.147853   0.130058   0.216887   0.397866   0.651168   0.946240   1.247492   1.518588   1.726832   1.847104   1.864899   1.778071   1.597091   1.343789   1.048718 
 116.760933  
TUPLE  31.800991  
 20.943544  40.717546  -50.240954  67.975761 0
 18.542928  36.050371  -44.482175  60.184324 
 0.000000  0.000000  0.000000  0.000000 
 13.971984  -38.227633  -18.239379  44.600932 1
 5.701185  -14.967516  -6.892840  17.437338 
 7.771334  -21.893571  -10.694526  25.575637 
 5.456751  
 1.582103  1.663976  1.754289  1.842149   1.916960   1.969697   1.994000   1.986938   1.949362   1.885805   1.803932   1.713619   1.625759   1.550949   1.498211   1.473908   1.480970   1.518546 
 140.924683  
TUPLE  33.718788  
 64.636277  -91.623953  -41.510247  119.565453 1
 49.450923  -69.903675  -31.859371  91.361680 
 13.949914  -19.968998  -8.857459  25.919756 
 48.801129  5.662978  3.324797  49.240977 1
 31.645936  3.678618  2.163663  31.932717 
 16.805636  1.943787  1.137308  16.956397 
 2.426043  
 1.169166  0.989157  0.810347  0.654306   0.539852   0.480792   0.484248   0.549804   0.669553   0.829051   1.009061   1.187870   1.343912   1.458365   1.517426   1.513969   1.448413   1.328665 
 111.854645  
TUPLE  33.718788  
 68.297268  105.739038  -63.037609  140.779975 1
 23.857454  36.249991  -22.001362  48.655106 
 46.646849  72.906020  -43.073316  96.677531 
 57.743765  -7.867336  -2.392197  58.326324 1
 5.152359  -0.534740  -0.069316  5.182378 
 52.368607  -7.302241  -2.313651  52.926032 
 1.986972  
 1.776310  1.845918  1.839325  1.757325   1.609809   1.414569   1.195155   0.978031   0.789385   0.651971   0.582363   0.588956   0.670956   0.818472   1.013712   1.233126   1.450250   1.638896 
 142.576904  
TUPLE  36.744804  
 -63.152019  -26.815240  20.131845  71.501928 1
 -16.982509  -7.053820  5.114122  19.087580 
 -48.308868  -20.669827  15.699716  54.840567 
 31.665106  -43.247739  21.946657  57.919786 2
 19.912315  -26.496784  13.745179  35.882159 
 13.408450  -19.012229  9.348993  25.092366 
 4.522745  
 1.198854  0.871991  0.563157  0.309601   0.141905   0.080297   0.132207   0.291373   0.538599   0.844065   1.170928   1.479762   1.733318   1.901013   1.962622   1.910712   1.751545   1.504319 
 132.961807  
TUPLE  33.718788  
 27.720533  -82.030670  146.378609  170.071032 0
 28.187505  -83.412533  148.844459  172.936053 
 0.000000  0.000000  0.000000  0.000000 
 38.556396  -0.330527  130.697295  136.266239 1
 7.183829  0.047983  23.706961  24.771944 
 33.618815  -0.397765  114.604601  119.434567 
 2.874078  
 1.470665  1.443680  1.358064  1.224143   1.058069   0.879875   0.711052   0.571963   0.479385   0.444484   0.471469   0.557085   0.691006   0.857080   1.035274   1.204097   1.343185   1.435764 
 154.970093  
TUPLE  35.796818  
 10.821512  -51.593596  179.601987  187.178733 1
 5.867807  -28.136744  97.263864  101.421823 
 4.757371  -22.520791  79.079605  82.361525 
 -41.316683  -29.443593  199.864274  206.203107 1
 -30.935536  -21.883099  149.128249  153.867253 
 -10.364212  -7.548430  50.654095  52.251806 
 5.011559  
 0.859440  0.745294  0.670511  0.644112   0.669281   0.742982   0.856325   0.995640   1.144124   1.283866   1.398013   1.472795   1.499194   1.474026   1.400325   1.286981   1.147666   0.999183 
 115.243507  
TUPLE  31.800991  
 50.537278  65.095023  -31.326469  88.163066 1
 32.068583  40.897197  -19.401397  55.474394 
 19.251856  25.206582  -12.410527  34.059436 
 16.393514  -31.459393  10.222192  36.917935 1
 4.878927  -10.086334  3.103013  11.626961 
 13.216489  -24.639029  8.180401  29.132362 
 6.101547  
 0.049656  0.012031  0.087127  0.265888   0.526751   0.838253   1.162821   1.461310   1.697715   1.843523   1.881148   1.806052   1.627291   1.366428   1.054926   0.730357   0.431869   0.195464 
 161.577347  
TUPLE  33.718788  
 10.642886  115.282061  -99.247649  152.490395 1
 9.250449  99.209161  -85.436344  131.253254 
 0.577917  7.250137  -6.215683  9.568250 
 -27.674745  25.858505  10.528759  39.311685 1
 -20.199672  18.572174  7.327528  28.401841 
 -7.227065  7.054599  3.106877  10.567343 
 3.940954  
 1.869978  1.658828  1.367387  1.030809   0.689689   0.385171   0.153985   0.024015   0.010937   0.116329   0.327479   0.618919   0.955498   1.296618   1.601136   1.832322   1.962292   1.975370 
 137.867691  
TUPLE  36.744804  
 60.281326  -46.167945  80.238296  110.469460 2
 21.659447  -16.477455  28.675719  39.534219 
 39.010577  -29.988184  52.079956  71.648524 
 -36.157240  -18.750617  106.400697  113.929978 1
 -1.713965  -0.955913  4.851924  5.235656 
 -34.473520  -17.810394  101.637780  108.792878 
 1.951833  
 0.780527  0.715931  0.655815  0.607429   0.576609   0.567072   0.579970   0.613746   0.664326   0.725609   0.790205   0.850321   0.898707   0.929527   0.939063   0.926166   0.892390   0.841810 
 128.690536  
TUPLE  35.796818  
 18.501966  102.719954  44.956175  113.643167 1
 10.580612  59.896721  26.211802  66.231749 
 7.340483  39.598302  17.332957  43.844702 
 -56.817950  26.038036  41.792611  75.185644 1
 -37.477373  16.851354  27.012611  49.175423 
 -9.017656  4.456067  7.187085  12.363133 
 2.000788  
 1.455955  1.700998  1.867319  1.934858   1.895468   1.753899   1.527229   1.242795   0.934906   0.640697   0.395654   0.229333   0.161795   0.201185   0.342753   0.569424   0.853857   1.161746 
 115.295624  
TUPLE  33.402683  
 52.826024  86.123130  70.607585  123.260754 2
 10.189262  16.007781  13.048803  23.029565 
 44.916872  73.832655  60.606392  105.555644 
 -34.872572  71.797913  63.372961  101.917461 1
 -5.717749  11.966438  9.979610  16.598204 
 -32.674556  67.078112  59.789652  95.613391 
 4.902332  
 0.190906  0.420989  0.710247  1.023791   1.323804   1.574100   1.744489   1.814419   1.775457   1.632301   1.402219   1.112961   0.799416   0.499403   0.249107   0.078719   0.008788   0.047750 
 122.342285  
TUPLE  33.402683  
 52.153839  86.418692  -81.994884  130.043740 1
 8.346727  13.572683  -12.566955  20.293679 
 43.458752  72.268779  -68.880251  108.885016 
 32.396388  -14.727526  -33.546820  48.906186 1
 29.566617  -13.416691  -30.899434  44.821724 
 3.045747  -1.409019  -2.871032  4.418479 
 0.453760  
 0.076410  0.002311  0.034218  0.168284   0.388337   0.667837   0.973071   1.267224   1.514817   1.685985   1.760084   1.728177   1.594111   1.374058   1.094558   0.789324   0.495171   0.247578 
 139.337723  
TUPLE  33.718788  
 -81.277649  -70.329917  31.867455  112.106593 1
 -53.647230  -47.365428  20.940387  74.565597 
 -27.525677  -22.873254  10.886060  37.408197 
 12.491355  -76.077950  26.648388  81.572207 0
 13.152776  -80.106300  28.059428  85.891593 
 0.000000  0.000000  0.000000  0.000000 
 5.060265  
 0.011843  0.036782  0.178150  0.418897   0.729985   1.073891   1.409137   1.695286   1.897824   1.992323   1.967384   1.826016   1.585269   1.274182   0.930275   0.595030   0.308881   0.106342 
 128.259552  
TUPLE  44.201973  
 62.730196  -15.992615  -291.134734  298.245326 1
 39.682007  -10.168758  -182.871270  187.403271 
 24.564030  -6.210310  -115.298596  118.049752 
 -28.357060  -33.440556  -172.768203  178.244903 1
 -12.821816  -14.624034  -77.198517  79.610877 
 -16.174540  -19.570417  -99.464656  102.654045 
 5.375120  
 0.775786  0.493475  0.264548  0.116617   0.067524   0.123192   0.276905   0.510124   0.794719   1.096363   1.378674   1.607601   1.755533   1.804625   1.748957   1.595244   1.362025   1.077430 
 113.417969  
TUPLE  36.744804  
 89.453564  -1.181532  6.231946  89.678165 1
 32.039938  -0.500397  2.406902  32.134416 
 61.195543  -0.731088  4.088517  61.336475 
 48.261176  18.658411  -34.258163  62.055614 0
 48.152387  18.616351  -34.180939  61.915886 
 0.000000  0.000000  0.000000  0.000000 
 2.767051  
 0.983576  1.060875  1.075348  1.025249   0.916621   0.762565   0.581664   0.395737   0.227208   0.096406   0.019107   0.004634   0.054733   0.163361   0.317417   0.498318   0.684245   0.852774 
 131.792633  
TUPLE  33.718788  
 -56.956621  36.301525  -49.852726  83.947315 0
 -55.918282  35.639736  -48.943894  82.417045 
 0.000000  0.000000  0.000000  0.000000 
 -1.720334  -36.785588  -2.978631  36.946059 0
 -1.722130  -36.823991  -2.981740  36.984893 
 0.000000  0.000000  0.000000  0.000000 
 4.979573  
 0.320204  0.473708  0.672400  0.892316   1.106929   1.290354   1.420468   1.481577   1.466310   1.376509   1.223004   1.024312   0.804397   0.589784   0.406358   0.276244   0.215135   0.230402 
 135.550339  
TUPLE  31.800991  
 -183.341642  167.512985  29.699294  250.113586 2
 -72.841891  66.643311  11.300211  99.372965 
 -110.119272  100.522023  18.337449  150.224053 
 -6.235607  52.503619  26.162651  58.991500 1
 -4.241446  37.413646  18.582083  41.989094 
 -2.166642  16.542251  8.304241  18.636498 
 2.550501  
 0.129482  0.257392  0.472724  0.749505   1.054352   1.350496   1.602216   1.779153   1.859965   1.834904   1.706994   1.491662   1.214880   0.910033   0.613890   0.362169   0.185232   0.104421 
 105.018623  
TUPLE  35.796818  
 118.777508  47.173136  15.599078  128.750660 1
 22.893845  9.096452  2.983036  24.815148 
 94.201322  37.408533  12.395100  102.112409 
 27.412725  55.584536  31.555680  69.547531 0
 26.668670  54.075823  30.699174  67.659969 
 0.000000  0.000000  0.000000  0.000000 
 1.257326  
 0.329630  0.547789  0.831095  1.145377   1.452728   1.716077   1.903660   1.992852   1.972895   1.846196   1.628037   1.344731   1.030449   0.723098   0.459749   0.272166   0.182974   0.202931 
 108.339821  
TUPLE  33.718788  
 9.143368  -88.921763  -71.367362  114.385232 1
 5.584238  -56.417028  -44.971392  72.363737 
 3.955874  -36.363172  -29.492699  46.986878 
 27.312203  16.943255  -54.773419  63.507147 1
 25.001591  15.618514  -49.882169  57.941935 
 2.766183  1.607358  -5.804879  6.629496 
 0.641591  
 0.395972  0.302332  0.309326  0.416113   0.609810   0.867057   1.156824   1.444162   1.694413   1.877394   1.971034   1.964039   1.857253   1.663555   1.406309   1.116542   0.829204   0.578953 
 126.575378  
TUPLE  0.305674  
 47.849583  -35.061147  1.428224  59.337226 1
 34.045156  -25.374539  0.678538  42.466690 
 14.487968  -10.187462  0.770089  17.728420 
 -50.151669  -3.642904  -7.421206  50.828485 1
 -39.879144  -2.872091  -6.020871  40.433468 
 -10.927683  -0.818399  -1.497282  11.060927 
 5.229587  
 1.077645  0.792398  0.513564  0.274776   0.104835   0.024238   0.042706   0.158011   0.356247   0.613503   0.898750   1.177584   1.416372   1.586313   1.666910   1.648442   1.533137   1.334901 
 155.758286  
TUPLE  31.800991  
 33.959696  65.296187  -104.652916  127.941729 1
 30.517295  58.329856  -92.938217  113.891215 
 5.344921  10.624419  -17.577659  21.223543 
 -12.050619  70.257708  -24.009045  75.218330 1
 -2.422071  12.803606  -4.231557  13.701252 
 -10.135157  60.407749  -20.786833  64.683291 
 0.830939  
 0.445559  0.444082  0.535734  0.709462   0.944311   1.211954   1.480111   1.716437   1.892428   1.986856   1.988334   1.896681   1.722954   1.488105   1.220462   0.952305   0.715979   0.539988 
 103.842224  
TUPLE  35.796818  
 35.846542  24.986480  21.135560  48.538754 2
 25.225216  17.660792  14.731462  34.135767 
 9.374277  6.456447  5.668824  12.718931 
 -41.710999  5.118395  27.638928  50.298268 1
 -32.815127  4.179450  21.738122  39.583656 
 -9.749364  1.043674  6.466352  11.746117 
 5.171001  
 0.915773  0.632688  0.403671  0.256346   0.208481   0.265850   0.421534   0.656754   0.943140   1.246149   1.529234   1.758251   1.905576   1.953441   1.896072   1.740388   1.505168   1.218782 
 134.277802  
TUPLE  35.796818  
 61.746476  22.654445  34.789312  74.405291 1
 10.394215  3.709694  5.411108  12.292319 
 52.145888  19.235928  29.825350  63.077605 
 27.706836  -45.361367  -20.550329  56.988055 1
 21.314862  -34.863033  -15.972148  43.873494 
 5.296463  -8.704771  -3.765640  10.863876 
 2.076818  
 0.287422  0.471028  0.691041  0.920925   1.132952   1.301549   1.406380   1.434802   1.383385   1.258332   1.074727   0.854713   0.624829   0.412802   0.244205   0.139374   0.110953   0.162369 
 147.534546  
TUPLE  33.402683  
 -23.852564  -87.299439  -117.477152  148.293688 0
 -23.914850  -87.527403  -117.783919  148.680992 
 0.000000  0.000000  0.000000  0.000000 
 -50.996002  6.972184  -42.522498  66.763511 1
 -10.942142  1.200910  -9.121423  14.296591 
 -39.918749  5.752802  -33.288415  52.294723 
 2.777613  
 1.542889  1.602629  1.595814  1.523265   1.393734   1.222844   1.031206   0.841935   0.677860   0.558770   0.499030   0.505845   0.578394   0.707925   0.878815   1.070453   1.259724   1.423799 
 121.841049  
TUPLE  33.718788  
 31.429509  -37.949673  1.804620  49.307691 0
 30.815423  -37.208193  1.769361  48.344493 
 0.000000  0.000000  0.000000  0.000000 
 3.307835  43.263977  -23.525374  49.357438 1
 1.998772  28.522141  -15.301452  32.429331 
 1.269323  14.221257  -7.940923  16.338048 
 5.050014  
 0.597092  0.556758  0.603323  0.731168   0.924874   1.161078   1.411289   1.645329   1.834969   1.957335   1.997668   1.951104   1.823259   1.629552   1.393348   1.143137   0.909097   0.719458 
 125.513519  
TUPLE  33.718788  
 182.090979  -39.107697  268.491625  326.763354 0
 197.746530  -42.470042  291.575605  354.857362 
 0.000000  0.000000  0.000000  0.000000 
 59.777220  20.040029  60.876629  87.640645 1
 34.842259  11.557595  35.597810  51.134964 
 26.821035  9.114731  27.199581  39.271894 
 3.119523  
 1.380672  1.583453  1.757259  1.881125   1.940111   1.927103   1.843670   1.699876   1.513063   1.305764   1.102983   0.929177   0.805312   0.746325   0.759333   0.842766   0.986561   1.173374 
 129.192581  
TUPLE  31.355324  
 -20.110355  77.537510  96.697300  125.566156 2
 -2.272022  9.692635  12.529327  16.003524 
 -20.998788  80.030314  99.364469  129.302633 
 -65.174869  25.953401  14.820681  71.700733 1
 -49.701752  19.961024  11.502925  54.781780 
 -15.947241  6.181171  3.425571  17.443455 
 5.774808  
 1.952068  1.919246  1.775065  1.536917   1.233525   0.901484   0.580841   0.310272   0.122411   0.039917   0.072739   0.216919   0.455068   0.758459   1.090501   1.411143   1.681712   1.869574 
 115.694031  
TUPLE  33.402683  
 28.821128  -59.889575  -51.077595  83.823263 1
 20.597612  -42.634587  -36.369186  59.705165 
 4.166228  -8.824050  -7.517975  12.319070 
 -29.475403  -32.043087  -7.324451  44.149818 1
 -24.019338  -26.094118  -6.130003  35.992055 
 -5.891793  -6.422652  -1.302723  8.813569 
 2.463740  
 1.801728  1.568384  1.264391  0.926416   0.595222   0.310756   0.107331   0.009480   0.029008   0.163558   0.396901   0.700894   1.038870   1.370064   1.654529   1.857955   1.955805   1.936278 
 114.943848  
TUPLE  35.796818  
 95.989007  71.584649  154.376382  195.372256 2
 61.570645  45.992978  99.161771  125.456665 
 38.747315  28.820024  62.176731  78.727168 
 2.180433  54.220930  157.342573  166.437222 1
 0.105019  7.868119  22.699507  24.025100 
 2.164937  48.578975  141.103117  149.247149 
 5.564357  
 1.164950  1.234279  1.300186  1.354723   1.391310   1.405535   1.395682   1.362940   1.311258   1.246869   1.177540   1.111632   1.057096   1.020509   1.006284   1.016136   1.048878   1.100561 
 124.010498  
TUPLE  33.718788  
 -85.539607  -36.915617  -116.695917  149.324225 3
 -86.964875  -37.530719  -118.640326  151.816014 
 0.000000  0.000000  0.000000  0.000000 
 21.158846  -29.529183  -26.781659  45.132323 1
 9.678821  -13.431849  -11.521297  20.170620 
 12.716955  -17.823587  -16.825999  27.614012 
 1.694589  
 1.567985  1.555591  1.450526  1.265464   1.022725   0.751588   0.484755   0.254411   0.088338   0.006567   0.018961   0.124025   0.309088   0.551826   0.822964   1.089797   1.320141   1.486214 
 124.623634  
TUPLE  35.796818  
 36.467533  -28.061412  179.324301  185.133813 1
 17.325553  -13.438363  86.301712  89.043637 
 18.195750  -13.894935  88.369641  91.287273 
 -20.984253  -21.454177  53.499596  61.341889 1
 -8.246406  -7.854987  20.749935  23.670304 
 -13.228858  -14.101195  34.001499  39.114786 
 0.855724  
 0.025368  0.067820  0.164065  0.302493   0.466409   0.636041   0.790930   0.912394   0.985783   1.002244   0.959792   0.863547   0.725119   0.561203   0.391571   0.236682   0.115218   0.041829 
 97.501427  
TUPLE  33.402683  
 31.596225  -34.011048  -20.631422  50.800870 1
 13.217402  -13.868927  -8.659289  21.024976 
 16.732335  -18.369795  -10.897024  27.132706 
 27.215998  21.447553  37.289153  50.903723 2
 3.920497  2.809924  5.103549  7.023650 
 23.829800  19.058682  32.917656  44.885830 
 4.885374  
 1.518703  1.753304  1.905604  1.957234   1.901967   1.746468   1.509494   1.219626   0.911827   0.623222   0.388621   0.236321   0.184691   0.239958   0.395457   0.632431   0.922299   1.230098 
 140.703094  
TUPLE  31.800991  
 -51.235829  96.067582  167.050539  199.399030 1
 -14.720760  27.361812  48.451940  57.558487 
 -37.804390  71.123275  122.802363  146.860923 
 -34.650523  15.672792  3.908336  38.230488 2
 -14.593743  6.460448  1.442117  16.025414 
 -14.690729  6.785223  1.860966  16.290882 
 5.417686  
 1.269625  1.213719  1.113891  0.982180   0.834473   0.688586   0.562115   0.470314   0.424256   0.429496   0.485402   0.585231   0.716942   0.864649   1.010536   1.137007   1.228807   1.274865 
 123.424683  
TUPLE  33.402683  
 17.380707  -72.130018  -57.818134  94.062559 3
 17.347788  -71.993387  -57.708616  93.890574 
 0.000000  0.000000  0.000000  0.000000 
 -25.577368  -55.314653  -176.563740  186.785082 1
 -25.181615  -54.425464  -174.947023  184.939788 
 -3.776078  -8.199601  -24.951478  26.534632 
 3.306282  
 1.267990  1.408101  1.479689  1.474119   1.392063   1.243419   1.046115   0.823948   0.603716   0.411982   0.271871   0.200283   0.205853   0.287908   0.436553   0.633857   0.856023   1.076256 
 116.865379  
TUPLE  31.800991  
 37.827492  -50.616633  -60.785590  87.680390 1
 6.749857  -8.658470  -10.992860  15.536799 
 32.103545  -43.330922  -51.441278  74.528046 
 -6.847200  -35.451228  -54.143547  65.078394 0
 -6.889843  -35.672011  -54.480741  65.483837 
 0.000000  0.000000  0.000000  0.000000 
 2.104825  
 1.955270  1.921607  1.858502  1.773564   1.677040   1.580570   1.495792   1.432930   1.399566   1.399725   1.433387   1.496493   1.581430   1.677955   1.774424   1.859203   1.922065   1.955429 
 111.094963  
TUPLE  29.429041  
 36.664359  -87.474049  29.941918  99.461063 1
 4.209040  -9.769129  3.288261  11.134812 
 32.096257  -76.848271  26.360430  87.353975 
 61.153244  -21.707122  54.784997  84.925346 1
 11.867686  -3.996818  10.843569  16.565597 
 48.732585  -17.514020  43.446042  67.595728 
 2.405526  
 1.390210  1.654345  1.834192  1.908060   1.867039   1.716076   1.473381   1.168225   0.837416   0.520853   0.256718   0.076871   0.003003   0.044024   0.194987   0.437682   0.742837   1.073647 
 119.835281  
TUPLE  35.796818  
 -82.218066  29.832688  -18.179546  89.332500 1
 -27.317572  10.380802  -6.246400  29.883905 
 -52.204064  18.473495  -11.336928  56.525025 
 19.726292  54.817270  0.530706  58.260976 1
 17.304180  48.155513  0.420044  51.172102 
 1.314274  3.583192  0.080857  3.819861 
 2.659178  
 1.955445  1.999143  1.927932  1.750403   1.487968   1.172280   0.841416   0.535283   0.290805   0.137470   0.093773   0.164983   0.342512   0.604948   0.920636   1.251500   1.557633   1.802110 
 137.601089  
TUPLE  35.796818  
 30.134554  27.776417  -60.572940  73.134819 1
 6.353012  6.119725  -13.315687  15.973064 
 25.724143  23.447277  -51.162041  61.879552 
 9.908481  -35.861138  -82.303075  90.321622 1
 3.224946  -10.431817  -23.792180  26.178434 
 6.383933  -24.344984  -56.022292  61.416189 
 2.686414  
 1.541215  1.765569  1.895652  1.915773   1.823506   1.629980   1.358536   1.041914   0.718305   0.426740   0.202386   0.072303   0.052182   0.144449   0.337975   0.609419   0.926040   1.249650 
 103.982399  
TUPLE  33.402683  
 34.153143  -79.649489  34.118575  93.137294 0
 34.383357  -80.186377  34.348556  93.765202 
 0.000000  0.000000  0.000000  0.000000 
 -25.015329  -35.156755  -23.123282  48.953552 1
 -2.060163  -3.235137  -1.891252  4.278632 
 -23.808010  -33.120219  -22.020371  46.353912 
 4.971350  
 0.244755  0.097707  0.028565  0.045667   0.146951   0.320200   0.544519   0.792850   1.035242   1.242458   1.389506   1.458648   1.441546   1.340262   1.167013   0.942695   0.694363   0.451971 
 116.765495  
TUPLE  35.796818  
 -67.402122  -54.084471  -7.726861  86.763359 1
 -16.657080  -13.532827  -1.759170  21.533924 
 -48.490637  -38.742669  -5.709250  62.329367 
 -14.229419  -65.058729  31.666631  73.742051 1
 -12.508808  -55.339822  27.134151  62.890761 
 -1.805125  -10.105312  4.720559  11.299455 
 2.415793  
 0.843482  0.866846  0.946532  1.072927   1.230788   1.401073   1.563243   1.697739   1.788338   1.824113   1.800749   1.721063   1.594668   1.436807   1.266522   1.104352   0.969856   0.879257 
 109.499222  
TUPLE  36.744804  
 -85.413111  -33.282452  279.213945  293.876757 0
 -97.547826  -38.010919  318.882115  335.628114 
 0.000000  0.000000  0.000000  0.000000 
 -7.918151  -53.205687  187.574319  195.134998 1
 -4.958874  -34.347605  120.631505  125.524212 
 -1.837012  -11.317068  40.357294  41.954499 
 3.073659  
 0.619652  0.899237  1.204022  1.497246   1.743540   1.913199   1.985759   1.952468   1.817342   1.596678   1.317093   1.012308   0.719085   0.472790   0.303131   0.230571   0.263862   0.398989 
 116.364738  
TUPLE  0.001334  
 9.213700  122.480936  64.931300  138.933602 1
 8.330419  110.580218  58.680458  125.462329 
 0.823584  11.107058  5.830093  12.571923 
 57.284132  78.131137  177.138280  201.900759 3
 53.861790  73.463326  166.555466  189.842231 
 0.000000  0.000000  0.000000  0.000000 
 3.892355  
 1.241369  1.445257  1.573283  1.610004   1.550993   1.403366   1.184929   0.922030   0.646377   0.391219   0.187332   0.059306   0.022585   0.081596   0.229223   0.447660   0.710559   0.986211 
 131.339111  
TUPLE  35.796818  
 -88.321334  112.262111  54.641588  152.935093 1
 -76.319744  96.929491  47.083601  132.048910 
 -12.411788  15.853990  7.811760  21.597298 
 -20.307179  52.073970  -36.068283  66.520680 1
 -11.148664  28.246611  -19.403913  36.037411 
 -9.670385  25.139959  -17.573524  32.161792 
 0.407947  
 0.541469  0.468333  0.485366  0.590511   0.771088   1.005315   1.264942   1.518654   1.735850   1.890331   1.963467   1.946434   1.841289   1.660712   1.426485   1.166857   0.913146   0.695950 
 118.206741  
TUPLE  33.718788  
 -51.302580  50.614641  48.627306  86.939125 2
 -27.606603  27.392913  25.966241  46.762820 
 -28.497066  27.958433  27.211787  48.314708 
 30.463024  5.407123  24.422947  39.417169 1
 26.912058  4.640204  21.772269  34.926229 
 2.535564  0.586688  1.836606  3.188201 
 0.224401  
 0.310269  0.109223  0.009158  0.022144   0.146614   0.367556   0.658321   0.983838   1.304845   1.582623   1.783670   1.883735   1.870749   1.746278   1.525336   1.234572   0.909055   0.588048 
 128.953186  
TUPLE  31.800991  
 -40.102321  42.391725  77.007438  96.619874 1
 -9.071720  10.224989  18.287977  22.832347 
 -37.472198  38.976075  71.089082  89.313918 
 26.926098  48.286143  156.658611  166.127923 2
 2.678380  4.788952  16.087617  16.998196 
 27.695149  49.679415  160.628473  170.401423 
 2.139557  
 0.912108  0.962975  1.062502  1.198685   1.355099   1.512878   1.652991   1.758538   1.816789   1.820719   1.769852   1.670325   1.534142   1.377728   1.219949   1.079837   0.974289   0.916038 
 96.277267  
TUPLE  33.718788  
 35.870778  136.409325  -368.427952  394.503957 3
 35.746228  135.935688  -367.148716  393.136205 
 0.000000  0.000000  0.000000  0.000000 
 38.001996  -0.267999  -46.497417  60.051922 1
 25.823566  -0.108333  -31.835200  40.992289 
 11.429177  -0.154393  -13.745431  17.877500 
 4.601180  
 0.756624  0.601700  0.491356  0.438901   0.450663   0.525222   0.653585   0.820271   1.005174   1.185992   1.340916   1.451260   1.503715   1.491953   1.417394   1.289031   1.122345   0.937442 
 122.600174  
TUPLE  29.647768  
 41.954649  -54.381668  -5.474973  68.902349 0
 40.841347  -52.938604  -5.329690  67.074112 
 0.000000  0.000000  0.000000  0.000000 
 30.404921  10.310824  7.051574  32.870914 0
 30.624352  10.385236  7.102465  33.108436 
 0.000000  0.000000  0.000000  0.000000 
 4.397602  
 1.993540  1.962623  1.831444  1.615826   1.341774   1.042343   0.753650   0.510515   0.342263   0.269189   0.300106   0.431284   0.646903   0.920955   1.220385   1.509078   1.752214   1.920465 
 102.854637  
TUPLE  33.718788  
 -170.197916  27.740643  -20.399463  173.646226 2
 -21.087842  3.593092  -2.290219  21.514460 
 -143.779200  23.278672  -17.470299  146.695737 
 -37.033834  58.343174  11.444908  70.045819 1
 -17.041624  26.952686  5.091326  32.292496 
 -18.652895  29.280533  5.939682  35.221842 
 4.019190  
 0.721800  0.480185  0.269078  0.113942   0.033489   0.037422   0.125266   0.286428   0.501467   0.744448   0.986063   1.197170   1.352306   1.432759   1.428826   1.340982   1.179820   0.964781 
 120.248535  
TUPLE  31.800991  
 -7.398341  -104.548118  -557.827875  567.588744 1
 -6.756218  -92.649299  -493.064686  501.739318 
 -0.456547  -9.276318  -50.770493  51.613174 
 -54.565844  -54.155690  -436.758968  443.473411 1
 -42.225359  -41.863703  -336.814121  342.022400 
 -14.803998  -14.736983  -119.663481  121.473058 
 0.723790  
 0.713649  0.800837  0.941351  1.118244   1.310180   1.494008   1.647557   1.752306   1.795620   1.772275   1.685088   1.544574   1.367681   1.175745   0.991916   0.838368   0.733619   0.690305 
 109.461739  
TUPLE  33.718788  
 -50.533916  -42.622818  -49.777558  82.753770 1
 -20.209067  -16.989895  -19.893513  33.058044 
 -28.451689  -24.053010  -28.038922  46.628803 
 -1.598535  -41.906535  -0.123574  41.937194 2
 -0.477671  -19.804086  -0.144932  19.810868 
 -1.251060  -25.515579  0.011294  25.558331 
 4.918659  
 1.208857  0.965918  0.715833  0.488763   0.312098   0.207146   0.186565   0.252838   0.397972   0.604460   0.847399   1.097484   1.324554   1.501219   1.606171   1.626752   1.560479   1.415345 
 115.683929  
TUPLE  35.796818  
 -47.662519  173.000356  39.018963  183.639098 1
 -38.455940  112.623010  24.627785  121.529211 
 -7.560525  54.476698  13.062454  56.528913 
 -71.306408  68.145094  57.559894  114.199383 3
 -71.537926  68.366345  57.746778  114.573654 
 0.000000  0.000000  0.000000  0.000000 
 3.566375  
 1.280960  1.177735  1.085622  1.015733   0.976496   0.972644   1.004642   1.068630   1.156891   1.258778   1.362003   1.454116   1.524005   1.563242   1.567094   1.535096   1.471108   1.382848 
 124.238243  
TUPLE  36.744804  
 41.919990  40.622014  79.657015  98.755626 0
 44.025097  42.661940  83.657173  103.714957 
 0.000000  0.000000  0.000000  0.000000 
 42.077943  -14.809905  14.302474  46.844928 1
 38.529787  -13.368146  12.853122  42.760660 
 8.165431  -3.066872  3.018783  9.230993 
 5.831844  
 1.086225  0.740313  0.425732  0.180424   0.033978   0.004057   0.094269   0.293735   0.578395   0.913915   1.259827   1.574408   1.819716   1.966162   1.996083   1.905871   1.706405   1.421745 
 98.712845  
TUPLE  31.800991  
 -68.979379  49.734688  292.432379  304.546204 1
 -14.799440  10.430835  61.498523  64.108608 
 -50.194428  36.430261  214.037616  222.842464 
 10.379984  63.925881  165.302939  177.536825 0
 9.900306  60.971751  157.663994  169.332587 
 0.000000  0.000000  0.000000  0.000000 
 2.984397  
 1.784311  1.901573  1.919425  1.835715   1.660538   1.415024   1.128785   0.836347   0.572980   0.370452   0.253190   0.235337   0.319048   0.494225   0.739739   1.025978   1.318416   1.581783 
 108.892715  
TUPLE  36.744804  
 30.915072  -91.847701  -100.771088  139.808992 3
 31.008775  -92.126084  -101.076519  140.239242 
 0.000000  0.000000  0.000000  0.000000 
 26.490861  -51.198128  0.988981  57.654073 1
 17.327264  -33.137794  0.861392  37.404665 
 8.526736  -16.829489  0.103813  18.867059 
 2.050256  
 1.732502  1.625353  1.427607  1.163115   0.863777   0.565700   0.304834   0.112646   0.012314   0.015941   0.123090   0.320836   0.585329   0.884666   1.182744   1.443609   1.635798   1.736129 
 111.545898  
TUPLE  36.744804  
 31.776097  -82.933714  150.808579  175.016995 2
 22.185584  -57.383880  104.475367  121.244512 
 9.607782  -25.594911  46.415172  53.868822 
 39.707625  10.657772  19.091214  45.329439 1
 34.957142  9.483541  16.590594  39.839762 
 4.539493  1.117600  2.399176  5.256452 
 2.859540  
 0.234562  0.191820  0.204427  0.270860   0.383108   0.527631   0.686998   0.841987   0.973904   1.066838   1.109579   1.096973   1.030539   0.918292   0.773768   0.614401   0.459412   0.327495 
 130.888474  
TUPLE  33.402683  
 64.588512  36.689871  44.080026  86.376335 1
 51.874400  29.378621  35.427243  69.348149 
 12.268890  7.058337  8.348932  16.433766 
 6.144661  -45.814666  -0.483178  46.227416 1
 1.271007  -12.299144  0.012292  12.365437 
 4.826534  -33.164189  -0.491765  33.517442 
 5.047528  
 0.617937  0.614478  0.652563  0.727600   0.830537   0.948959   1.068582   1.174978   1.255314   1.299901   1.303360   1.265275   1.190238   1.087301   0.968879   0.849256   0.742860   0.662524 
 135.747314  
TUPLE  31.800991  
 14.502544  -38.611065  56.326147  69.812413 0
 14.519152  -38.655283  56.390653  69.892502 
 0.000000  0.000000  0.000000  0.000000 
 28.669611  25.872218  9.874551  39.860068 1
 15.539728  14.251629  5.183494  21.713593 
 15.343334  13.618022  5.453458  21.227974 
 4.443548  
 1.622974  1.844376  1.970779  1.986937   1.890902   1.694256   1.420719   1.103282   0.780234   0.490538   0.269136   0.142733   0.126575   0.222610   0.419255   0.692793   1.010230   1.333278 
 111.633789  
TUPLE  33.402683  
 102.391340  -36.673882  325.025675  342.739915 3
 105.429773  -37.762170  334.670719  352.913066 
 0.000000  0.000000  0.000000  0.000000 
 29.187154  26.342034  52.731310  65.775252 1
 26.336437  23.814426  47.619198  59.399852 
 3.210108  2.851966  5.761410  7.186833 
 1.671811  
 0.750749  0.977919  1.201560  1.394697   1.534036   1.602769   1.592607   1.504775   1.349867   1.146567   0.919397   0.695756   0.502619   0.363281   0.294547   0.304710   0.392542   0.547449 
 111.514793  
TUPLE  33.402683  
 -81.191715  43.071081  60.485036  110.025688 1
 -71.262864  37.744546  53.054172  96.528810 
 -10.422564  5.588431  7.798658  14.166781 
 11.843878  68.095354  11.949590  70.143050 3
 11.736275  67.476685  11.841024  69.515679 
 0.000000  0.000000  0.000000  0.000000 
 1.702233  
 0.985191  0.708097  0.442096  0.219272   0.066502   0.002210   0.034152   0.158476   0.360185   0.614951   0.892045   1.158046   1.380869   1.533640   1.597932   1.565989   1.441666   1.239957 
 122.438576  
TUPLE  1.274791  
 -38.007787  41.955040  38.109855  68.243522 1
 -25.753949  28.194081  25.565168  45.953992 
 -11.743489  13.197613  12.032970  21.375152 
 -28.699507  -26.936173  28.508463  48.599913 1
 -23.959892  -22.681865  24.375517  41.021077 
 -8.497200  -7.781026  7.865520  13.951035 
 3.701937  
 0.778224  0.881901  0.983954  1.072075   1.135635   1.166967   1.162293   1.122177   1.051456   0.958661   0.854984   0.752931   0.664810   0.601250   0.569918   0.574592   0.614708   0.685429 
 106.336266  
TUPLE  36.744804  
 -60.809879  -58.205780  -37.128867  92.001668 0
 -60.845695  -58.240061  -37.150735  92.055961 
 0.000000  0.000000  0.000000  0.000000 
 13.355340  -33.728193  -1.080493  36.292197 1
 8.687006  -21.266104  -0.538916  22.978711 
 5.036906  -13.392899  -0.571396  14.320785 
 0.593933  
 0.135381  0.031434  0.040529  0.161569   0.379953   0.669343   0.994833   1.317164   1.597458   1.801908   1.905855   1.896760   1.775720   1.557336   1.267946   0.942456   0.620125   0.339831 
 130.950836  
TUPLE  44.201973  
 8.755363  -56.481031  20.215965  60.625477 1
 7.206438  -46.660099  16.731969  50.090677 
 1.234863  -7.794897  2.758828  8.361498 
 21.064691  29.564402  32.399484  48.656979 0
 20.521160  28.801555  31.563483  47.401693 
 0.000000  0.000000  0.000000  0.000000 
 3.417988  
 0.125034  0.107803  0.157153  0.267131   0.424472   0.610198   0.801908   0.976479   1.112855   1.194588   1.211818   1.162468   1.052490   0.895149   0.709423   0.517713   0.343142   0.206766 
 124.132149  
TUPLE  31.800991  
 54.486328  -19.329417  -68.060889  89.301013 1
 12.779065  -4.411424  -15.350714  20.455538 
 46.627230  -16.663385  -58.855886  76.914241 
 16.082547  28.845734  0.457523  33.029290 2
 6.104171  11.361483  0.622454  12.913215 
 11.044263  19.396034  -0.134609  22.346091 
 4.550769  
 0.458375  0.259184  0.158156  0.167476   0.286019   0.499488   0.782135   1.099869   1.414366   1.687693   1.886884   1.987912   1.978593   1.860049   1.646581   1.363933   1.046200   0.731702 
 156.431854  
TUPLE  33.718788  
 22.891711  -42.620505  -130.187639  138.886137 1
 10.299269  -20.142016  -61.239451  65.284497 
 12.040917  -21.451566  -65.811399  70.258892 
 -34.872785  -18.502715  -17.506199  43.184819 1
 -15.665927  -8.186957  -8.122968  19.453782 
 -20.791799  -11.156687  -10.178873  25.698215 
 5.612881  
 0.163416  0.267027  0.427823  0.626410   0.838834   1.039476   1.204133   1.312947   1.352792   1.318863   1.215252   1.054456   0.855870   0.643445   0.442804   0.278146   0.169333   0.129487 
 159.181625  
TUPLE  31.800991  
 135.034964  91.624453  292.212541  334.690381 1
 93.815965  63.527765  202.434099  231.984474 
 35.087708  23.936460  76.510470  87.509837 
 5.433598  37.227493  108.882668  115.199156 1
 4.876119  33.242480  98.430041  104.006401 
 0.568833  4.062796  10.680129  11.441733 
 1.934525  
 1.744694  1.756110  1.688726  1.550670   1.358593   1.135664   0.908769   0.705277   0.549731   0.460892   0.449476   0.516860   0.654916   0.846993   1.069923   1.296817   1.500310   1.655856 
 117.921158  
TUPLE  33.718788  
 9.713566  -58.833730  -48.651767  76.959441 2
 0.866657  -5.232982  -4.634470  7.045069 
 9.047158  -54.813609  -45.020258  71.507197 
 -5.682055  -38.275821  -130.360168  135.981975 1
 -2.680682  -15.755946  -53.467557  55.805331 
 -3.743473  -27.518872  -93.918244  97.938535 
 1.876310  
 1.000000  1.000000  1.000000  1.000000   1.000000   1.000000   1.000000   1.000000   1.000000   1.000000   1.000000   1.000000   1.000000   1.000000   1.000000   1.000000   1.000000   1.000000 
 112.239548  
TUPLE  35.796818  
 41.370319  -39.235583  32.857584  65.806954 1
 14.090643  -13.471628  11.126748  22.446714 
 25.789003  -24.350203  20.546897  40.990222 
 -22.546126  -44.400694  20.526657  53.861796 2
 -6.611268  -13.473767  6.472483  16.345145 
 -15.584134  -30.236248  13.734869  36.685358 
 1.594001  
 0.738463  0.818000  0.963307  1.156859   1.375310   1.592311   1.781690   1.920605   1.992299   1.988127   1.908590   1.763283   1.569731   1.351280   1.134279   0.944900   0.805985   0.734291 
 109.465347  
TUPLE  33.402683  
 88.293111  -10.775539  -37.481531  96.522799 1
 65.733433  -7.859908  -28.023306  71.888716 
 18.061679  -2.366683  -7.548768  19.718711 
 61.048742  -48.426972  -142.208320  162.158339 2
 20.090889  -15.272380  -45.366742  51.913872 
 39.145896  -31.717259  -92.620769  105.437495 
 4.192276  
 1.237182  0.955393  0.685380  0.459710   0.305603   0.241646   0.275554   0.403236   0.609292   0.868869   1.150658   1.420671   1.646340   1.800447   1.864404   1.830497   1.702815   1.496759 
 114.537666  
TUPLE  36.744804  
 16.321515  93.938108  -29.567637  99.824872 1
 12.726484  72.407568  -23.134963  77.071819 
 3.890807  23.232853  -6.968488  24.565868 
 45.824413  3.781923  -36.067457  58.438354 3
 45.434742  3.749764  -35.760754  57.953318 
 0.000000  0.000000  0.000000  0.000000 
 4.269673  
 1.322235  1.130423  0.902577  0.666179   0.449741   0.279370   0.175615   0.150989   0.208464   0.341107   0.532919   0.760765   0.997164   1.213601   1.383972   1.487728   1.512353   1.454878 
 124.618568  
TUPLE  31.800991  
 -60.912559  19.748159  -29.372743  70.449185 0
 -59.435522  19.269296  -28.660498  68.741041 
 0.000000  0.000000  0.000000  0.000000 
 -3.878228  -31.169241  6.775713  32.132110 0
 -3.726181  -29.947246  6.510070  30.872681 
 0.000000  0.000000  0.000000  0.000000 
 0.630892  
 0.621295  0.908842  1.209760  1.487752   1.709289   1.847650   1.886146   1.820135   1.657579   1.418084   1.130536   0.829619   0.551627   0.330090   0.191729   0.153232   0.219243   0.381799 
 106.905380  
TUPLE  33.402683  
 44.317128  -14.616200  -66.307120  81.081905 2
 24.213436  -7.754007  -35.598186  43.745462 
 23.260825  -7.903444  -35.432627  43.116984 
 4.292388  -42.740037  -16.357705  45.964224 1
 2.819651  -24.179278  -8.848640  25.901850 
 1.527534  -19.108220  -7.718781  20.665314 
 5.903096  
 0.201952  0.389375  0.608939  0.834161   1.037874   1.195510   1.288053   1.304344   1.242415   1.109737   0.922314   0.702750   0.477529   0.273815   0.116179   0.023636   0.007346   0.069274 
 115.277756  
TUPLE  35.796818  
 41.973646  4.557026  -42.532716  59.929837 3
 42.223562  4.584159  -42.785961  60.300926 
 0.000000  0.000000  0.000000  0.000000 
 -7.298575  29.145812  7.500077  30.967704 1
 -3.938581  16.786226  4.185759  17.743445 
 -3.438527  12.673195  3.395019  13.563839 
 0.776907  
 1.975654  1.901008  1.751743  1.545861   1.308196   1.067413   0.852554   0.689534   0.598016   0.589038   0.663684   0.812949   1.018831   1.256496   1.497280   1.712139   1.875159   1.966676 
 112.098656  
TUPLE  0.001334  
 -25.760225  33.676956  -25.195528  49.320799 1
 -2.891687  3.672839  -2.578390  5.340335 
 -23.356091  30.641501  -23.094002  44.919481 
 -34.570179  5.368921  25.128369  43.073862 3
 -34.077054  5.292332  24.769926  42.477786 
 0.000000  0.000000  0.000000  0.000000 
 1.193075  
 0.530203  0.289090  0.139150  0.098467   0.171949   0.350732   0.613253   0.927848   1.256571   1.559775   1.800887   1.950828   1.991510   1.918029   1.739245   1.476724   1.162130   0.833406 
 126.570862  
TUPLE  31.355324  
 91.685908  -54.146355  97.749917  144.544732 1
 34.957764  -20.605728  37.333743  55.140449 
 59.913626  -35.421886  63.812301  94.426588 
 4.773136  -39.796177  8.928423  41.063795 0
 4.671143  -38.945806  8.737639  40.186580 
 0.000000  0.000000  0.000000  0.000000 
 4.594810  
 1.282187  0.961512  0.638765  0.352876   0.138326   0.020993   0.015030   0.121155   0.326568   0.606494   0.927169   1.249915   1.535804   1.750354   1.867687   1.873651   1.767526   1.562112 
 115.422836  
TUPLE  36.744804  
 -13.359417  -117.637605  -34.384020  123.285607 1
 -3.153903  -27.518953  -8.236878  28.898193 
 -9.691671  -85.593999  -24.824641  89.646763 
 -40.220714  -1.841308  -1.393868  40.286960 3
 -38.035321  -1.741256  -1.318132  38.110662 
 0.000000  0.000000  0.000000  0.000000 
 3.903220  
 0.971370  0.683163  0.444631  0.284545   0.222212   0.265151   0.408184   0.634058   0.915529   1.218648   1.506855   1.745387   1.905474   1.967807   1.924867   1.781835   1.555961   1.274489 
 115.422554  
TUPLE  33.718788  
 58.026936  -13.106682  -66.197889  89.000399 1
 12.987708  -2.908142  -15.297664  20.277471 
 56.272101  -12.735744  -63.714687  85.955385 
 -5.757921  33.764672  -94.486371  100.503140 0
 -5.667431  33.234035  -93.001449  98.923758 
 0.000000  0.000000  0.000000  0.000000 
 3.887884  
 0.241848  0.065735  0.000664  0.054486   0.220708   0.479281   0.799017   1.141352   1.464996   1.730910   1.907024   1.972094   1.918272   1.752051   1.493478   1.173741   0.831406   0.507763 
 109.383659  
TUPLE  35.796818  
 33.806316  -83.998668  291.627633  305.360966 0
 33.679001  -83.682326  290.529356  304.211001 
 0.000000  0.000000  0.000000  0.000000 
 -0.627703  -35.252420  40.104780  53.399630 0
 -0.586488  -32.937771  37.471529  49.893644 
 0.000000  0.000000  0.000000  0.000000 
 3.506609  
 0.214075  0.132811  0.088100  0.085336   0.124852   0.201882   0.307135   0.427916   0.549656   0.657673   0.738938   0.783648   0.786412   0.746896   0.669866   0.564613   0.443833   0.322092 
 92.098198  
TUPLE  36.744804  
 47.278067  71.834652  24.093136  89.307962 2
 17.477722  25.347725  8.544053  31.953063 
 29.054747  45.354057  15.169121  55.994907 
 -28.140316  17.118196  -23.993239  40.750283 1
 -5.318469  3.543822  -4.629819  7.893002 
 -20.450706  12.131968  -17.341716  29.430756 
 4.009055  
 1.446721  1.182916  0.917390  0.682168   0.505621   0.409044   0.404085   0.491343   0.660292   0.890555   1.154360   1.419886   1.655108   1.831655   1.928232   1.933191   1.845933   1.676984 
 125.016289  
TUPLE  53.569981  
 -50.312974  0.558555  57.877925  76.691340 1
 -31.420744  0.159121  35.740725  47.588942 
 -16.452447  0.372353  19.330578  25.387224 
 -41.941241  -18.373064  -13.682665  47.789669 0
 -41.682480  -18.259709  -13.598248  47.495031 
 0.000000  0.000000  0.000000  0.000000 
 6.132716  
 0.458748  0.655396  0.871469  1.080907   1.258447   1.382676   1.438609   1.419502   1.327657   1.174153   0.977505   0.761431   0.551994   0.374454   0.250225   0.194291   0.213399   0.305244 
 113.303322  
TUPLE  35.796818  
 14.057666  75.391556  -20.222230  79.312315 2
 10.503157  54.051517  -14.370101  56.906960 
 3.453058  20.795936  -5.706187  21.840971 
 -64.399986  8.379305  32.658022  72.691934 1
 -17.083685  2.071602  8.341492  19.124429 
 -52.239024  6.948208  26.812903  59.128193 
 1.082775  
 0.181721  0.278185  0.472120  0.740134   1.049903   1.364062   1.644719   1.858024   1.978248   1.990891   1.894427   1.700492   1.432477   1.122709   0.808550   0.527893   0.314588   0.194364 
 175.725967  
TUPLE  31.355324  
 -16.462091  -43.988367  -190.972935  196.663771 1
 -6.221756  -16.370130  -70.412291  72.557575 
 -10.394348  -28.029774  -122.347315  125.946791 
 -18.938094  33.597548  -103.462128  110.416749 1
 -7.479338  14.207348  -42.213626  45.164133 
 -13.851853  23.635721  -74.322395  79.210844 
 1.618571  
 0.480535  0.740775  1.041372  1.346069   1.618114   1.824695   1.940896   1.952701   1.858686   1.670190   1.409950   1.109353   0.804657   0.532611   0.326030   0.209829   0.198024   0.292039 
 96.698540  
TUPLE  33.402683  
 -15.733502  -51.908473  -23.702104  59.193094 1
 -2.655037  -8.332518  -3.602236  9.459158 
 -14.449903  -48.100657  -22.165907  54.898257 
 30.817650  -17.633567  28.231396  45.361679 3
 30.321385  -17.349608  27.776779  44.641176 
 0.000000  0.000000  0.000000  0.000000 
 6.020941  
 0.262803  0.130926  0.052743  0.037686   0.087569   0.196377   0.350985   0.532745   0.719735   0.889401   1.021278   1.099461   1.114519   1.064635   0.955828   0.801220   0.619459   0.432469 
 123.284065  
TUPLE  33.718788  
 -79.597979  66.190640  119.374577  158.010533 1
 -19.220128  16.245489  29.365869  38.674319 
 -56.416769  46.651257  84.068194  111.474980 
 -39.917130  40.702165  1.088621  57.019545 0
 -39.690474  40.471051  1.082440  56.695951 
 0.000000  0.000000  0.000000  0.000000 
 4.051161  
 1.259546  1.486770  1.636876  1.691760   1.644802   1.501664   1.279613   1.005430   0.712186   0.435251   0.208027   0.057920   0.003037   0.049995   0.193133   0.415184   0.689367   0.982611 
 128.163055  
TUPLE  31.800991  
 23.316597  57.147696  -29.626742  68.463616 0
 15.751681  38.606504  -20.014541  46.251259 
 0.000000  0.000000  0.000000  0.000000 
 -46.507875  39.771821  -57.619381  84.052206 1
 -19.624446  16.858890  -24.010879  35.297066 
 -27.330990  23.295668  -34.162992  49.566112 
 5.810909  
 1.036498  1.067789  1.061082  1.017187   0.941398   0.842856   0.733448   0.626368   0.534533   0.469019   0.437729   0.444435   0.488330   0.564119   0.662661   0.772070   0.879149   0.970984 
 133.444305  
TUPLE  35.796818  
 1.557670  -82.803616  13.995016  83.992414 1
 0.381621  -10.407872  1.860514  10.580663 
 1.155036  -71.278541  11.945678  72.281961 
 -37.367154  10.083904  2.137855  38.762866 2
 -6.167708  2.024672  0.379475  6.504106 
 -33.370728  8.645178  1.882604  34.528566 
 0.353793  
 1.378701  1.064955  0.753765  0.482666   0.284357   0.182755   0.190117   0.305553   0.515141   0.793601   1.107347   1.418537   1.689636   1.887945   1.989547   1.982185   1.866749   1.657161 
 129.069504  
TUPLE  33.402683  
 -50.341584  -13.536716  -138.248290  147.750152 1
 -45.544013  -12.339055  -125.737400  134.299749 
 -4.466845  -1.108724  -11.602641  12.482848 
 14.115496  -43.888045  -136.302836  143.888397 1
 13.396347  -42.349571  -130.989800  138.315926 
 1.324691  -3.421225  -11.160287  11.748609 
 4.804870  
 0.038958  0.072881  0.125111  0.189347   0.257842   0.322335   0.375046   0.409617   0.421880   0.410355   0.376431   0.324202   0.259965   0.191470   0.126978   0.074267   0.039695   0.027432 
 109.425682  
TUPLE  44.201973  
 37.401043  -33.693991  56.763587  75.869809 1
 9.663032  -8.284568  14.530721  19.317598 
 28.618354  -26.202507  43.568961  58.342559 
 -26.803264  -21.390867  190.295563  193.360765 1
 -22.668670  -18.528853  162.106712  164.729453 
 -5.226226  -3.733208  35.939110  36.508740 
 1.145693  
 0.855046  1.149662  1.434005  1.673779   1.840065   1.912805   1.883227   1.754897   1.543295   1.273942   0.979326   0.694983   0.455209   0.288923   0.216183   0.245761   0.374091   0.585693 
 116.149750  
TUPLE  0.001334  
 -37.384236  65.841743  40.060389  85.659507 1
 -35.922346  63.218970  38.410485  82.234044 
 -2.261792  4.031564  2.507060  5.260492 
 -36.482188  -20.886456  50.367848  65.605748 1
 -6.927594  -3.734875  9.055965  11.998784 
 -33.534766  -19.430279  46.806973  60.770282 
 2.428147  
 0.514866  0.543058  0.617012  0.727806   0.862077   1.003631   1.135394   1.241473   1.309073   1.330042   1.301849   1.227896   1.117101   0.982830   0.841276   0.709513   0.603435   0.535834 
 137.255676  
TUPLE  31.800991  
 35.327040  72.617871  -98.508799  127.378720 1
 31.228638  64.077585  -87.047276  112.509611 
 4.726832  9.832068  -13.213882  17.135851 
 -35.278642  54.447318  -1.772853  64.901742 1
 -27.534971  42.265327  -1.344971  50.461480 
 -4.858205  7.728705  -0.282880  9.134182 
 6.028942  
 0.731185  0.987563  1.233235  1.438568   1.578796   1.637006   1.606177   1.490027   1.302565   1.066403   0.810025   0.564353   0.359020   0.218792   0.160582   0.191411   0.307561   0.495023 
 122.821999  
TUPLE  0.305674  
 -1.920535  81.188210  128.436705  151.957892 1
 -1.810270  77.054144  121.899140  144.222183 
 -0.074628  2.627406  4.154088  4.917672 
 27.699301  13.423396  -4.228669  31.069607 2
 14.536085  6.646382  -2.391008  16.161947 
 15.331781  7.827925  -2.168722  17.357046 
 5.232757  
 0.923939  0.747748  0.598345  0.493751   0.446580   0.462523   0.539656   0.668676   0.834022   1.015750   1.191941   1.341344   1.445938   1.493109   1.477166   1.400033   1.271013   1.105667 
 116.836433  
TUPLE  1.274791  
 -44.872813  -5.203503  -46.410001  64.765222 1
 -34.482259  -4.280026  -35.950316  49.997895 
 -10.797295  -0.970645  -10.880359  15.359823 
 -2.517493  42.942531  -53.952748  69.002158 1
 -0.333899  5.589291  -7.415926  9.293390 
 -2.240672  38.326891  -47.760111  61.278198 
 3.997741  
 1.748363  1.526770  1.250269  0.952211   0.668545   0.433486   0.275385   0.213312   0.254753   0.394711   0.616304   0.892805   1.190863   1.474529   1.709588   1.867689   1.929762   1.888320 
 120.443619  
TUPLE  0.718627  
 -16.400924  -184.357654  -64.396721  195.968550 1
 -12.638843  -141.744401  -49.569654  150.693018 
 -3.134294  -35.556613  -12.362161  37.774830 
 -51.297843  -80.356239  -92.750656  133.008564 1
 -42.117766  -65.778571  -75.858851  108.882099 
 -8.171408  -12.997645  -15.068069  21.512220 
 1.865133  
 1.867270  1.877741  1.783757  1.596652   1.338995   1.041862   0.741092   0.472962   0.269814   0.156149   0.145677   0.239661   0.426766   0.684424   0.981557   1.282326   1.550456   1.753604 
 121.064125  
TUPLE  33.402683  
 -2.404965  -100.053514  -47.539635  110.799398 1
 -2.198805  -93.565519  -44.427772  103.601098 
 -0.169275  -4.953258  -2.382644  5.500785 
 68.788562  -54.310866  16.462294  89.177035 1
 5.245919  -4.104390  1.352532  6.798125 
 64.726831  -51.141432  15.393158  83.916484 
 0.624554  
 0.440739  0.521456  0.588101  0.632635   0.649686   0.637197   0.596676   0.533009   0.453876   0.368821   0.288104   0.221459   0.176925   0.159875   0.172363   0.212884   0.276551   0.355684 
 131.886597  
TUPLE  31.355324  
 -75.644333  15.134468  43.229504  88.430239 1
 -9.945310  2.103700  5.850460  11.729540 
 -67.498205  13.390731  38.407246  78.806434 
 41.359549  34.843684  47.487132  71.970288 2
 16.065772  13.245978  18.287634  27.713209 
 23.912394  20.433949  27.613457  41.864917 
 2.359528  
 0.831368  0.980330  1.142362  1.297921   1.428244   1.517613   1.555249   1.536611   1.463948   1.346025   1.197063   1.035032   0.879472   0.749149   0.659780   0.622144   0.640782   0.713445 
 155.719345  
TUPLE  36.744804  
 74.806101  -85.987412  -108.874542  157.618063 1
 5.412518  -6.629617  -7.936089  11.672539 
 73.625770  -84.222564  -107.098069  154.868360 
 60.264550  14.415782  -58.293588  85.075103 0
 60.378951  14.443148  -58.404248  85.236717 
 0.000000  0.000000  0.000000  0.000000 
 0.338084  
 1.526371  1.728740  1.863175  1.913463   1.873536   1.748212   1.552606   1.310311   1.050551   0.804658   0.602289   0.467853   0.417566   0.457492   0.582816   0.778422   1.020717   1.280477 
 110.209854  
TUPLE  36.744804  
 46.647592  16.556486  47.543768  68.633264 3
 46.444553  16.484422  47.336828  68.349662 
 0.000000  0.000000  0.000000  0.000000 
 -33.883119  21.041714  67.059233  78.024100 1
 -7.938921  5.273063  15.535139  18.226126 
 -25.256250  15.341425  50.162554  58.219735 
 1.984204  
 0.688967  0.476478  0.288031  0.146354   0.068537   0.063964   0.133188   0.267859   0.451734   0.662635   0.875123   1.063570   1.205247   1.283064   1.287637   1.218413   1.083742   0.899867 
 122.531685  
TUPLE  36.744804  
 -27.321481  -45.334840  51.061607  73.545895 1
 -7.924058  -12.988688  15.197792  21.505559 
 -23.055255  -38.415624  42.699993  61.891943 
 -36.693964  0.847678  132.159787  137.161856 2
 -20.281262  0.120692  72.447004  75.232520 
 -21.321596  0.840389  77.393034  80.284059 
 5.958992  
 0.653666  0.590651  0.526830  0.469903   0.426734   0.402531   0.400212   0.420059   0.459676   0.514285   0.577300   0.641121   0.698049   0.741217   0.765421   0.767739   0.747893   0.708275 
 120.114563  
TUPLE  44.201973  
 -11.953400  112.543557  128.107083  170.939641 1
 -0.322282  3.765357  4.125682  5.596652 
 -11.371316  106.332165  121.197102  161.631036 
 -46.912574  19.073512  10.573190  51.733749 1
 -21.448692  8.513111  4.848761  23.580700 
 -22.261891  9.258555  5.002762  24.624347 
 2.126617  
 1.749116  1.853578  1.913670  1.922143   1.877975   1.786495   1.658734   1.510105   1.358532   1.222299   1.117837   1.057745   1.049272   1.093440   1.184921   1.312681   1.461311   1.612883 
 134.935486  
TUPLE  33.718788  
 80.861211  -22.918875  -255.145987  268.632249 1
 3.363944  -1.016002  -10.817946  11.375228 
 80.802232  -22.839614  -254.756376  268.237727 
 -4.486346  39.902300  -140.581194  146.203258 1
 -2.653283  26.935751  -95.228074  98.999900 
 -1.646268  11.305172  -39.499861  41.119026 
 1.048083  
 0.384022  0.598246  0.850879  1.111448   1.348526   1.533518   1.644110   1.666963   1.599322   1.449344   1.235120   0.982487   0.721918   0.484840   0.299848   0.189256   0.166403   0.234044 
 126.251198  
TUPLE  35.796818  
 -23.308713  -39.300984  -4.210476  45.886725 1
 -6.497227  -10.248333  -1.354022  12.210452 
 -17.885988  -30.864381  -3.050552  35.802831 
 6.039855  -32.933263  54.688145  64.123887 1
 1.813575  -11.759446  18.959306  22.384110 
 4.905544  -24.877617  41.879274  48.957655 
 2.343153  
 0.923779  0.626246  0.358611  0.153153   0.034654   0.017407   0.103491   0.282525   0.532913   0.824456   1.121988   1.389624   1.595082   1.713580   1.730828   1.644743   1.465709   1.215321 
 113.147972  
TUPLE  36.744804  
 -46.475152  49.194234  65.517721  94.194396 1
 -23.367842  24.312789  32.525446  46.851808 
 -21.150424  22.810060  30.233574  43.378872 
 -65.302129  -17.173081  44.877847  81.075914 0
 -66.206278  -17.410853  45.499209  82.198580 
 0.000000  0.000000  0.000000  0.000000 
 1.749895  
 1.340985  1.098171  0.874773  0.697735   0.588410   0.559984   0.615887   0.749376   0.944349   1.177290   1.420103   1.643501   1.820539   1.929864   1.958290   1.902387   1.768899   1.573926 
 98.441666  
TUPLE  35.796818  
 -43.785134  32.640877  27.039465  60.940114 1
 -7.439610  5.568702  4.225729  10.209530 
 -37.465344  27.906978  23.505280  52.296920 
 -42.815155  -21.718145  1.337011  48.027106 3
 -43.041191  -21.832803  1.344069  48.291645 
 0.000000  0.000000  0.000000  0.000000 
 1.211424  
 1.598196  1.820523  1.959550  1.998510   1.932703   1.770066   1.530216   1.242082   0.940417   0.661607   0.439280   0.300252   0.261292   0.327100   0.489736   0.729587   1.017721   1.319385 
 110.207642  
TUPLE  0.001334  
 -68.724311  28.942655  2.447871  74.610323 1
 -8.462976  3.605287  0.188331  9.201902 
 -66.421840  27.931811  2.478970  72.098616 
 -2.547759  62.853095  31.937270  70.547799 0
 -2.539607  62.651987  31.835082  70.322208 
 0.000000  0.000000  0.000000  0.000000 
 4.833109  
 1.224364  1.005893  0.804789  0.645308   0.546686   0.520818   0.570824   0.690672   0.865908   1.075395   1.293866   1.494970   1.654451   1.753073   1.778942   1.728935   1.609087   1.433851 
 103.117485  
TUPLE  35.796818  
 -118.644898  0.485315  -22.584374  120.776245 1
 -83.519343  0.400696  -15.814634  85.004491 
 -29.186873  0.060329  -5.639296  29.727043 
 -18.998693  -39.049765  -42.926473  61.061580 2
 -5.082780  -10.963928  -11.723807  16.837740 
 -15.374987  -31.084804  -34.499360  48.927911 
 3.768574  
 0.134565  0.016895  0.013816  0.125701   0.339054   0.628142   0.958096   1.289119   1.581285   1.799355   1.917025   1.920103   1.808219   1.594866   1.305778   0.975824   0.644800   0.352634 
 112.216072  
TUPLE  35.796818  
 -67.375722  -48.470536  -48.913340  96.340000 1
 -63.366872  -46.874536  -46.458244  91.493008 
 -10.377381  -6.177568  -7.078518  13.999144 
 -2.333451  -54.119558  -88.637408  103.879554 1
 -1.210953  -32.414365  -52.959976  62.104234 
 -1.264456  -24.997554  -41.069690  48.095886 
 4.607308  
 0.436727  0.340899  0.278444  0.256896   0.278854   0.341668   0.437764   0.555550   0.680819   0.798463   0.894291   0.956746   0.978294   0.956336   0.893521   0.797426   0.679640   0.554371 
 144.146271  
TUPLE  36.744804  
 39.644143  57.429035  -55.211716  88.983626 0
 39.478457  57.189020  -54.980968  88.611844 
 0.000000  0.000000  0.000000  0.000000 
 52.208687  12.506374  26.067345  59.679669 1
 4.242410  1.176483  2.157541  4.904754 
 54.776296  12.961149  27.309974  62.564262 
 4.452034  
 1.830824  1.874792  1.880328  1.846763   1.778147   1.682755   1.572092   1.459508   1.358580   1.281482   1.237514   1.231978   1.265543   1.334160   1.429552   1.540214   1.652799   1.753727 
 122.037682  
TUPLE  33.402683  
 2.579225  -51.882828  17.870187  54.934724 1
 0.351392  -10.293036  3.591280  10.908109 
 1.930135  -35.601420  12.216310  37.688765 
 -30.465227  0.474392  25.090690  39.470214 1
 -3.234527  -0.157451  2.758423  4.256211 
 -27.726537  0.639567  22.740631  35.865365 
 0.460315  
 0.454385  0.629608  0.832255  1.037885   1.221695   1.361515   1.440481   1.449069   1.386242   1.259579   1.084356   0.881709   0.676079   0.492269   0.352449   0.273483   0.264895   0.327722 
 95.881248  
TUPLE  31.800991  
 -34.067006  65.631862  13.020978  75.084273 1
 -1.691435  3.293887  0.621360  3.757155 
 -32.278594  62.151128  12.362550  71.116251 
 37.255418  -7.605495  -13.601333  40.383239 0
 37.114734  -7.576775  -13.549971  40.230985 
 0.000000  0.000000  0.000000  0.000000 
 5.513079  
 0.287464  0.158494  0.073409  0.042471   0.069412   0.150983   0.277345   0.433256   0.599912   0.757212   0.886182   0.971268   1.002206   0.975264   0.893694   0.767332   0.611420   0.444764 
 134.794159  
TUPLE  33.402683  
 79.573613  36.469135  -5.163990  87.684802 1
 61.064501  28.149022  -3.981597  67.358098 
 16.929672  7.596246  -1.079894  18.587660 
 -7.319603  36.693850  15.854099  40.637023 0
 -7.237418  36.281846  15.676086  40.180987 
 0.000000  0.000000  0.000000  0.000000 
 1.335666  
 1.886065  1.686332  1.407706  1.083793   0.753661   0.457130   0.229965   0.099566   0.081661   0.178410   0.378142   0.656768   0.980681   1.310813   1.607344   1.834509   1.964908   1.982813 
 135.677017  
TUPLE  33.718788  
 181.997126  31.564257  44.753409  190.058211 1
 142.276126  24.884435  34.880640  148.588053 
 35.680921  5.979139  8.879306  37.252362 
 51.259722  36.587509  -50.338509  80.623634 1
 46.651425  33.273256  -45.940426  73.443906 
 3.865395  2.783995  -3.668535  6.014007 
 3.068853  
 1.027445  1.103932  1.117615  1.066843   0.957742   0.803468   0.622632   0.437043   0.269088   0.139022   0.062536   0.048853   0.099624   0.208726   0.362999   0.543836   0.729425   0.897380 
 142.379684  
TUPLE  33.718788  
 -40.087679  28.984732  -116.080275  126.181484 2
 -30.503327  22.023633  -88.249843  95.935122 
 -9.656399  7.013199  -28.039068  30.474468 
 12.988345  34.772534  -9.832142  38.399183 1
 0.871734  2.764468  -0.868798  3.029273 
 12.367625  32.680089  -9.153363  36.121305 
 1.274679  
 1.627522  1.556454  1.397628  1.170200   0.901600   0.624228   0.371536   0.174005   0.055458   0.030196   0.101263   0.260090   0.487518   0.756117   1.033490   1.286181   1.483713   1.602259 
 111.606926  
TUPLE  31.800991  
 -14.209362  43.411349  3.515179  45.812745 1
 -12.413329  37.035974  3.186992  39.190949 
 -2.127957  7.389454  0.410300  7.701870 
 -40.067309  -6.291857  -23.771446  47.011258 3
 -39.791046  -6.248471  -23.607541  46.698775 
 0.000000  0.000000  0.000000  0.000000 
 0.107513  
 0.947744  1.241557  1.493203  1.672331   1.757336   1.737964   1.616551   1.407743   1.136724   0.836184   0.542371   0.290725   0.111596   0.026592   0.045964   0.167376   0.376185   0.647203 
 102.071442  
TUPLE  0.001334  
 -109.997990  53.838441  146.167970  190.691402 1
 -71.048819  33.608250  93.339630  122.023584 
 -17.394960  9.680494  24.186593  31.325806 
 -79.347587  -35.341598  82.520700  119.811243 0
 -74.563908  -33.210936  77.545721  112.588192 
 0.000000  0.000000  0.000000  0.000000 
 5.000933  
 0.104617  0.024215  0.062425  0.214639   0.462496   0.776101   1.117630   1.445889   1.721284   1.910600   1.991001   1.952791   1.800578   1.552721   1.239115   0.897586   0.569328   0.293932 
 119.840202  
TUPLE  0.305674  
 -86.392395  -28.106989  -139.923607  166.830047 1
 -87.287077  -28.848530  -141.974310  169.138983 
 -6.528145  -1.673419  -9.971526  12.036052 
 -28.775798  30.948962  -140.370341  146.593716 1
 -2.744826  3.186732  -13.972400  14.592353 
 -26.495814  28.262172  -128.665452  134.371111 
 1.659974  
 1.575521  1.465277  1.284454  1.054862   0.804194   0.562683   0.359459   0.219035   0.158347   0.184715   0.294959   0.475782   0.705374   0.956042   1.197553   1.400777   1.541201   1.601889 
 102.469704  
TUPLE  33.402683  
 7.289783  55.842354  -49.339600  74.872596 1
 0.748580  5.665483  -4.861541  7.504140 
 6.850870  52.549035  -46.573987  70.551329 
 51.624551  2.280178  26.055099  57.871942 1
 35.046965  2.217486  17.848696  39.392923 
 18.886507  0.158879  9.370335  21.084278 
 3.002542  
 0.299743  0.115548  0.024439  0.037405   0.152882   0.356942   0.624972   0.924644   1.219812   1.474877   1.659072   1.750181   1.737215   1.621738   1.417678   1.149648   0.849976   0.554808 
 134.622757  
TUPLE  33.718788  
 -61.837998  -14.817972  153.171656  165.846515 1
 -9.402795  -2.153581  22.555319  24.531864 
 -59.781572  -14.424769  148.813174  161.019531 
 -47.526237  42.107846  63.896240  90.080760 1
 -8.736594  7.817964  11.449862  16.388028 
 -43.807040  38.735256  59.191977  83.205680 
 4.522952  
 0.378974  0.154550  0.031323  0.024158   0.133919   0.347366   0.638755   0.972941   1.309614   1.608169   1.832593   1.955820   1.962985   1.853224   1.639777   1.348388   1.014202   0.677529 
 116.343666  
TUPLE  33.402683  
 -131.776018  -49.248915  81.627158  162.644912 0
 -138.056134  -51.595995  85.517305  170.396219 
 0.000000  0.000000  0.000000  0.000000 
 -36.999297  2.382559  -16.639192  40.638495 1
 -19.011210  1.297509  -8.237693  20.760267 
 -21.642975  1.320401  -10.045161  23.897391 
 0.964373  
 0.892541  0.824527  0.789897  0.792829   0.832969   0.905476   1.001604   1.109759   1.216895   1.310091   1.378105   1.412735   1.409803   1.369663   1.297156   1.201028   1.092873   0.985737 
 109.405777  
TUPLE  44.201973  
 95.059296  48.210344  104.478926  149.252649 0
 91.354058  46.331193  100.406528  143.435120 
 0.000000  0.000000  0.000000  0.000000 
 -0.887660  41.123163  13.190819  43.196067 1
 0.120915  6.018746  2.014892  6.349739 
 -1.018778  35.577151  11.327562  37.351083 
 4.981760  
 0.592748  0.664871  0.699349  0.692022   0.643775   0.560426   0.452028   0.331657   0.213830   0.112759   0.040635   0.006158   0.013485   0.061732   0.145081   0.253479   0.373850   0.491677 
 133.919403  
TUPLE  33.402683  
 171.971744  -124.830312  256.948778  333.435994 1
 38.636495  -28.026358  57.939717  75.068540 
 132.626095  -96.289191  197.949500  256.992825 
 73.773150  -96.995095  294.015004  318.269302 1
 62.879001  -83.104694  251.625882  272.352277 
 16.081648  -20.710737  63.063227  68.297459 
 0.241378  
 1.759978  1.584587  1.329577  1.025705   0.709624   0.419457   0.190202   0.049512   0.014355   0.088972   0.264364   0.519374   0.823246   1.139327   1.429494   1.658749   1.799439   1.834596 
 136.818161  
TUPLE  35.796818  
 31.804946  67.983885  -66.536019  100.301571 3
 31.728203  67.819852  -66.375478  100.069730 
 0.000000  0.000000  0.000000  0.000000 
 60.525809  22.170571  -201.763537  211.809897 1
 43.544196  15.870113  -146.618061  153.768764 
 13.863977  5.158473  -44.752765  47.134360 
 0.367835  
 0.588269  0.521341  0.541770  0.647093   0.824606   1.052899   1.304436   1.548878   1.756741   1.902955   1.969884   1.949455   1.844132   1.666619   1.438326   1.186789   0.942347   0.734483 
 113.261314  
TUPLE  35.796818  
 102.202944  -71.763391  102.906002  161.818019 1
 9.351632  -6.465138  9.762199  14.985694 
 93.055061  -65.441318  93.348949  147.159284 
 108.410280  -0.382115  12.455748  109.124151 0
 113.799246  -0.401110  13.074910  114.548689 
 0.000000  0.000000  0.000000  0.000000 
 4.667493  
 1.109564  1.160965  1.258528  1.390484   1.540918   1.691685   1.824602   1.923635   1.976840   1.977800   1.926399   1.828836   1.696880   1.546446   1.395679   1.262762   1.163729   1.110524 
 153.243790  
TUPLE  33.402683  
 62.643240  39.792654  -30.744388  80.329622 1
 26.638069  17.163668  -13.035848  34.265596 
 33.970100  21.336255  -16.709757  43.456159 
 31.256294  -31.997697  -33.280997  55.753326 3
 30.780641  -31.510759  -32.774531  54.913620 
 0.000000  0.000000  0.000000  0.000000 
 4.509742  
 0.117737  0.121852  0.237403  0.450454   0.735308   1.057607   1.378476   1.659216   1.865963   1.973781   1.969667   1.854116   1.641064   1.356211   1.033912   0.713042   0.432303   0.225556 
 105.329063  
TUPLE  31.800991  
 -28.913535  -42.147803  -26.191993  57.432136 1
 -25.948504  -38.687891  -23.988164  52.397798 
 -2.440938  -2.695932  -1.729068  4.029159 
 -27.094518  20.776534  6.899292  34.833568 0
 -26.807516  20.556457  6.826210  34.464873 
 0.000000  0.000000  0.000000  0.000000 
 1.263726  
 0.382907  0.312648  0.335908  0.449882   0.640821   0.885696   1.154972   1.416170   1.637785   1.793087   1.863346   1.840086   1.726113   1.535173   1.290298   1.021022   0.759825   0.538209 
 109.530716  
TUPLE  35.796818  
 -152.394078  4.923591  -31.096884  155.612380 3
 -153.465858  4.958220  -31.315586  156.713004 
 0.000000  0.000000  0.000000  0.000000 
 -33.836130  -35.866491  -34.036528  59.914724 1
 -32.091032  -34.029906  -32.275871  56.829747 
 -1.574909  -1.656181  -1.589457  2.787090 
 0.159903  
 1.319676  1.043530  0.750559  0.476100   0.253256   0.108906   0.060460   0.113762   0.262382   0.488396   0.764542   1.057512   1.331972   1.554815   1.699166   1.747612   1.694310   1.545689 
 116.937485  
TUPLE  33.718788  
 96.969451  -104.153812  -10.185301  142.670359 1
 62.123153  -66.075988  -6.709255  90.941497 
 32.239270  -35.277643  -3.202213  47.897338 
 -11.294908  -34.111000  -7.715642  36.751414 0
 -11.205847  -33.842034  -7.654804  36.461895 
 0.000000  0.000000  0.000000  0.000000 
 0.209495  
 0.086884  0.077987  0.183274  0.390047   0.673365   0.999055   1.327836   1.620051   1.840455   1.962463   1.971360   1.866073   1.659300   1.375983   1.050292   0.721511   0.429296   0.208893 
 123.094887  
TUPLE  33.718788  
 68.349416  71.312681  -111.963827  149.308539 1
 33.935285  34.788491  -55.041130  73.426073 
 35.015379  37.151505  -57.907606  77.198576 
 63.786685  -12.710324  -39.923703  76.316418 1
 13.780339  -3.068910  -8.996688  16.741440 
 48.891993  -9.419365  -30.229548  58.249423 
 4.460474  
 0.444304  0.387385  0.415558  0.525423   0.703729   0.928971   1.173981   1.409206   1.606275   1.741420   1.798338   1.770166   1.660301   1.481994   1.256753   1.011743   0.776518   0.579448 
 114.470230  
TUPLE  33.402683  
 -27.953538  78.141775  58.254876  101.396094 1
 -24.885185  69.539907  51.709483  90.160752 
 -2.196629  6.165038  4.728732  8.075395 
 -40.382345  7.591375  -18.778829  45.177507 3
 -38.833998  7.300304  -18.058808  43.461689 
 0.000000  0.000000  0.000000  0.000000 
 0.031638  
 0.100893  0.157803  0.322051  0.573826   0.882760   1.211591   1.520657   1.772681   1.937264   1.994555   1.937645   1.773397   1.521622   1.212688   0.883857   0.574791   0.322767   0.158184 
 160.548859  
TUPLE  44.201973  
 -71.007120  32.564024  -54.349112  95.164346 1
 -4.870476  2.203676  -3.849981  6.589352 
 -68.316622  31.360086  -52.167693  91.499193 
 -51.340973  -23.708307  25.122782  61.879993 1
 -3.983113  -1.838724  1.787409  4.739240 
 -47.483411  -21.927561  23.396810  57.296782 
 4.887290  
 0.221325  0.147897  0.133436  0.179685   0.281068   0.425354   0.595143   0.769953   0.928702   1.052240   1.125669   1.140130   1.093881   0.992498   0.848211   0.678423   0.503612   0.344864 
 145.067795  
TUPLE  0.001334  
 94.171704  -13.197954  51.415333  108.101954 1
 80.699945  -11.344342  44.062642  92.642923 
 10.766243  -1.474440  5.875549  12.354200 
 11.733560  49.694391  34.286086  61.504021 2
 2.024856  8.206508  5.378031  10.019457 
 10.195497  43.549559  30.330484  54.041867 
 1.123626  
 1.278640  1.164038  1.060592  0.980778   0.934225   0.926546   0.958669   1.026718   1.122485   1.234421   1.349023   1.452470   1.532283   1.578836   1.586515   1.554392   1.486344   1.390576 
 127.414536  
TUPLE  33.718788  
 31.182135  -61.969879  6.543618  69.680775 2
 15.585815  -30.521327  3.173099  34.417395 
 16.137123  -32.523320  3.484008  36.483101 
 51.272312  2.891162  12.865248  52.940754 1
 39.986601  2.426807  10.034818  41.298120 
 10.037644  0.393979  2.517265  10.356851 
 5.776833  
 1.461783  1.581970  1.620305  1.572163   1.443351   1.249405   1.013720   0.764721   0.532441   0.344897   0.224710   0.186376   0.234518   0.363330   0.557275   0.792961   1.041960   1.274239 
 118.147842  
TUPLE  33.402683  
 -16.856777  74.066702  -126.050669  147.169285 2
 -8.329501  35.681415  -61.064571  71.214081 
 -7.967172  35.924254  -60.797782  71.066666 
 32.238445  11.697824  -30.883011  46.151021 1
 8.928815  3.414963  -8.187730  12.587458 
 24.984763  8.890689  -24.299985  35.969296 
 1.027266  
 1.570066  1.473563  1.302775  1.078300   0.827214   0.579802   0.365905   0.211322   0.134698   0.145275   0.241778   0.412567   0.637042   0.888128   1.135540   1.349437   1.504020   1.580644 
 127.475899  
TUPLE  44.201973  
 86.916891  5.501610  -142.998324  167.431582 1
 37.433900  2.331952  -60.888627  71.513490 
 49.607864  3.177562  -82.315141  96.160479 
 -11.772779  51.672953  -48.286227  71.695551 1
 -10.352316  45.549392  -42.417521  63.096617 
 -0.890012  3.795310  -3.693051  5.371531 
 3.122375  
 1.423555  1.495344  1.590386  1.697217   1.802951   1.894836   1.961788   1.995732   1.992575   1.952697   1.880907   1.785865   1.679035   1.573300   1.481416   1.414464   1.380519   1.383676 
 132.071884  
TUPLE  33.718788  
 -32.338324  187.830714  -308.588479  362.702349 2
 -1.453846  7.822156  -12.870994  15.132143 
 -30.586577  178.278260  -292.874781  344.230137 
 -59.139753  48.429634  -138.170147  157.904811 1
 -52.925555  43.464321  -124.178779  141.812024 
 -6.649267  5.321596  -15.007835  17.256462 
 4.533243  
 1.494872  1.445912  1.342319  1.196588   1.026296   0.851983   0.694674   0.573342   0.502622   0.491043   0.540003   0.643596   0.789328   0.959620   1.133933   1.291242   1.412574   1.483294 
 120.095306  
TUPLE  35.796818  
 -66.294035  11.516176  -95.697013  116.984784 1
 -45.589803  8.339217  -65.567673  80.293909 
 -22.468798  3.483487  -32.676538  39.808993 
 -0.447513  -48.137893  -34.020211  58.947703 2
 0.262643  -18.070029  -12.906202  22.207757 
 -0.755783  -34.975653  -24.582461  42.802958 
 1.990084  
 1.736320  1.878666  1.912607  1.834049   1.652467   1.389763   1.077622   0.753694   0.457049   0.223466   0.081120   0.047179   0.125737   0.307318   0.570023   0.882163   1.206092   1.502737 
 119.022598  
TUPLE  44.201973  
 15.401347  100.515791  -32.836178  106.858974 1
 6.136716  39.270172  -13.133676  41.860705 
 8.921349  59.005191  -18.970606  62.618729 
 -32.746755  -11.607320  4.139833  34.988828 1
 -4.901356  -2.045112  0.459675  5.332594 
 -29.040939  -9.985974  3.831297  30.948229 
 0.405186  
 0.197465  0.364735  0.561529  0.764111   0.948046   1.091149   1.176159   1.192824   1.139133   1.021562   0.854291   0.657497   0.454916   0.270981   0.127878   0.042868   0.026203   0.079894 
 148.407059  
TUPLE  44.201973  
 11.749577  -55.654075  -25.965722  62.527173 1
 1.691280  -8.283394  -3.714216  9.235254 
 10.846746  -51.105301  -23.993914  57.490258 
 -53.307769  -7.289945  -20.848198  57.701897 0
 -53.882139  -7.368492  -21.072828  58.323778 
 0.000000  0.000000  0.000000  0.000000 
 0.092384  
 0.521974  0.821093  1.146496  1.458933   1.720721   1.900285   1.975965   1.938634   1.792795   1.556038   1.256919   0.931516   0.619079   0.357291   0.177727   0.102047   0.139378   0.285217 
 117.425949  
TUPLE  36.744804  
 -29.688795  39.587628  1.750790  49.514342 1
 -13.767927  19.042249  1.041367  23.521628 
 -19.946758  25.913575  0.946835  32.715459 
 37.815543  21.793180  -29.788184  52.842160 2
 5.916091  3.383986  -4.508542  8.172999 
 33.198925  19.158084  -26.303268  46.517296 
 0.701327  
 0.902978  1.121096  1.360279  1.591679   1.787385   1.923793   1.984450   1.962039   1.859264   1.688521   1.470404   1.231221   0.999821   0.804114   0.667706   0.607049   0.629460   0.732235 
 121.358345  
TUPLE  33.402683  
 -115.838400  -11.068551  -6.136348  116.527690 1
 -28.790038  -2.755715  -1.328157  28.952440 
 -79.867395  -7.626677  -4.427792  80.352912 
 -60.986978  -61.987406  38.917884  95.270414 1
 -39.822211  -39.869958  24.941092  61.623855 
 -20.121005  -21.056557  13.310729  32.022291 
 4.072410  
 0.257082  0.307102  0.455089  0.683193   0.963902   1.263357   1.545441   1.776129   1.927597   1.981576   1.931556   1.783569   1.555465   1.274756   0.975301   0.693217   0.462529   0.311061 
 102.353760  
TUPLE  53.569981  
 -65.343319  11.044884  -178.342026  190.256713 1
 -49.179622  7.972545  -133.399561  142.399646 
 -17.022543  3.217529  -47.286565  50.360271 
 4.240838  55.966874  -99.419870  114.169112 2
 1.284371  15.544411  -27.335223  31.472404 
 3.846761  52.171808  -92.956254  106.679017 
 3.227332  
 1.647643  1.373525  1.056169  0.733853   0.445453   0.225753   0.101253   0.086970   0.184626   0.382443   0.656560   0.973916   1.296232   1.584633   1.804332   1.928832   1.943115   1.845459 
 133.425919  
TUPLE  33.718788  
 -35.247318  -98.593369  -114.826948  155.397084 1
 -18.641287  -52.320157  -60.788776  82.341916 
 -5.865144  -16.228943  -19.047059  25.701891 
 -8.258974  -32.329819  -148.819975  152.514959 1
 -0.336451  -1.041367  -4.813476  4.938286 
 -8.386760  -33.105718  -152.371685  156.152089 
 0.715693  
 0.423700  0.469560  0.493328  0.492140   0.466137   0.418457   0.354850   0.282988   0.211539   0.149121   0.103262   0.079493   0.080681   0.106684   0.154364   0.217971   0.289833   0.361282 
 121.123207  
TUPLE  33.402683  
 -105.755316  -62.543402  -101.154015  159.147726 1
 -75.344173  -44.629358  -72.398478  113.622547 
 -17.747442  -10.424684  -16.642394  26.469477 
 -56.643423  -13.500981  17.045279  60.673679 1
 -36.288824  -8.320836  11.097140  38.849467 
 -24.123438  -6.078447  7.082267  25.866281 
 0.677177  
 0.723617  0.739016  0.816025  0.945355   1.111407   1.294154   1.471552   1.622206   1.727943   1.776012   1.760612   1.683604   1.554273   1.388221   1.205474   1.028076   0.877422   0.771685 
 123.133797  
TUPLE  33.718788  
 -131.840765  -34.154921  73.950941  154.975120 1
 -29.744053  -7.810140  16.462809  34.881952 
 -102.280035  -26.392279  57.590958  120.309994 
 -2.437509  -55.121175  20.504123  58.861740 0
 -1.249697  -28.260324  10.512351  30.178413 
 0.000000  0.000000  0.000000  0.000000 
 5.966421  
 1.651087  1.614960  1.484658  1.275897   1.013857   0.730143   0.458976   0.233063   0.079651   0.017246   0.053372   0.183675   0.392436   0.654476   0.938189   1.209356   1.435270   1.588681 
 130.785675  
TUPLE  31.800991  
 -46.817156  4.037001  8.931574  47.832170 3
 -47.232583  4.072819  9.010827  48.274025 
 0.000000  0.000000  0.000000  0.000000 
 26.937576  -37.995931  5.376289  46.885267 1
 22.385933  -31.798655  4.307350  39.126170 
 3.317164  -4.456020  0.822558  5.617340 
 2.184673  
 0.622251  0.664564  0.771836  0.931131   1.123233   1.324974   1.512020   1.661811   1.756279   1.784031   1.741719   1.634446   1.475152   1.283049   1.081308   0.894262   0.744471   0.650003 
 130.373505  
TUPLE  0.001334  
 64.701649  -7.629175  86.143088  108.005275 0
 63.690238  -7.509917  84.796506  106.317036 
 0.000000  0.000000  0.000000  0.000000 
 24.941914  -31.559059  -2.802076  40.322759 0
 24.601200  -31.127953  -2.763799  39.772184 
 0.000000  0.000000  0.000000  0.000000 
 4.315125  
 1.681494  1.858057  1.935163  1.903511   1.766920   1.541864   1.255489   0.942335   0.640173   0.385449   0.208886   0.131780   0.163432   0.300023   0.525079   0.811454   1.124608   1.426770 
 105.395416  
TUPLE  31.800991  
 102.049730  150.380906  -149.730697  235.473663 1
 5.160740  7.491634  -7.589198  11.847921 
 100.135768  147.673740  -146.905272  231.118763 
 44.719223  16.664492  -67.531119  82.691996 3
 44.160317  16.456217  -66.687106  81.666139 
 0.000000  0.000000  0.000000  0.000000 
 0.927325  
 0.432548  0.672637  0.937313  1.194654   1.413621   1.567801   1.638600   1.617477   1.506981   1.320438   1.080350   0.815673   0.558332   0.339366   0.185185   0.114386   0.135509   0.246005 
 98.965858  
TUPLE  31.355324  
 158.914295  -40.796074  51.616848  171.995267 1
 32.623243  -8.206958  10.626170  35.278395 
 124.785281  -32.202557  40.501589  135.088000 
 48.101265  -66.421928  -24.842604  85.689901 2
 39.610046  -54.601836  -20.515733  70.506957 
 7.800348  -10.866084  -3.970062  13.955339 
 4.260485  
 0.634877  0.562696  0.532252  0.547217   0.605788   0.700899   0.821078   0.951830   1.077385   1.182598   1.254780   1.285223   1.270258   1.211687   1.116576   0.996397   0.865645   0.740091 
 130.490570  
TUPLE  31.800991  
 -28.379197  46.589670  94.981000  109.532491 1
 -4.114707  6.374345  13.366988  15.370716 
 -25.695932  42.565305  86.404846  99.689025 
 40.196340  21.428026  52.438591  69.460146 1
 34.909461  18.108326  45.390450  60.057425 
 10.186080  5.931387  13.439448  17.876649 
 2.996094  
 1.020095  1.274811  1.522505  1.733303   1.881778   1.950023   1.929805   1.823565   1.644115   1.413100   1.158384   0.910689   0.699891   0.551416   0.483172   0.503389   0.609630   0.789080 
 95.799438  
TUPLE  33.718788  
 -39.858823  65.570808  33.274550  83.638820 3
 -39.639587  65.210163  33.091535  83.183430 
 0.000000  0.000000  0.000000  0.000000 
 -34.342353  -12.451884  -18.870763  41.116326 1
 -31.669277  -11.243379  -17.287870  37.792150 
 -2.460199  -1.131322  -1.465919  3.082144 
 1.633464  
 1.340983  1.517962  1.626258  1.652807   1.594407   1.458104   1.260335   1.024957   0.780358   0.556041   0.379061   0.270766   0.244217   0.302616   0.438920   0.636688   0.872067   1.116666 
 122.455727  
TUPLE  33.718788  
 27.139309  72.612087  -16.558087  79.266812 0
 27.124990  72.573777  -16.549351  79.225114 
 0.000000  0.000000  0.000000  0.000000 
 -14.807375  29.791853  19.506565  38.565774 1
 -1.580856  3.485058  2.593582  4.625028 
 -14.886908  29.647314  19.100120  38.280753 
 5.056196  
 0.565528  0.488074  0.490355  0.572096   0.723439   0.926129   1.155719   1.384517   1.584926   1.732775   1.810229   1.807949   1.726207   1.574864   1.372174   1.142584   0.913786   0.713377 
 101.230164  
TUPLE  36.744804  
 -21.539566  -220.644086  17.239511  222.362241 1
 -5.674557  -59.892178  5.007463  60.368599 
 -15.815024  -160.239780  12.192035  161.479305 
 -18.334771  -57.028030  -34.616500  69.185707 1
 -8.028511  -23.815058  -14.523826  29.027142 
 -10.328388  -33.281798  -20.134452  40.246342 
 4.920822  
 0.996442  1.227740  1.437486  1.600380   1.696777   1.715049   1.652992   1.518091   1.326617   1.101665   0.870368   0.660622   0.497727   0.401330   0.383059   0.445116   0.580017   0.771490 
 110.663498  
TUPLE  33.718788  
 18.961484  -39.928526  -72.289287  84.732320 1
 14.205985  -30.919734  -54.819653  64.521731 
 6.205341  -12.061566  -22.996874  26.699476 
 -26.881450  -19.638708  -10.359741  34.865677 1
 -14.526527  -10.587295  -5.123151  18.691628 
 -12.233101  -8.962416  -5.189642  16.028856 
 1.827162  
 1.785650  1.780579  1.769813  1.754651   1.736922   1.718763   1.702366   1.689707   1.682314   1.681079   1.686149   1.696915   1.712077   1.729807   1.747965   1.764363   1.777021   1.784414 
 85.958351  
TUPLE  33.718788  
 22.990431  41.757579  -28.292700  55.432231 1
 4.332166  7.681977  -5.359177  10.320886 
 18.708609  34.167039  -22.995476  45.235039 
 -31.449384  29.124548  23.380835  48.825880 1
 -27.569975  25.655151  20.515509  42.885847 
 -3.640663  3.248295  2.687829  5.572117 
 0.017420  
 0.242553  0.396861  0.630202  0.914431   1.215266   1.496421   1.723985   1.870511   1.918325   1.861661   1.707352   1.474011   1.189782   0.888948   0.607793   0.380228   0.233703   0.185888 
 119.451088  
TUPLE  33.402683  
 109.171578  114.042503  -79.954896  176.965848 1
 12.652315  13.421895  -9.198255  20.612028 
 90.104942  93.920105  -66.058934  145.957829 
 -8.417169  85.658196  9.695864  86.615155 1
 -7.485753  77.824710  8.862428  78.684713 
 -0.999723  8.528592  0.912117  8.636348 
 2.440736  
 0.187398  0.086016  0.026356  0.015614   0.055087   0.140012   0.260147   0.401002   0.545587   0.676463   0.777845   0.837505   0.848246   0.808774   0.723849   0.603714   0.462859   0.318274 
 141.632370  
TUPLE  33.402683  
 6.520248  171.963182  -183.762367  251.758728 1
 5.429691  177.425438  -189.180686  259.419774 
 2.299954  26.433893  -28.666375  39.061743 
 39.680932  59.460219  -129.586662  147.995936 1
 4.063450  6.337409  -13.336766  15.315456 
 32.928484  49.093461  -107.468400  122.653692 
 5.983778  
 0.535512  0.284853  0.116017  0.049366   0.092940   0.241483   0.477079   0.771311   1.088690   1.390937   1.641595   1.810432   1.877083   1.833509   1.684966   1.449370   1.155138   0.837758 
 111.363976  
TUPLE  33.718788  
 23.550269  41.162864  -18.808332  51.017153 1
 18.939503  33.468204  -15.508158  41.465020 
 4.836361  8.088970  -3.480344  10.047529 
 43.325492  -9.867638  -80.688934  92.114997 3
 43.517836  -9.911446  -81.047156  92.530976 
 0.000000  0.000000  0.000000  0.000000 
 2.888488  
 1.193141  0.912835  0.636658  0.397918   0.225413   0.139948   0.151833   0.259632   0.450345   0.700969   0.981274   1.257452   1.496191   1.668697   1.754161   1.742277   1.634477   1.443764 
 108.220757  
TUPLE  35.796818  
 -109.496032  -12.238026  77.174143  134.517652 0
 -105.589388  -11.801393  74.420692  129.718351 
 0.000000  0.000000  0.000000  0.000000 
 -37.026924  80.849518  69.240265  112.702493 1
 -5.820255  13.533797  11.582349  18.740580 
 -30.533104  65.844986  56.398367  91.916411 
 5.274924  
 0.324635  0.211476  0.149896  0.147323   0.204067   0.313283   0.461799   0.631702   0.802498   0.953587   1.066745   1.128325   1.130898   1.074154   0.964938   0.816422   0.646520   0.475724 
 134.033310  
TUPLE  0.001334  
 60.595938  54.017905  114.329158  140.217539 1
 24.199168  21.626567  46.197778  56.458501 
 31.512861  28.037608  58.916685  72.459381 
 18.384786  -31.252177  49.220328  61.133784 0
 16.797668  -28.554245  44.971245  55.856413 
 0.000000  0.000000  0.000000  0.000000 
 5.995216  
 0.051316  0.023087  0.037561  0.092992   0.182693   0.295845   0.418802   0.536731   0.635410   0.702935   0.731164   0.716690   0.661259   0.571558   0.458406   0.335449   0.217520   0.118841 
 111.450798  
TUPLE  33.718788  
 68.695544  -39.972694  -77.516125  111.020916 2
 47.988887  -28.024863  -53.872253  77.398742 
 22.621339  -13.061950  -25.804399  36.718924 
 46.507329  48.836717  -112.716714  131.350729 1
 12.168055  12.823191  -29.661024  34.529576 
 35.618733  37.357072  -86.156626  100.435190 
 1.365851  
 1.676661  1.739784  1.698719  1.558420   1.335810   1.057737   0.757741   0.472008   0.234999   0.075303   0.012180   0.053245   0.193544   0.416154   0.694227   0.994222   1.279956   1.516964 
 129.758011  
TUPLE  31.355324  
 -125.793575  3.397715  -5.446978  125.957285 1
 -21.115140  0.817146  -0.911735  21.151066 
 -98.549812  2.415028  -4.269867  98.671920 
 -24.605250  -36.873351  25.758195  51.269357 0
 -24.412527  -36.584537  25.556442  50.867976 
 0.000000  0.000000  0.000000  0.000000 
 0.238096  
 0.188562  0.428218  0.734736  1.071145   1.396869   1.672621   1.865142   1.951210   1.920445   1.776556   1.536900   1.230382   0.893973   0.568249   0.292496   0.099976   0.013908   0.044673 
 110.520035  
TUPLE  33.402683  
 -95.856359  -37.191407  103.893877  146.169696 0
 -98.575025  -38.246225  106.840502  150.315407 
 0.000000  0.000000  0.000000  0.000000 
 2.752494  -54.451022  17.055648  57.126046 1
 2.305666  -45.876879  14.144240  48.063324 
 0.440419  -8.447368  2.871698  8.934028 
 2.412081  
 1.429015  1.582721  1.650488  1.624144   1.506865   1.312799   1.065350   0.794367   0.532532   0.311428   0.157723   0.089956   0.116300   0.233578   0.427645   0.675093   0.946077   1.207911 
 119.382675  
TUPLE  44.201973  
 -4.431449  -103.898906  -289.220884  307.348890 1
 -3.921535  -92.340971  -257.137892  273.243752 
 -0.475653  -10.754574  -29.846710  31.729031 
 -65.417135  -47.305379  -132.220707  154.917772 1
 -11.106577  -7.915135  -22.175208  26.033915 
 -50.812938  -36.860998  -102.976143  120.601791 
 2.205823  
 0.807887  0.955609  1.105249  1.238756   1.340029   1.396853   1.402373   1.355924   1.263108   1.135121   0.987399   0.837759   0.704252   0.602979   0.546155   0.540635   0.587084   0.679900 
 112.549957  
TUPLE  31.800991  
 82.599932  1.135368  -85.949918  119.211687 0
 81.743692  1.123598  -85.058952  117.976008 
 0.000000  0.000000  0.000000  0.000000 
 -7.037185  -48.471488  -3.314664  49.091691 1
 -2.985890  -22.522121  -1.533123  22.771285 
 -4.781139  -30.976461  -2.125312  31.415531 
 2.190949  
 1.877239  1.939267  1.972592  1.973195   1.941003   1.879899   1.797252   1.703032   1.608603   1.525353   1.463325   1.430000   1.429397   1.461589   1.522694   1.605340   1.699560   1.793990 
 145.385849  
TUPLE  35.796818  
 17.368304  -58.585965  24.549135  65.853119 2
 5.375467  -17.907737  7.723041  20.229868 
 11.510161  -39.050076  16.143853  43.795994 
 -38.756845  -28.525658  -42.443997  64.166184 1
 -3.562938  -2.570415  -4.075559  5.994265 
 -37.712999  -27.809334  -41.127184  62.346554 
 1.243729  
 0.947211  0.997831  1.039341  1.066734   1.076706   1.068055   1.041823   1.001175   0.951014   0.897389   0.846770   0.805260   0.777867   0.767895   0.776546   0.802778   0.843426   0.893587 
 117.436737  
TUPLE  33.402683  
 31.711579  120.092315  -80.781538  148.166951 1
 29.365540  113.946415  -77.185370  140.725695 
 4.474760  14.206325  -9.017890  17.412171 
 -64.091515  72.577892  -10.466550  97.390048 1
 -14.227907  15.930352  -2.308820  21.483938 
 -41.826061  47.545753  -6.845148  63.693738 
 4.786343  
 1.807157  1.881395  1.855501  1.732598   1.527510   1.264973   0.976654   0.697328   0.460686   0.295270   0.221032   0.246926   0.369829   0.574917   0.837453   1.125772   1.405098   1.641741 
 134.751709  
TUPLE  33.402683  
 -7.157976  -138.632877  50.292808  147.647140 0
 -6.851857  -132.704088  48.141980  141.332914 
 0.000000  0.000000  0.000000  0.000000 
 -53.542624  -30.599629  46.256559  77.089682 1
 -12.297636  -7.370700  10.755576  17.923754 
 -50.575066  -28.561067  43.561423  72.602945 
 4.792825  
 1.686418  1.669980  1.558796  1.366274   1.115637   0.837114   0.564300   0.330100   0.162763   0.082470   0.098908   0.210092   0.402614   0.653251   0.931774   1.204587   1.438787   1.606125 
 120.384361  
TUPLE  35.796818  
 23.389508  -94.109702  -16.327264  98.337606 1
 8.155839  -32.045462  -5.441764  33.512111 
 13.966239  -56.964639  -10.000760  59.498398 
 20.098136  24.488504  20.778342  37.886164 1
 18.069440  22.249254  18.653410  34.197999 
 1.646529  1.773600  1.729831  2.977792 
 5.801148  
 0.742502  0.765389  0.860702  1.016945   1.215272   1.431763   1.640305   1.815745   1.936923   1.989222   1.966335   1.871023   1.714780   1.516453   1.299962   1.091420   0.915979   0.794802 
 143.935867  
TUPLE  31.800991  
 -54.897393  18.577353  52.377634  78.116953 0
 -54.215870  18.346724  51.727392  77.147297 
 0.000000  0.000000  0.000000  0.000000 
 12.149554  -37.665360  14.747727  42.234896 0
 11.860753  -36.770036  14.397166  41.231188 
 0.000000  0.000000  0.000000  0.000000 
 0.956858  
 0.295324  0.417938  0.596053  0.808184   1.028746   1.231136   1.390942   1.488889   1.513164   1.460839   1.338225   1.160110   0.947979   0.727417   0.525027   0.365221   0.267274   0.242998 
 161.630478  
TUPLE  35.796818  
 12.540568  64.512446  -73.495698  98.593809 2
 6.626185  34.311820  -39.327331  52.610510 
 5.685812  29.024785  -32.828796  44.187886 
 -39.447280  26.134854  -7.308761  47.880439 1
 -15.630539  11.222231  -3.308217  19.524754 
 -22.687366  14.164386  -3.791295  27.013674 
 1.215786  
 0.373190  0.274893  0.279966  0.387795   0.585376   0.848878   1.146517   1.442394   1.700823   1.890632   1.988929   1.983856   1.876026   1.678445   1.414944   1.117305   0.821428   0.562999 
 118.395035  
TUPLE  33.718788  
 46.374994  17.738137  12.776177  51.269018 1
 34.093146  13.506132  9.753504  37.946127 
 10.849269  3.684054  2.628001  11.755999 
 -20.454110  29.622821  6.191555  36.526942 0
 -20.451924  29.619655  6.190893  36.523305 
 0.000000  0.000000  0.000000  0.000000 
 5.779470  
 0.836356  1.136392  1.432826  1.689904   1.876618   1.970448   1.960076   1.846754   1.644150   1.376701   1.076665   0.780232   0.523154   0.336440   0.242610   0.252982   0.366303   0.568907 
 111.623581  
TUPLE  33.402683  
 35.357045  57.248854  40.488209  78.529275 2
 9.737294  15.484836  11.055249  21.373653 
 24.343265  39.697172  27.971224  54.322392 
 -29.313177  6.519867  12.421982  32.497333 1
 -8.916687  1.961376  3.813091  9.895122 
 -21.877787  4.887965  9.236617  24.245888 
 0.835409  
 1.545942  1.471440  1.387413  1.303997   1.231252   1.177952   1.150527   1.152284   1.183011   1.239002   1.313504   1.397530   1.480947   1.553692   1.606991   1.634417   1.632660   1.601933 
 123.962227  
TUPLE  44.201973  
 107.712724  -17.086109  -144.936829  181.385364 0
 103.827466  -16.469803  -139.708876  174.842748 
 0.000000  0.000000  0.000000  0.000000 
 24.353406  18.606233  9.692080  32.143688 1
 19.319844  14.347042  7.788180  25.293659 
 6.717362  5.545630  2.574012  9.084091 
 2.768472  
 1.097325  1.060861  0.967497  0.828494   0.660619   0.484118   0.320282   0.188871   0.105735   0.080902   0.117366   0.210730   0.349733   0.517609   0.694109   0.857945   0.989356   1.072492 
 127.884277  
TUPLE  31.800991  
 -5.406376  55.324559  12.753778  57.032399 3
 -5.454004  55.811918  12.866127  57.543877 
 0.000000  0.000000  0.000000  0.000000 
 46.330015  29.936832  10.670460  56.183120 1
 23.428351  15.214968  5.203557  28.416181 
 24.305920  15.629245  5.790323  29.471972 
 4.318286  
 1.702464  1.556725  1.410855  1.282450   1.186995   1.136005   1.135629   1.185914   1.280793   1.408823   1.554562   1.700431   1.828837   1.924292   1.975282   1.975657   1.925373   1.830494 
 102.360153  
TUPLE  35.796818  
 95.171511  25.634279  142.462977  173.235194 2
 51.210940  14.062033  76.430861  93.069851 
 48.675100  12.842097  73.089327  88.748563 
 -10.035099  65.452354  104.375342  123.607953 1
 -1.538097  8.696477  14.102193  16.639886 
 -7.800353  52.212098  83.027284  98.389516 
 6.018199  
 0.608363  0.836202  1.084499  1.323306   1.523819   1.661854   1.720761   1.693435   1.583172   1.403272   1.175433   0.927136   0.688329   0.487816   0.349781   0.290874   0.318200   0.428463 
 129.191528  
TUPLE  35.796818  
 79.716387  -34.413465  44.267021  97.460546 0
 79.643154  -34.381851  44.226354  97.371112 
 0.000000  0.000000  0.000000  0.000000 
 -31.809875  -59.822505  60.891689  91.095544 1
 -19.795913  -38.302774  38.849847  58.037150 
 -12.413214  -22.270181  22.805756  34.207741 
 2.629706  
 1.983751  1.986128  1.948807  1.876290   1.777322   1.663841   1.549534   1.448189   1.372029   1.330240   1.327863   1.365184   1.437701   1.536669   1.650150   1.764457   1.865802   1.941962 
 138.336227  
TUPLE  0.874500  
 59.924032  11.636325  -186.246989  195.995497 1
 50.928637  9.985369  -158.140736  166.439014 
 10.141541  1.873520  -31.668536  33.305786 
 38.010018  -25.958563  -262.173340  266.183149 1
 10.894818  -7.646990  -76.671287  77.818245 
 27.212203  -18.377821  -186.171155  189.044877 
 3.217539  
 1.728142  1.799321  1.859076  1.900200   1.917731   1.909557   1.876661   1.823013   1.755083   1.681064   1.609884   1.550129   1.509006   1.491474   1.499649   1.532544   1.586193   1.654123 
 123.879280  
TUPLE  33.718788  
 64.399212  37.934239  247.924217  258.945327 0
 64.256828  37.850368  247.376067  258.372847 
 0.000000  0.000000  0.000000  0.000000 
 35.363515  -36.538022  177.303268  184.450682 0
 34.957234  -36.118248  175.266283  182.331636 
 0.000000  0.000000  0.000000  0.000000 
 5.130980  
 0.248710  0.073861  0.004920  0.050203   0.204246   0.448472   0.753422   1.082314   1.395480   1.655148   1.829997   1.898938   1.853655   1.699611   1.455386   1.150436   0.821544   0.508377 
 96.906868  
TUPLE  53.569981  
 -57.165157  -73.457406  -5.928047  93.268362 1
 -15.333263  -19.201981  -1.879756  24.645040 
 -40.853193  -52.997789  -3.946799  67.032413 
 -47.464241  12.376164  9.273879  49.920221 1
 -24.435920  6.576113  5.026440  25.800078 
 -21.611371  5.430577  3.970572  22.634624 
 0.302284  
 0.517745  0.425953  0.348346  0.294286   0.270292   0.279258   0.320103   0.387901   0.474473   0.569379   0.661171   0.738777   0.792838   0.816832   0.807866   0.767020   0.699223   0.612650 
 97.654663  
Analysed so far:      40001 events from          1 files, Run Number=    284500
TUPLE  33.402683  
 11.092109  -74.836907  -35.972852  83.771377 1
 2.863388  -20.147323  -10.007206  22.677682 
 8.161438  -54.235652  -25.747448  60.589309 
 60.957889  0.884181  25.952528  66.258431 3
 60.556198  0.878354  25.781510  65.839814 
 0.000000  0.000000  0.000000  0.000000 
 1.009847  
 1.773932  1.579533  1.321381  1.030615   0.742305   0.491226   0.307661   0.213750   0.220822   0.328023   0.522422   0.780574   1.071340   1.359650   1.610729   1.794294   1.888205   1.881133 
 140.527176  
TUPLE  31.800991  
 -70.163152  30.031564  105.567041  130.265739 1
 -54.843554  23.477321  82.624730  101.911067 
 -13.044674  5.580514  19.519477  24.131595 
 1.319346  63.447663  33.536608  71.777787 1
 1.465872  54.996675  29.111220  62.243599 
 -0.173424  7.157575  3.741729  8.079586 
 0.648420  
 0.019402  0.103264  0.293361  0.566765   0.890498   1.225515   1.531406   1.771278   1.916197   1.948686   1.864824   1.674727   1.401323   1.077590   0.742573   0.436682   0.196810   0.051890 
 111.471146  
TUPLE  31.800991  
 -0.901509  64.102231  -96.467031  115.826581 1
 -0.494312  51.389275  -77.603850  93.077811 
 -0.492194  18.756637  -27.958274  33.671011 
 45.129351  41.600862  -280.402491  287.041542 0
 48.713730  44.904993  -302.673338  309.839725 
 0.000000  0.000000  0.000000  0.000000 
 5.307005  
 0.732589  0.440838  0.204466  0.051981   0.001776   0.059907   0.219362   0.460908   0.755411   1.067350   1.359101   1.595474   1.747958   1.798163   1.740032   1.580577   1.339031   1.044528 
 117.795349  
TUPLE  0.008312  
 33.990164  60.026492  33.868067  76.847621 1
 1.636001  3.054607  1.811706  3.912656 
 32.854085  57.854743  32.554487  74.070068 
 32.918361  -18.266778  13.792711  40.094046 0
 32.730096  -18.162307  13.713829  39.864987 
 0.000000  0.000000  0.000000  0.000000 
 4.669635  
 0.687845  0.557394  0.484812  0.478854   0.540238   0.661561   0.828189   1.020024   1.213928   1.386514   1.516966   1.589547   1.595506   1.534122   1.412799   1.246171   1.054336   0.860431 
 118.442978  
TUPLE  31.800991  
 73.026895  123.730230  251.801292  289.906861 1
 6.521353  11.500520  23.084208  26.602446 
 66.240559  111.780755  227.803410  262.254000 
 39.189258  11.344669  63.430906  75.418693 0
 38.516257  11.149846  62.341601  74.123652 
 0.000000  0.000000  0.000000  0.000000 
 1.868157  
 1.028251  1.303618  1.566615  1.785523   1.933937   1.993957   1.958343   1.831391   1.628413   1.373892   1.098526   0.835528   0.616621   0.468206   0.408187   0.443800   0.570752   0.773730 
 114.467430  
TUPLE  33.402683  
 3.128568  63.032773  -12.844045  64.404099 1
 2.826343  57.006291  -11.604752  58.244272 
 0.274507  5.468072  -1.125507  5.591078 
 -35.732472  1.869502  -57.571250  67.784610 1
 -2.302356  0.263806  -4.124514  4.733026 
 -36.212206  1.751248  -57.929145  68.338824 
 6.172952  
 1.026226  1.046086  1.122017  1.244862   1.399803   1.568153   1.729606   1.864689   1.957107   1.995715   1.975856   1.899924   1.777080   1.622138   1.453788   1.292335   1.157253   1.064834 
 109.241447  
TUPLE  35.796818  
 -15.274603  103.219368  -86.106202  135.284254 1
 -0.927854  6.530357  -5.311489  8.469821 
 -14.577617  98.249144  -82.096184  128.861177 
 47.554239  46.239958  -79.027765  103.174255 2
 14.201046  13.647215  -23.339550  30.539651 
 37.049779  36.187162  -61.831365  80.665472 
 0.761244  
 0.174846  0.277310  0.438907  0.640146   0.856753   1.062604   1.232869   1.347012   1.391266   1.360293   1.257828   1.096231   0.894993   0.678386   0.472535   0.302270   0.188127   0.143873 
 102.297211  
TUPLE  33.718788  
 -89.801971  79.796067  -166.308225  205.159041 0
 -96.358469  85.622028  -178.450493  220.137875 
 0.000000  0.000000  0.000000  0.000000 
 10.847381  52.585680  -84.579066  100.182522 1
 8.350943  41.399529  -66.562626  78.830590 
 2.749162  12.411308  -19.986989  23.687474 
 3.339957  
 0.721405  0.547748  0.372244  0.216063   0.098042   0.032416   0.027101   0.082738   0.192616   0.343482   0.517140   0.692643   0.848824   0.966845   1.032471   1.037786   0.982149   0.872271 
 100.512962  
TUPLE  33.718788  
 -59.598393  -9.180460  213.776957  222.118970 2
 -11.341800  -1.501701  41.082854  42.646359 
 -52.127905  -8.275091  186.580330  193.902264 
 -19.071484  -56.478385  182.842688  192.314789 1
 -15.148437  -44.752140  144.762945  152.277900 
 -1.574258  -4.770532  15.561375  16.352702 
 0.581244  
 0.969710  0.728275  0.489886  0.283295   0.133422   0.058342   0.067113   0.158675   0.321985   0.537345   0.778780   1.017170   1.223760   1.373634   1.448713   1.439943   1.348381   1.185071 
 111.971306  
TUPLE  36.744804  
 62.884324  14.547056  -21.529816  68.041076 1
 42.593429  10.092838  -14.726505  46.183926 
 21.077649  4.636218  -7.072674  22.711291 
 17.744685  25.543597  37.700552  48.874132 1
 4.981130  7.116931  10.092687  13.317063 
 12.270085  17.716312  26.559430  34.202986 
 2.159153  
 0.180819  0.393165  0.658132  0.943762   1.215603   1.440867   1.592384   1.651879   1.612176   1.478063   1.265717   1.000750   0.715120   0.443279   0.218015   0.066498   0.007003   0.046706 
 148.850571  
TUPLE  35.796818  
 66.577961  56.603038  59.321688  105.620033 1
 30.495530  26.051481  27.559452  48.664154 
 34.054197  28.827201  29.955058  53.740298 
 41.220103  19.386900  -31.402715  55.327021 2
 8.465292  3.855490  -6.266281  11.216583 
 35.639961  16.888372  -27.334428  47.999519 
 4.024354  
 0.403641  0.646912  0.910607  1.162918   1.373415   1.516708   1.575513   1.542738   1.422336   1.228830   0.985558   0.721864   0.469552   0.259055   0.115763   0.056958   0.089733   0.210134 
 117.340446  
TUPLE  31.800991  
 -41.536018  -74.076832  201.699301  218.849780 0
 -41.344292  -73.734900  200.768277  217.839635 
 0.000000  0.000000  0.000000  0.000000 
 31.504471  -3.249084  150.931677  154.218869 0
 31.698030  -3.269046  151.858981  155.166432 
 0.000000  0.000000  0.000000  0.000000 
 2.518716  
 1.197285  1.204656  1.181394  1.130306   1.057553   0.971910   0.883708   0.803584   0.741203   0.704089   0.696719   0.719981   0.771069   0.843822   0.929465   1.017667   1.097790   1.160171 
 107.313454  
TUPLE  33.718788  
 -106.660339  26.530506  179.307528  210.312827 1
 -95.197134  23.534180  160.069297  187.719341 
 -14.229216  3.684326  23.888178  28.048317 
 -37.201394  1.839628  145.181291  149.883072 3
 -37.348708  1.846909  145.756181  150.479107 
 0.000000  0.000000  0.000000  0.000000 
 4.083103  
 1.323717  1.122675  0.937459  0.790410   0.699263   0.675013   0.720583   0.830478   0.991443   1.184063   1.385105   1.570320   1.717369   1.808516   1.832767   1.787196   1.677301   1.516336 
 84.076614  
TUPLE  0.008312  
 -32.055436  -36.753226  24.326480  54.498883 1
 -23.655009  -27.594838  18.464743  40.767644 
 -9.445431  -10.356527  6.654761  15.517019 
 32.455793  -24.363397  -19.071339  44.840490 1
 22.524280  -17.193717  -13.235824  31.275767 
 9.517519  -6.858911  -5.592249  12.996896 
 1.222611  
 1.132922  0.999453  0.847629  0.695762   0.562169   0.462964   0.410112   0.409989   0.462607   0.561623   0.695091   0.846916   0.998783   1.132375   1.231581   1.284432   1.284556   1.231937 
 113.161919  
TUPLE  33.402683  
 26.066617  73.856484  63.808303  101.023504 1
 4.840235  14.818871  12.314874  19.867119 
 20.881561  58.060615  50.649351  79.827624 
 52.814340  -3.097623  73.342062  90.432338 1
 7.566487  -0.164447  10.523539  12.963144 
 49.375651  -3.175277  68.550700  84.541433 
 3.034894  
 1.543885  1.723026  1.867993  1.961301   1.991696   1.955511   1.857112   1.708366   1.527215   1.335507   1.156367   1.011400   0.918092   0.887697   0.923881   1.022281   1.171026   1.352178 
 107.190498  
TUPLE  31.800991  
 -72.338257  -29.109366  -139.990472  160.242038 0
 -68.582719  -27.598114  -132.722678  151.922921 
 0.000000  0.000000  0.000000  0.000000 
 -34.747321  -0.101266  1.688312  34.788460 1
 -1.626158  0.054413  0.036766  1.633457 
 -33.022138  -0.155389  1.646735  33.063813 
 4.797644  
 0.238511  0.414432  0.611304  0.805382   0.973257   1.094682   1.155009   1.146964   1.071516   0.937766   0.761845   0.564973   0.370895   0.203020   0.081595   0.021268   0.029313   0.104761 
 116.651413  
TUPLE  33.718788  
 62.896673  -57.773405  -76.364269  114.565524 0
 62.052258  -56.997773  -75.339046  113.027520 
 0.000000  0.000000  0.000000  0.000000 
 78.380976  -33.634801  -6.435698  85.535346 1
 68.371781  -29.526824  -5.403329  74.670940 
 12.239305  -5.064960  -1.215479  13.302256 
 1.448072  
 1.460288  1.185836  0.907967  0.660197   0.472409   0.367255   0.357418   0.444083   0.616798   0.854730   1.129183   1.407052   1.654822   1.842609   1.947763   1.957601   1.870936   1.698221 
 110.967758  
TUPLE  35.796818  
 -38.855685  32.395738  -9.345657  51.445013 1
 -16.932290  13.795209  -4.023237  22.208471 
 -22.263245  18.883878  -5.404161  29.689663 
 -1.183024  -46.882127  -20.285322  51.096259 1
 -0.728818  -31.007989  -13.592993  33.864664 
 -0.454914  -15.902270  -6.704501  17.264347 
 5.188417  
 1.444581  1.507528  1.513366  1.461391   1.357872   1.215294   1.050855   0.884389   0.735973   0.623509   0.560562   0.554724   0.606699   0.710218   0.852796   1.017235   1.183701   1.332117 
 141.248901  
TUPLE  33.402683  
 74.818285  -38.209501  -6.441308  84.256942 1
 45.190238  -23.423279  -3.949474  51.053163 
 27.747822  -13.825995  -2.329961  31.089335 
 7.043827  35.584039  4.036591  36.498403 0
 7.138371  36.061655  4.090771  36.988554 
 0.000000  0.000000  0.000000  0.000000 
 4.973359  
 0.897320  0.794041  0.740499  0.743152   0.801679   0.909023   1.052234   1.214041   1.374926   1.515485   1.618764   1.672306   1.669653   1.611126   1.503782   1.360571   1.198764   1.037879 
 155.995026  
TUPLE  33.402683  
 -19.071491  -67.078590  -29.679526  75.790060 0
 -18.859187  -66.331872  -29.349134  74.946496 
 0.000000  0.000000  0.000000  0.000000 
 -30.143412  -1.807615  -12.840128  32.814047 1
 -17.599072  -1.449703  -7.778584  19.296498 
 -12.334052  -0.345303  -4.971968  13.303637 
 4.232928  
 1.457216  1.138306  0.801737  0.488106   0.235240   0.073640   0.022795   0.088840   0.263808   0.526595   0.845505   1.182074   1.495705   1.748571   1.910171   1.961016   1.894971   1.720003 
 109.487129  
TUPLE  31.800991  
 -85.570972  -46.378883  1.048560  97.337000 1
 -30.371074  -16.788113  0.584136  34.707400 
 -53.140560  -28.474514  0.439122  60.290365 
 16.629295  -46.706800  13.161674  51.296085 1
 1.358133  -3.153307  1.026828  3.586325 
 16.317251  -46.491658  12.962801  50.948791 
 3.936766  
 1.388610  1.425831  1.492470  1.580487   1.679268   1.776896   1.861598   1.923157   1.954147   1.950831   1.913610   1.846971   1.758954   1.660173   1.562545   1.477843   1.416284   1.385294 
 142.797745  
TUPLE  44.201973  
 -79.737014  -34.282004  -15.579429  88.181437 0
 -78.502690  -33.751321  -15.338261  86.816506 
 0.000000  0.000000  0.000000  0.000000 
 1.395818  -46.822258  -0.584518  46.846705 1
 1.178959  -37.847818  -0.536201  37.870229 
 0.240299  -9.760655  -0.058131  9.764718 
 0.414992  
 1.038231  1.181975  1.309789  1.406257   1.459744   1.463798   1.417929   1.327672   1.203911   1.061575   0.917831   0.790017   0.693549   0.640062   0.636009   0.681877   0.772134   0.895895 
 99.833534  
TUPLE  35.796818  
 11.654437  78.024253  -35.668248  86.578484 1
 9.036098  59.283702  -27.024526  65.776537 
 2.823688  20.115348  -9.272200  22.329181 
 37.952729  -32.493167  -18.795104  53.380440 0
 37.319512  -31.951039  -18.481519  52.490008 
 0.000000  0.000000  0.000000  0.000000 
 1.235046  
 0.287007  0.301580  0.389274  0.539513   0.734175   0.949781   1.160326   1.340415   1.468327   1.528633   1.514060   1.426366   1.276128   1.081466   0.865860   0.655315   0.475226   0.347314 
 142.022980  
TUPLE  35.796818  
 -75.624650  130.068345  99.368037  180.307706 1
 -60.824596  104.526703  79.568707  144.764159 
 -12.856267  22.198483  17.245263  30.910735 
 3.892591  32.334528  93.436414  98.949672 1
 0.897933  5.865936  17.264058  18.256031 
 3.118395  27.496444  79.142519  83.841132 
 3.332096  
 1.312852  1.577221  1.775386  1.883445   1.888365   1.789551   1.598924   1.339474   1.042496   0.743809   0.479440   0.281275   0.173216   0.168296   0.267109   0.457737   0.717187   1.014165 
 141.021240  
TUPLE  31.355324  
 65.328220  -21.660031  -106.426531  126.742021 1
 31.889065  -11.141567  -52.378570  62.326407 
 38.083044  -12.058176  -61.613338  73.429827 
 15.233189  35.203836  -32.644944  50.369162 1
 13.627298  30.285482  -27.856977  43.346792 
 2.810304  7.701747  -7.369040  11.024322 
 5.429639  
 0.014650  0.079768  0.212984  0.398227   0.613157   0.831848   1.027924   1.177735   1.263211   1.274043   1.208924   1.075709   0.890465   0.675536   0.456845   0.260769   0.110958   0.025482 
 131.210938  
TUPLE  35.796818  
 -98.087417  41.303278  -46.910742  116.308726 1
 -23.859204  10.350050  -11.789166  28.555019 
 -69.817512  29.095937  -33.012138  82.528044 
 -7.146304  -46.504757  -4.376638  47.253751 1
 -0.436419  -2.782375  -0.407945  2.849205 
 -6.878935  -44.822469  -4.072224  45.529931 
 5.241971  
 0.412688  0.347457  0.352841  0.428190   0.564415   0.745088   0.948414   1.149871   1.325160   1.453138   1.518369   1.512985   1.437637   1.301411   1.120739   0.917412   0.715955   0.540666 
 152.248535  
TUPLE  33.402683  
 57.565265  129.325618  -8.942229  141.840892 2
 35.477828  79.913354  -5.327045  87.596903 
 22.632860  50.637623  -3.699912  55.589364 
 -4.115250  58.830755  27.250300  64.965929 1
 -1.273124  14.844758  7.216121  16.555348 
 -2.932151  45.272948  20.630293  49.838384 
 0.494461  
 1.162897  1.472880  1.727502  1.896050   1.958195   1.906443   1.747035   1.499197   1.192824   0.864868   0.554884   0.300263   0.131715   0.069569   0.121322   0.280730   0.528567   0.834941 
 120.283180  
TUPLE  33.402683  
 5.070297  -117.650655  -29.224692  121.332053 3
 5.048567  -117.146395  -29.099432  120.817414 
 0.000000  0.000000  0.000000  0.000000 
 78.348999  -75.632849  -35.450130  114.523383 1
 8.495989  -8.009081  -3.579269  12.213019 
 69.681828  -67.458534  -31.793424  102.063955 
 2.222718  
 1.039953  0.901627  0.815091  0.790783   0.831635   0.932719   1.081843   1.261021   1.448640   1.622072   1.760398   1.846934   1.871242   1.830390   1.729306   1.580182   1.401005   1.213385 
 133.036331  
TUPLE  31.800991  
 90.867788  10.973925  114.994586  146.973252 0
 88.718623  10.714375  112.274784  143.497172 
 0.000000  0.000000  0.000000  0.000000 
 43.436596  -20.936529  149.929230  157.492381 1
 31.696342  -15.304075  108.857601  114.406597 
 13.000389  -6.239844  45.421220  47.655548 
 5.739819  
 0.084877  0.169645  0.350259  0.604933   0.902951   1.208367   1.484343   1.697593   1.822395   1.843697   1.758929   1.578316   1.323641   1.025623   0.720208   0.444231   0.230982   0.106179 
 89.396774  
TUPLE  33.718788  
 -121.312116  -28.537438  148.348018  193.747643 3
 -118.996993  -27.992832  145.516935  190.053346 
 0.000000  0.000000  0.000000  0.000000 
 -13.105052  34.574154  54.744967  66.061531 1
 -2.381173  5.803195  8.876293  10.869918 
 -14.819580  39.576373  62.978043  75.843004 
 2.030581  
 1.613875  1.837932  1.961792  1.970517   1.863055   1.652366   1.363863   1.032345   0.697795   0.400568   0.176511   0.052651   0.043926   0.151388   0.362077   0.650580   0.982099   1.316648 
 115.318527  
TUPLE  33.402683  
 -47.604110  22.278649  -91.075873  105.153717 1
 -32.169644  14.686963  -62.486310  71.799382 
 -32.218177  15.446464  -60.699978  70.435145 
 -7.463790  -45.220233  -32.580249  56.232110 2
 -1.397021  -7.004765  -5.042168  8.744218 
 -6.446770  -40.517731  -29.196815  50.358081 
 1.473024  
 1.036741  1.364744  1.647020  1.849524   1.947830   1.930082   1.798419   1.568723   1.268697   0.934531   0.606528   0.324251   0.121747   0.023441   0.041190   0.172852   0.402549   0.702574 
 110.809402  
TUPLE  35.796818  
 20.661094  -97.211257  -54.530288  113.359876 1
 5.422197  -27.575642  -15.353180  32.024302 
 14.892637  -68.006436  -38.263226  79.440283 
 -20.317182  -66.625328  19.768778  72.405295 0
 -19.884140  -65.205270  19.347424  70.862180 
 0.000000  0.000000  0.000000  0.000000 
 0.354291  
 0.620830  0.676461  0.746283  0.821874   0.894118   0.954300   0.995162   1.011774   1.002135   0.967405   0.911775   0.841953   0.766361   0.694118   0.633936   0.593074   0.576461   0.586101 
 131.416946  
TUPLE  0.008312  
 -55.020479  52.503414  -81.814803  111.702836 1
 -36.737672  35.486442  -54.788779  74.905100 
 -18.878921  17.585810  -27.912437  38.010482 
 37.657171  29.648533  2.955074  48.019064 2
 24.222666  19.397899  1.827101  31.086554 
 13.318710  10.159464  1.118887  16.790698 
 0.100618  
 0.205338  0.152904  0.211850  0.375067   0.622867   0.925363   1.246069   1.546304   1.789854   1.947344   1.999778   1.940832   1.777616   1.529816   1.227320   0.906613   0.606379   0.362828 
 140.166992  
TUPLE  33.718788  
 -6.808584  45.052665  -0.100711  45.564346 1
 -1.141162  8.283036  -0.297938  8.367747 
 -5.731265  37.192066  0.196282  37.631820 
 -36.255638  9.675411  46.414820  59.686015 0
 -11.326515  3.022666  14.500315  18.646852 
 0.000000  0.000000  0.000000  0.000000 
 5.795682  
 0.552841  0.658159  0.829501  1.046201   1.282121   1.508807   1.698915   1.829518   1.884861   1.858269   1.752951   1.581609   1.364909   1.128989   0.902303   0.712194   0.581592   0.526249 
 106.545921  
TUPLE  1.274791  
 -45.460638  8.482588  -109.421256  118.792404 2
 -9.687444  2.158781  -23.918450  25.896305 
 -39.637254  7.044803  -94.803382  102.997550 
 22.709057  34.359637  -131.603164  137.897349 1
 18.415749  28.048284  -107.435815  112.553631 
 3.624955  5.300108  -20.294116  21.286164 
 2.827885  
 1.988540  1.937283  1.777118  1.527365   1.218147   0.886760   0.573175   0.315214   0.143992   0.080159   0.131417   0.291581   0.541334   0.850552   1.181939   1.495524   1.753485   1.924708 
 97.785446  
TUPLE  35.796818  
 -90.659173  35.019805  134.441455  165.891463 2
 -38.675358  15.048260  56.819434  70.361218 
 -41.125910  15.777346  61.520473  75.676161 
 -27.394466  -46.000372  67.442072  86.109954 1
 -9.265385  -15.343550  23.029640  29.183140 
 -18.230306  -30.826794  44.661633  57.247838 
 3.338663  
 1.350946  1.618201  1.809332  1.901287   1.882975   1.756604   1.537417   1.251850   0.934348   0.623206   0.355951   0.164820   0.072865   0.091177   0.217548   0.436735   0.722302   1.039804 
 117.868835  
TUPLE  36.744804  
 -2.831792  -67.465470  -71.855191  98.604144 1
 -0.919084  -20.331292  -21.475497  29.587541 
 -2.177514  -53.443029  -57.099036  78.238207 
 -32.177791  -43.379741  -31.067385  62.308865 0
 -32.042260  -43.197028  -30.936531  62.046580 
 0.000000  0.000000  0.000000  0.000000 
 4.846447  
 0.429588  0.684598  0.955672  1.210114   1.417235   1.552053   1.598306   1.550417   1.414161   1.205973   0.950963   0.679890   0.425448   0.218327   0.083509   0.037255   0.085144   0.221400 
 115.189133  
TUPLE  44.201973  
 -37.336993  39.341813  -62.872948  83.035155 0
 -38.397392  40.459150  -64.658587  85.393529 
 0.000000  0.000000  0.000000  0.000000 
 -36.903460  -12.858691  -218.704931  222.168986 1
 -25.015666  -8.789749  -149.346780  151.682310 
 -13.595816  -4.664082  -79.480557  80.769902 
 4.319089  
 1.438773  1.135712  0.809235  0.498720   0.241619   0.068942   0.001518   0.047478   0.201278   0.444369   0.747430   1.073907   1.384422   1.641523   1.814200   1.881624   1.835665   1.681864 
 114.417473  
TUPLE  33.402683  
 -2.011495  -83.742213  17.884059  85.654211 0
 -2.023412  -84.238335  17.990012  86.161774 
 0.000000  0.000000  0.000000  0.000000 
 43.196594  -38.899635  -49.953749  76.645315 1
 22.397721  -20.571777  -26.023912  40.026483 
 20.952789  -18.466462  -24.107829  36.894922 
 3.257017  
 1.184529  1.205524  1.273124  1.379177   1.510889   1.652376   1.786571   1.897289   1.971175   1.999318   1.978323   1.910722   1.804670   1.672957   1.531470   1.397275   1.286558   1.212671 
 136.330093  
TUPLE  35.796818  
 -174.932897  -40.096398  -218.892427  283.060302 1
 -63.423941  -14.441821  -78.813362  102.189667 
 -109.481134  -25.189788  -137.541673  177.590468 
 -43.769378  4.858559  -157.951048  163.975295 1
 -14.246244  1.430505  -50.519395  52.509338 
 -7.625789  0.997367  -28.410458  29.433310 
 0.407740  
 0.611082  0.882772  1.149635  1.379482   1.544590   1.625046   1.611144   1.504562   1.318155   1.074406   0.802716   0.535853   0.306006   0.140898   0.060442   0.074344   0.180926   0.367333 
 116.396088  
TUPLE  31.800991  
 -22.318822  98.487247  282.816393  300.304812 1
 -21.322934  91.990687  264.313300  280.675069 
 -1.023781  6.619649  18.856560  20.011395 
 39.085968  -8.979971  156.938839  161.981950 3
 38.843370  -8.924234  155.964743  160.982260 
 0.000000  0.000000  0.000000  0.000000 
 4.408612  
 1.871255  1.718392  1.502118  1.248519   0.988182   0.752509   0.569924   0.462450   0.443051   0.514065   0.666928   0.883202   1.136801   1.397138   1.632811   1.815396   1.922870   1.942269 
 133.816071  
TUPLE  35.796818  
 43.559330  65.992044  -28.038494  83.895901 3
 42.705270  64.698150  -27.488748  82.260278 
 0.000000  0.000000  0.000000  0.000000 
 67.141961  -22.009333  -11.399677  71.570987 1
 14.987833  -4.755871  -2.810183  15.974043 
 54.000826  -17.858815  -8.903035  57.570033 
 4.322609  
 1.567668  1.731673  1.795244  1.750715   1.603456   1.371230   1.082045   0.770782   0.474983   0.230328   0.066323   0.002752   0.047281   0.194539   0.426766   0.715951   1.027214   1.323012 
 136.939987  
TUPLE  36.744804  
 11.899802  -39.864716  -7.967833  42.359027 1
 5.076350  -17.847525  -3.770277  18.935098 
 7.988397  -25.919797  -4.977578  27.576164 
 -36.073027  -6.395314  5.785560  37.089567 1
 -20.823092  -3.417848  3.613015  21.409255 
 -17.913779  -3.449732  2.599785  18.427730 
 0.230279  
 0.816921  1.156139  1.475928  1.737717   1.909930   1.971796   1.915853   1.748848   1.490925   1.173192   0.833974   0.514185   0.252396   0.080183   0.018317   0.074260   0.241265   0.499188 
 89.227013  
TUPLE  33.402683  
 42.988984  -87.461161  5.595847  97.615680 1
 28.801914  -58.053891  3.736999  64.913705 
 12.360383  -25.690880  1.621070  28.556023 
 -45.153473  -47.557242  19.905984  68.533025 1
 -7.616514  -8.053218  3.797863  11.717886 
 -37.953163  -39.942388  16.291606  57.456693 
 1.950261  
 0.089944  0.103319  0.212086  0.403127   0.653400   0.932718   1.207391   1.444290   1.614840   1.698472   1.685098   1.576331   1.385289   1.135017   0.855699   0.581025   0.344127   0.173576 
 128.948593  
TUPLE  35.796818  
 -59.355175  -18.328405  7.675639  62.592992 3
 -56.975931  -17.593707  7.367962  60.094740 
 0.000000  0.000000  0.000000  0.000000 
 15.746424  -44.268941  -18.998166  50.681548 1
 2.387770  -6.804733  -3.159185  7.874374 
 14.037852  -39.373639  -16.658293  44.998463 
 1.952487  
 0.427939  0.302229  0.250267  0.278319   0.383002   0.551691   0.764038   0.994431   1.215082   1.399377   1.525086   1.577049   1.548997   1.444313   1.275625   1.063278   0.832884   0.612234 
 123.849419  
TUPLE  31.800991  
 -78.642843  -101.896412  39.342621  134.593526 3
 -71.912038  -93.175422  35.975409  123.080734 
 0.000000  0.000000  0.000000  0.000000 
 29.491847  -14.988801  19.530901  38.417305 1
 19.073004  -9.316272  12.522423  24.645547 
 10.428308  -5.677339  7.014748  13.791544 
 1.150064  
 1.543605  1.743391  1.847684  1.843906   1.732512   1.526937   1.251978   0.940798   0.630930   0.359749   0.159963   0.055670   0.059448   0.170843   0.376417   0.651377   0.962557   1.272424 
 134.505798  
TUPLE  0.001334  
 43.842265  -14.903734  211.632395  216.639184 0
 43.618945  -14.827819  210.554398  215.535729 
 0.000000  0.000000  0.000000  0.000000 
 -13.456048  -38.457654  225.709914  229.357846 1
 -10.024078  -29.015723  169.425711  172.184451 
 -3.813210  -10.531525  62.679059  63.672099 
 0.689796  
 0.303644  0.520023  0.803672  1.120377   1.431940   1.700782   1.894476   1.989660   1.974853   1.851842   1.635463   1.351814   1.035109   0.723546   0.454704   0.261010   0.165826   0.180633 
 100.506210  
TUPLE  0.028151  
 41.691669  -42.336685  -288.298566  294.358036 3
 41.864822  -42.512515  -289.495937  295.583327 
 0.000000  0.000000  0.000000  0.000000 
 40.358181  14.529284  -101.689571  110.365990 1
 29.012404  10.318804  -72.710065  78.961829 
 6.177261  2.349771  -15.956519  17.271615 
 3.070664  
 0.596861  0.497304  0.487013  0.567231   0.728282   0.950740   1.207774   1.468381   1.701130   1.877946   1.977503   1.987793   1.907575   1.746525   1.524067   1.267033   1.006425   0.773677 
 105.644737  
TUPLE  33.402683  
 84.978876  -99.237999  33.500564  134.877269 1
 71.346653  -83.377059  28.181245  113.297312 
 9.295391  -10.796398  3.609640  14.697422 
 9.036962  -77.912652  57.509426  97.259355 1
 6.107716  -54.702626  40.205637  68.162998 
 2.368425  -18.374875  13.734837  23.063161 
 4.006978  
 0.750382  0.458435  0.237019  0.112839   0.100875   0.202568   0.405653   0.685636   1.008745   1.336010   1.627957   1.849373   1.973552   1.985517   1.883823   1.680738   1.400756   1.077646 
 124.041901  
TUPLE  35.796818  
 80.773959  40.609103  217.081381  235.154965 0
 113.562012  57.093295  305.199830  330.609938 
 0.000000  0.000000  0.000000  0.000000 
 4.323311  32.504429  11.561650  34.769249 1
 3.293912  21.466900  7.668400  23.032617 
 0.805778  9.362220  3.297293  9.959458 
 2.869790  
 1.883136  1.875714  1.789538  1.635002   1.430746   1.201405   0.974642   0.777807   0.634642   0.562415   0.569837   0.656013   0.810549   1.014805   1.244146   1.470909   1.667744   1.810909 
 116.490692  
TUPLE  33.402683  
 20.485231  41.684291  48.827978  67.389882 1
 7.428843  15.622370  18.368820  25.232502 
 13.793823  27.562485  32.216884  44.585940 
 -2.318579  45.426599  169.397896  175.398400 3
 -2.372592  46.484804  173.344001  179.486361 
 0.000000  0.000000  0.000000  0.000000 
 2.564066  
 1.167022  1.068779  0.945730  0.812714   0.685777   0.580228   0.508799   0.480104   0.497605   0.559191   0.657434   0.780484   0.913499   1.040436   1.145985   1.217414   1.246109   1.228608 
 114.991417  
TUPLE  36.744804  
 60.880738  -8.546168  -78.755795  99.909842 0
 60.252758  -8.458015  -77.943435  98.879379 
 0.000000  0.000000  0.000000  0.000000 
 50.617715  18.967117  -176.623486  184.709935 0
 7.379862  2.765330  -25.751003  26.930337 
 0.000000  0.000000  0.000000  0.000000 
 1.116979  
 1.020816  1.114247  1.206027  1.285085   1.341885   1.369577   1.364820   1.328188   1.264100   1.180285   1.086853   0.995074   0.916016   0.859216   0.831524   0.836281   0.872913   0.937001 
 102.779785  
TUPLE  0.718627  
 -35.935553  -68.637030  83.534552  113.931678 0
 -35.569299  -67.937484  82.683170  112.770576 
 0.000000  0.000000  0.000000  0.000000 
 -49.495230  31.109422  56.522171  81.316232 0
 -47.990943  30.163927  54.804317  78.844947 
 0.000000  0.000000  0.000000  0.000000 
 3.990335  
 0.618123  0.651063  0.645746  0.602813   0.527444   0.428727   0.318571   0.210262   0.116863   0.049639   0.016700   0.022017   0.064949   0.140319   0.239035   0.349191   0.457500   0.550899 
 125.689964  
TUPLE  44.201973  
 -23.840853  -87.773555  37.636614  98.433216 3
 -24.387020  -89.784341  38.498823  100.694484 
 0.000000  0.000000  0.000000  0.000000 
 -50.802746  -6.885250  70.206039  86.932235 1
 -28.163766  -3.808955  39.158033  48.384676 
 -17.694697  -2.406202  24.215328  30.088079 
 3.077803  
 0.941222  0.698536  0.473964  0.294593   0.182057   0.149929   0.202086   0.332235   0.524680   0.756208   0.998894   1.223466   1.402837   1.515374   1.547501   1.495345   1.365195   1.172750 
 113.505516  
TUPLE  0.305674  
 -21.774866  102.218371  -22.723616  106.953742 3
 -21.756422  102.131814  -22.704374  106.870205 
 0.000000  0.000000  0.000000  0.000000 
 -55.361671  -8.326223  0.008471  55.984290 1
 -6.095279  -1.048662  0.106478  6.187320 
 -48.520447  -7.165379  -0.098122  49.046960 
 3.085992  
 1.506750  1.260367  0.995063  0.742836   0.534110   0.394058   0.339575   0.377231   0.502484   0.700227   0.946610   1.211914   1.464141   1.672867   1.812918   1.867402   1.829746   1.704493 
 125.823219  
TUPLE  31.800991  
 39.578552  28.760971  22.731438  53.947878 0
 39.539172  28.732354  22.708821  53.894381 
 0.000000  0.000000  0.000000  0.000000 
 18.185192  -24.220847  8.008663  31.328730 1
 15.748529  -20.855070  6.665908  26.970427 
 3.050963  -4.183963  1.613289  5.425389 
 0.995182  
 0.373421  0.167969  0.065602  0.078668   0.205589   0.431058   0.727880   1.060253   1.388088   1.671844   1.877296   1.979663   1.966597   1.839676   1.614207   1.317386   0.985013   0.657177 
 98.730019  
TUPLE  36.744804  
 50.166044  1.721868  -1.740003  50.225735 3
 49.905515  1.712925  -1.730966  49.975677 
 0.000000  0.000000  0.000000  0.000000 
 -27.492905  38.318616  -15.364017  49.600697 1
 -21.688843  30.101649  -12.270410  39.078097 
 -7.023929  9.917182  -3.775315  12.726245 
 5.826894  
 0.901792  0.757229  0.656115  0.610648   0.626311   0.701215   0.826325   0.986551   1.162568   1.333145   1.477709   1.578822   1.624289   1.608626   1.533722   1.408612   1.248386   1.072369 
 142.160904  
TUPLE  31.800991  
 83.904917  25.288244  -36.238884  94.830307 2
 68.027672  20.546052  -29.363044  76.890261 
 10.117696  3.006313  -4.388267  11.433961 
 13.975034  -30.265429  4.613744  33.653891 1
 2.470794  -5.620956  1.098572  6.239095 
 12.363615  -26.505601  3.798886  29.493315 
 3.099571  
 1.378272  1.430377  1.399091  1.288186   1.111040   0.889018   0.648901   0.419650   0.228915   0.099702   0.047597   0.078883   0.189788   0.366934   0.588956   0.829073   1.058325   1.249059 
 102.279961  
TUPLE  0.008312  
 23.012681  -40.950137  4.236621  47.164035 1
 20.201777  -36.417991  3.827039  41.821616 
 3.297522  -5.398063  0.499169  6.346662 
 28.556888  14.741459  -5.290628  32.569882 0
 27.932140  14.418956  -5.174884  31.857646 
 0.000000  0.000000  0.000000  0.000000 
 1.322470  
 0.482558  0.692458  0.958083  1.247394   1.525497   1.758847   1.919300   1.987503   1.955228   1.826370   1.616470   1.350845   1.061533   0.783431   0.550080   0.389627   0.321425   0.353699 
 107.990326  
TUPLE  33.718788  
 -53.547473  -17.404983  15.369534  58.365126 3
 -54.201680  -17.617624  15.557307  59.089737 
 0.000000  0.000000  0.000000  0.000000 
 26.972332  -21.277101  21.867462  40.723552 1
 6.822803  -5.767854  5.734245  10.616959 
 19.014148  -14.613602  15.212722  28.399654 
 5.680523  
 1.939407  1.836709  1.664557  1.443717   1.200825   0.965177   0.765196   0.625003   0.561506   0.582365   0.685064   0.857215   1.078055   1.320948   1.556595   1.756576   1.896770   1.960266 
 136.717392  
TUPLE  36.744804  
 26.063546  70.280576  78.679631  108.669923 1
 26.469958  70.464551  77.705809  108.185599 
 3.077071  9.209265  11.489627  15.043559 
 39.873769  -5.025398  0.042045  40.189225 1
 2.591918  -0.352014  -0.126185  2.622471 
 37.493750  -4.700090  0.168453  37.787812 
 1.561860  
 0.844031  0.858391  0.823457  0.743444   0.628001   0.491053   0.349117   0.219315   0.117300   0.055379   0.041019   0.075952   0.155966   0.271409   0.408357   0.550292   0.680095   0.782109 
 125.954796  
TUPLE  35.796818  
 -7.543669  100.536866  565.224926  574.146136 1
 -3.000554  35.392096  198.716041  201.865520 
 -3.721045  54.188716  304.913261  309.713381 
 55.226299  26.329578  203.483136  212.481946 1
 13.827796  6.895548  52.407312  54.637921 
 40.112709  18.821018  146.338274  152.899211 
 3.060038  
 1.399608  1.589956  1.694865  1.701680   1.609581   1.429675   1.183662   0.901215   0.616400   0.363572   0.173224   0.068315   0.061499   0.153599   0.333505   0.579518   0.861965   1.146779 
 126.991432  
TUPLE  33.402683  
 -29.301033  61.529622  23.599405  72.120571 1
 -16.797342  36.412058  13.915053  42.445693 
 -13.414428  27.030017  10.417867  31.923641 
 -57.194189  -25.429857  -14.184363  64.179818 1
 -53.406523  -23.603126  -12.938440  59.806245 
 -9.066385  -4.173777  -2.555065  10.303705 
 2.500748  
 1.676085  1.481387  1.215799  0.911355   0.604774   0.333036   0.128916   0.017033   0.010883   0.111207   0.305905   0.571493   0.875937   1.182517   1.454255   1.658376   1.770258   1.776409 
 138.626404  
TUPLE  36.744804  
 -47.726092  80.199680  -62.533459  112.339673 1
 -37.539460  63.113536  -49.218908  88.402771 
 -5.469190  9.158878  -7.133486  12.833625 
 33.348662  59.271027  -12.033634  69.065160 0
 32.365206  57.523117  -11.678761  67.028565 
 0.000000  0.000000  0.000000  0.000000 
 4.824889  
 1.551077  1.289567  0.994687  0.702004   0.446820   0.259914   0.163829   0.170156   0.278130   0.474728   0.736239   1.031119   1.323802   1.578986   1.765892   1.861976   1.855650   1.747676 
 136.962555  
TUPLE  31.800991  
 35.890451  27.918747  218.489457  223.170840 1
 26.906371  21.028388  164.128251  167.643217 
 9.468557  7.267229  57.310561  58.540454 
 15.971295  -35.927006  68.288437  78.798113 1
 12.373424  -27.664756  51.838741  60.047605 
 3.166436  -7.291750  14.605014  16.628908 
 1.200502  
 0.749981  1.073546  1.385052  1.646928   1.827587   1.905239   1.870519   1.727614   1.493760   1.197164   0.873599   0.562093   0.300218   0.119558   0.041906   0.076626   0.219532   0.453385 
 117.481522  
TUPLE  31.800991  
 -18.867852  -91.225121  73.103321  118.415008 1
 -8.152535  -38.762890  30.647342  50.082976 
 -11.281034  -55.197464  44.647860  71.885126 
 -40.938794  -5.643741  137.824172  143.886550 1
 -12.374438  -1.674296  41.535003  43.371718 
 -24.921356  -3.467231  84.024681  87.711236 
 0.149718  
 1.523969  1.585663  1.660554  1.739608   1.813292   1.872716   1.910715   1.922704   1.907238   1.866183   1.804489   1.729598   1.650544   1.576861   1.517436   1.479437   1.467448   1.482914 
 137.135483  
TUPLE  33.402683  
 -29.017129  124.668120  12.423244  128.601987 1
 -8.059749  35.620686  3.319920  36.671981 
 -20.245314  85.988131  8.798463  88.776475 
 -47.031862  13.485757  -8.754925  49.704229 0
 -46.517266  13.338203  -8.659134  49.160592 
 0.000000  0.000000  0.000000  0.000000 
 0.831785  
 0.647109  0.975297  1.306644  1.601184   1.823391   1.946463   1.955557   1.849575   1.641301   1.355855   1.027666   0.696319   0.401779   0.179572   0.056500   0.047406   0.153388   0.361663 
 112.189163  
TUPLE  36.744804  
 55.479135  -87.281060  17.967340  104.970201 0
 55.158700  -86.776945  17.863565  104.364011 
 0.000000  0.000000  0.000000  0.000000 
 -34.881897  -17.814491  -5.307554  39.525599 0
 -34.903264  -17.825404  -5.310805  39.550057 
 0.000000  0.000000  0.000000  0.000000 
 2.023635  
 0.505655  0.735666  0.965909  1.168613   1.319327   1.399875   1.400541   1.321245   1.171550   0.969512   0.739501   0.509258   0.306555   0.155840   0.075292   0.074626   0.153923   0.303617 
 128.646744  
TUPLE  0.008312  
 63.960261  -8.318439  -154.220961  167.165237 1
 5.066976  -0.712522  -11.570142  12.651861 
 63.450564  -8.198620  -153.639330  166.427922 
 31.675195  34.487375  -16.090136  49.513528 2
 17.874832  19.152146  -8.809512  27.639488 
 16.212451  17.961467  -8.505899  25.657801 
 2.598964  
 1.125354  1.240074  1.387054  1.548567   1.705132   1.837865   1.930756   1.972602   1.958355   1.889733   1.775013   1.628033   1.466520   1.309955   1.177222   1.084331   1.042485   1.056732 
 134.129929  
TUPLE  36.744804  
 -56.864117  89.747572  -32.412227  111.079732 3
 -55.738587  87.971189  -31.770686  108.889303 
 0.000000  0.000000  0.000000  0.000000 
 -38.180922  -7.487345  -39.326999  55.321388 1
 -25.569169  -4.787215  -26.073881  36.831598 
 -13.904873  -2.953710  -14.585053  20.366931 
 0.913594  
 1.614515  1.320714  0.994333  0.674740   0.400482   0.204639   0.110832   0.130376   0.260913   0.486699   0.780501   1.106881   1.426474   1.700732   1.896575   1.990382   1.970839   1.840301 
 108.750511  
TUPLE  33.718788  
 -68.954052  34.928698  -238.985785  251.175000 3
 -69.740533  35.327093  -241.711621  254.042765 
 0.000000  0.000000  0.000000  0.000000 
 -4.626825  72.517963  -417.575433  423.850804 1
 -0.739427  18.027971  -103.794019  105.350711 
 -3.660970  50.941165  -293.346441  297.759227 
 1.694868  
 0.207294  0.422641  0.711703  1.039615   1.366826   1.653869   1.866123   1.977986   1.975967   1.860309   1.644962   1.355899   1.027987   0.700777   0.413733   0.201480   0.089616   0.091635 
 120.310074  
TUPLE  1.274791  
 -10.248473  93.501074  132.073048  162.144294 0
 -10.853390  99.019990  139.868680  171.714943 
 0.000000  0.000000  0.000000  0.000000 
 29.962138  21.449199  141.648352  146.362746 1
 14.292653  10.526775  68.868925  71.119907 
 15.462208  10.774039  71.799522  74.231728 
 4.160771  
 1.819065  1.799506  1.678034  1.469299   1.198479   0.898239   0.604790   0.353529   0.174760   0.090047   0.109605   0.231078   0.439812   0.710632   1.010873   1.304321   1.555582   1.734351 
 102.706718  
TUPLE  35.796818  
 28.282407  48.682745  -20.242447  59.830267 1
 12.007429  20.227931  -8.729336  25.091200 
 16.267868  28.442581  -11.508025  34.728616 
 30.244428  -8.016584  -35.543478  47.353245 0
 27.497469  -7.288475  -32.315232  43.052600 
 0.000000  0.000000  0.000000  0.000000 
 5.155346  
 1.175621  0.943726  0.752253  0.624297   0.575289   0.611143   0.727533   0.910420   1.137747   1.382094   1.613988   1.805461   1.933418   1.982425   1.946572   1.830182   1.647294   1.419968 
 114.854866  
TUPLE  31.800991  
 -38.856012  -24.819976  -32.262082  56.273109 3
 -38.440053  -24.554272  -31.916710  55.688529 
 0.000000  0.000000  0.000000  0.000000 
 18.742286  -26.723442  -34.234503  47.301340 1
 7.171645  -9.737192  -12.460376  17.364500 
 18.296055  -26.575594  -34.058710  46.915048 
 0.552338  
 0.954778  1.125421  1.268184  1.365847   1.406631   1.385616   1.305337   1.175477   1.011699   0.833757   0.663113   0.520351   0.422688   0.381904   0.402919   0.483198   0.613058   0.776836 
 107.235092  
TUPLE  36.744804  
 -30.267042  56.475882  109.493538  126.863919 0
 -30.439802  56.798238  110.118509  127.588114 
 0.000000  0.000000  0.000000  0.000000 
 -36.343259  -23.941520  29.191613  52.403999 1
 -34.128582  -22.327692  27.385369  49.124982 
 -2.196226  -1.601669  1.791422  3.258245 
 1.894468  
 0.720386  0.890901  1.034842  1.134850   1.178861   1.161567   1.085053   0.958550   0.797314   0.620794   0.450279   0.306337   0.206330   0.162319   0.179613   0.256126   0.382630   0.543866 
 119.139816  
TUPLE  33.718788  
 19.019318  -127.869015  -24.649634  131.604802 0
 19.496164  -131.074902  -25.267641  134.904424 
 0.000000  0.000000  0.000000  0.000000 
 -35.618828  -47.156285  -57.775470  82.646362 0
 -33.572382  -44.446965  -54.456034  77.898117 
 0.000000  0.000000  0.000000  0.000000 
 0.120769  
 0.982867  0.988499  0.994752  1.000870   1.006116   1.009857   1.011642   1.011256   1.008745   1.004412   0.998779   0.992527   0.986409   0.981163   0.977421   0.975636   0.976023   0.978534 
 123.790512  
TUPLE  33.402683  
 60.333455  2.931363  -248.183927  255.429012 1
 55.746318  2.497651  -229.795000  236.473364 
 4.656290  0.437072  -18.673414  19.250629 
 -11.429571  28.011325  -160.947503  163.766200 1
 -9.037215  21.582525  -124.699226  126.875502 
 -2.456378  6.585702  -37.149828  37.809169 
 0.544235  
 0.601889  0.756162  0.946325  1.149442   1.341014   1.497935   1.601278   1.638577   1.605335   1.505561   1.351288   1.161125   0.958008   0.766436   0.609515   0.506172   0.468873   0.502115 
 95.904694  
TUPLE  35.796818  
 34.082697  -61.752140  -22.075630  73.907310 1
 27.259655  -49.152530  -17.642726  58.909636 
 4.752366  -8.847895  -3.091712  10.509383 
 24.970724  45.505433  13.141910  53.544293 0
 25.267194  46.045705  13.297940  54.180187 
 0.000000  0.000000  0.000000  0.000000 
 4.121399  
 0.109287  0.145599  0.183873  0.219491   0.248158   0.266416   0.272062   0.264417   0.244401   0.214430   0.178117   0.139844   0.104225   0.075559   0.057301   0.051654   0.059300   0.079315 
 184.410889  
TUPLE  35.796818  
 -55.196193  -6.681799  93.159345  108.489307 1
 -46.037013  -5.719927  77.834069  90.610628 
 -10.071893  -1.072367  16.865746  19.673957 
 8.915578  -48.208803  55.525525  74.071993 1
 3.881360  -19.339897  22.772356  30.127998 
 5.894709  -33.521791  38.112231  51.098126 
 1.403195  
 0.821925  1.046785  1.294069  1.533953   1.737502   1.880165   1.944735   1.923425   1.818803   1.643490   1.418631   1.171346   0.931463   0.727914   0.585250   0.520680   0.541991   0.646612 
 139.101105  
TUPLE  31.800991  
 -67.716133  -8.625534  -25.209894  72.769590 1
 -14.106258  -1.558516  -5.292685  15.147524 
 -39.299606  -5.244212  -14.589669  42.247337 
 -13.812894  59.886641  -18.409523  64.156966 3
 -13.598815  58.958500  -18.124206  63.171651 
 0.000000  0.000000  0.000000  0.000000 
 5.447192  
 1.460347  1.337409  1.167270  0.970449   0.770687   0.592077   0.456163   0.379338   0.370868   0.431774   0.554712   0.724851   0.921672   1.121434   1.300044   1.435958   1.512783   1.521253 
 104.860657  
TUPLE  35.796818  
 -18.177553  -54.401408  -43.681529  72.097244 1
 -5.481364  -17.365715  -14.146752  23.059997 
 -11.863399  -34.543340  -27.533545  45.739446 
 24.071855  -29.425132  -2.619140  38.107119 0
 23.752576  -29.034849  -2.584401  37.601940 
 0.000000  0.000000  0.000000  0.000000 
 4.222318  
 0.339553  0.635361  0.974916  1.317266   1.621116   1.849818   1.975788   1.983831   1.872978   1.656598   1.360791   1.021235   0.678886   0.375036   0.146333   0.020364   0.012320   0.123174 
 105.438454  
TUPLE  31.800991  
 -74.468803  -72.502586  12.391197  104.669811 0
 -79.140310  -77.050750  13.168510  111.235947 
 0.000000  0.000000  0.000000  0.000000 
 -86.314267  14.245729  -15.040515  88.765481 1
 -5.998339  1.127627  -1.205316  6.222851 
 -81.176596  13.260142  -13.985173  83.433054 
 5.749682  
 0.121220  0.297618  0.533723  0.801058   1.067378   1.300562   1.472483   1.562406   1.559484   1.464070   1.287673   1.051568   0.784233   0.517912   0.284729   0.112808   0.022885   0.025807 
 116.748322  
TUPLE  31.800991  
 -9.067277  56.730411  296.619875  302.132264 1
 -5.460992  34.965560  183.024920  186.415004 
 -2.789662  16.655564  86.880622  88.506783 
 29.555426  26.072274  129.698067  135.553956 1
 1.837014  1.593511  7.599776  7.980600 
 27.316548  24.124259  120.334801  125.732479 
 0.176871  
 0.641150  0.646548  0.665331  0.695233   0.732647   0.773061   0.811600   0.843616   0.865247   0.873885   0.868486   0.849704   0.819802   0.782388   0.741974   0.703435   0.671419   0.649787 
 102.168045  
TUPLE  33.402683  
 -37.731795  -33.475250  -48.717933  70.126441 1
 -10.446706  -8.988752  -12.951721  18.912903 
 -28.790436  -25.822031  -37.709865  54.015911 
 42.173073  1.484684  -71.445750  82.977513 1
 18.236610  0.582117  -30.061192  35.165431 
 28.595446  1.066584  -49.277382  56.983469 
 0.974946  
 1.717856  1.518898  1.260864  0.974876   0.695428   0.456226   0.286122   0.205632   0.224464   0.340348   0.539306   0.797340   1.083329   1.362776   1.601978   1.772083   1.852573   1.833740 
 117.387138  
TUPLE  31.800991  
 -1.341713  62.477650  18.903292  65.288524 3
 -1.360805  63.366708  19.172286  66.227635 
 0.000000  0.000000  0.000000  0.000000 
 -28.857172  -8.312044  -9.593378  31.525535 1
 -19.008320  -5.641194  -6.491879  20.863922 
 -7.796125  -2.079571  -2.419076  8.424626 
 2.055406  
 0.445200  0.366129  0.315300  0.298843   0.318744   0.372602   0.453921   0.552893   0.657580   0.755356   0.834427   0.885256   0.901713   0.881812   0.827954   0.746635   0.647663   0.542976 
 126.504921  
TUPLE  35.796818  
 55.002738  67.297978  -84.613435  121.300257 0
 54.383465  66.540274  -83.660777  119.934625 
 0.000000  0.000000  0.000000  0.000000 
 5.329964  -29.911765  -25.368844  39.581567 1
 0.890177  -6.318726  -5.290326  8.290099 
 4.575210  -24.352688  -20.722812  32.302308 
 4.659731  
 0.463286  0.253334  0.108363  0.045859   0.073361   0.187552   0.374659   0.612113   0.871274   1.120884   1.330836   1.475807   1.538311   1.510809   1.396618   1.209512   0.972057   0.712896 
 122.756325  
TUPLE  33.718788  
 40.490261  -8.346217  -62.475736  74.915540 2
 16.985276  -2.863791  -26.302434  31.441030 
 27.212387  -6.246629  -41.893755  50.355737 
 17.087442  27.813117  -187.731647  190.548476 1
 3.727220  6.263327  -40.623576  41.272459 
 13.322141  21.487810  -146.689694  148.852578 
 5.345770  
 0.772924  0.482734  0.255977  0.120003   0.091215   0.173082   0.355732   0.617134   0.925759   1.244382   1.534572   1.761329   1.897302   1.926091   1.844224   1.661574   1.400172   1.091547 
 129.551376  
TUPLE  33.402683  
 -88.118668  33.605186  -63.322878  113.595752 1
 -69.932902  26.674967  -50.086871  90.060417 
 -17.304822  6.594256  -12.602951  22.400751 
 -10.809912  -30.401628  -29.095325  43.447107 0
 -10.584397  -29.767393  -28.488342  42.540948 
 0.000000  0.000000  0.000000  0.000000 
 1.667289  
 1.896906  1.695237  1.410092  1.075865   0.732869   0.422473   0.182117   0.040790   0.015539   0.109409   0.311079   0.596223   0.930450   1.273447   1.583842   1.824199   1.965525   1.990776 
 124.416672  
TUPLE  33.402683  
 -0.752442  81.583811  -77.536073  112.553663 0
 -0.758312  82.220238  -78.140923  113.431767 
 0.000000  0.000000  0.000000  0.000000 
 -23.069972  38.338753  -181.881372  187.304343 1
 -0.847468  1.241309  -6.308209  6.486296 
 -22.994507  38.380387  -181.659558  187.088254 
 3.564929  
 0.944429  0.925207  0.906839  0.891542   0.881160   0.876945   0.879406   0.888245   0.902398   0.920156   0.939378   0.957745   0.973043   0.983425   0.987640   0.985179   0.976339   0.962187 
 123.521957  
TUPLE  35.796818  
 60.666741  51.730860  -22.018453  82.712439 0
 60.768110  51.817298  -22.055244  82.850762 
 0.000000  0.000000  0.000000  0.000000 
 -7.008755  68.482612  24.001943  72.904623 1
 -5.514653  54.911348  19.401018  58.498602 
 -1.465547  13.292226  4.503128  14.111254 
 1.936260  
 0.996608  1.260053  1.475113  1.615849   1.665285   1.617460   1.478142   1.264134   1.001249   0.721195   0.457750   0.242690   0.101954   0.052518   0.100343   0.239661   0.453669   0.716554 
 122.097801  
TUPLE  31.355324  
 -60.765710  37.269418  -196.907958  209.414004 0
 -59.257612  36.344457  -192.021049  204.216764 
 0.000000  0.000000  0.000000  0.000000 
 26.791058  26.789715  -121.285495  127.065419 1
 15.425938  16.035189  -71.383232  74.770797 
 12.932053  12.321382  -56.995905  59.729439 
 4.093566  
 1.339340  1.008761  0.681673  0.397527   0.190596   0.085838   0.095890   0.219537   0.441868   0.736065   1.066644   1.393732   1.677878   1.884809   1.989567   1.979516   1.855868   1.633537 
 124.226730  
TUPLE  33.718788  
 -7.201443  43.832180  15.988692  47.209735 1
 -2.226695  14.644389  5.161316  15.686776 
 -4.683600  27.415703  10.180969  29.618022 
 4.640620  30.651582  49.379983  58.304696 0
 4.534390  29.949930  48.249614  56.970201 
 0.000000  0.000000  0.000000  0.000000 
 5.474163  
 0.484144  0.329843  0.237697  0.218820   0.275489   0.400869   0.579837   0.790808   1.008334   1.206180   1.360481   1.452627   1.471504   1.414835   1.289455   1.110486   0.899516   0.681990 
 121.327538  
TUPLE  31.800991  
 -18.233738  56.540842  -67.954473  90.261544 0
 -12.554717  38.930815  -46.789593  62.149133 
 0.000000  0.000000  0.000000  0.000000 
 -32.299962  18.534932  5.061778  37.582614 0
 -31.742729  18.215171  4.974454  36.934509 
 0.000000  0.000000  0.000000  0.000000 
 5.464174  
 0.122243  0.029311  0.054853  0.195787   0.435115   0.743971   1.085102   1.417362   1.700676   1.900872   1.993804   1.968262   1.827328   1.587999   1.279144   0.938013   0.605753   0.322439 
 99.976044  
TUPLE  31.800991  
 47.634933  -44.973322  107.319907  125.734836 1
 14.940316  -13.970967  33.336753  39.112140 
 28.219930  -26.777689  63.901829  74.812238 
 14.085576  36.850987  46.857031  61.253408 1
 3.230331  7.880479  9.803276  12.986944 
 11.651648  31.054067  39.703061  51.734585 
 0.225007  
 0.227853  0.468824  0.775113  1.109779   1.432454   1.704220   1.892298   1.974003   1.939479   1.792892   1.551921   1.245631   0.910966   0.588290   0.316524   0.128447   0.046742   0.081265 
 129.029694  
TUPLE  35.796818  
 44.354410  -32.792297  -97.695340  112.191924 1
 28.981649  -21.423909  -64.074542  73.515211 
 16.443910  -12.160312  -35.980113  41.386738 
 51.561543  7.510060  -31.334943  60.801911 0
 51.297578  7.471613  -31.174527  60.490802 
 0.000000  0.000000  0.000000  0.000000 
 1.709497  
 0.259986  0.526028  0.850170  1.193316   1.514076   1.773764   1.941055   1.995773   1.931318   1.755464   1.489422   1.165280   0.822134   0.501374   0.241686   0.074395   0.019677   0.084132 
 114.586510  
TUPLE  31.355324  
 -104.830939  -54.976316  170.701059  207.727641 2
 -5.968487  -3.133840  9.292238  11.480808 
 -120.762259  -63.327371  197.069292  239.646110 
 20.921850  -76.946451  119.925493  144.015985 1
 3.724009  -13.333502  21.075208  25.215757 
 20.285575  -74.969035  116.549410  140.055860 
 2.476485  
 1.560120  1.470776  1.304415  1.081102   0.827772   0.574980   0.353217   0.189231   0.102800   0.104351   0.193694   0.360055   0.583369   0.836699   1.089490   1.311253   1.475240   1.561670 
 134.145386  
TUPLE  33.402683  
 40.797987  18.014153  56.385364  71.890853 1
 23.307320  10.274436  32.258340  41.102496 
 14.906760  6.598805  20.555902  26.235835 
 29.326831  -23.161934  -4.468830  37.636534 0
 29.253891  -23.104327  -4.457716  37.543185 
 0.000000  0.000000  0.000000  0.000000 
 4.974156  
 1.611439  1.627818  1.656714  1.694641   1.737024   1.778752   1.814792   1.840796   1.853628   1.851741   1.835362   1.806466   1.768540   1.726156   1.684428   1.648389   1.622384   1.609552 
 104.858994  
TUPLE  31.800991  
 -57.364315  12.830514  -25.062929  63.901778 1
 -22.380876  4.507308  -9.832675  24.858005 
 -30.973104  7.426223  -13.478106  34.585539 
 -23.603208  -39.997929  -18.868464  50.129479 0
 -23.503424  -39.828835  -18.788696  49.917749 
 0.000000  0.000000  0.000000  0.000000 
 3.226153  
 1.938167  1.835491  1.641552  1.379739   1.081632   0.783187   0.520401   0.324969   0.220464   0.219490   0.322165   0.516105   0.777918   1.076025   1.374470   1.637256   1.832688   1.937193 
 99.742584  
TUPLE  33.718788  
 95.180529  -30.795186  -4.419982  100.135971 2
 23.574306  -7.595626  -1.371858  24.806106 
 69.995634  -22.678463  -2.973332  73.638407 
 -6.946256  -39.445755  -36.670957  54.304486 1
 -1.803076  -10.803859  -10.316661  15.047505 
 -5.288300  -29.465714  -27.120039  40.394420 
 6.013158  
 0.513894  0.541444  0.633719  0.779590   0.961463   1.157400   1.343770   1.498092   1.601754   1.642252   1.614702   1.522427   1.376556   1.194683   0.998746   0.812376   0.658054   0.554392 
 142.408295  
TUPLE  35.796818  
 42.512300  -54.961717  -45.588740  83.104869 1
 28.457030  -36.542185  -30.039888  55.204603 
 14.351760  -18.802849  -15.866797  28.483216 
 -53.108838  -27.791363  -28.939758  66.561386 3
 -53.392357  -27.939727  -29.094252  66.924531 
 0.000000  0.000000  0.000000  0.000000 
 0.358260  
 0.430924  0.741793  1.082468  1.411860   1.690237   1.884025   1.969849   1.937358   1.790471   1.546904   1.236035   0.895359   0.565968   0.287590   0.093803   0.007979   0.040470   0.187357 
 117.805153  
TUPLE  31.800991  
 79.195592  28.802922  -15.970972  85.770753 2
 22.943617  7.640153  -4.574886  24.611594 
 57.915991  21.767961  -11.731659  63.029116 
 32.167584  -35.010333  44.529008  65.140690 1
 1.952466  -2.256182  2.866185  4.139683 
 32.136902  -34.845770  44.323115  64.896570 
 3.815046  
 1.455509  1.401444  1.341258  1.282212   1.231427   1.195028   1.177406   1.180686   1.204473   1.245898   1.299963   1.360148   1.419195   1.469980   1.506379   1.524001   1.520720   1.496933 
 119.536255  
TUPLE  31.800991  
 -82.990485  47.400013  -163.755556  189.605021 1
 -42.074064  24.130079  -83.417408  96.493373 
 -42.527790  24.190271  -83.517672  96.793605 
 29.520092  17.718894  -39.576525  52.456614 1
 14.575308  8.603407  -18.628091  25.169097 
 10.308889  6.332877  -14.733255  19.064772 
 6.192443  
 1.279265  1.338483  1.432930  1.551214   1.679069   1.801073   1.902511   1.971148   1.998705   1.981859   1.922641   1.828194   1.709910   1.582055   1.460051   1.358613   1.289976   1.262419 
 129.439987  
TUPLE  33.402683  
 -31.647379  -114.663745  111.019591  162.710420 1
 -27.003253  -96.783440  93.729866  137.410033 
 -4.494596  -17.338514  16.765153  24.533936 
 43.179772  -30.047196  92.176266  106.131007 0
 43.818310  -30.491530  93.539357  107.700550 
 0.000000  0.000000  0.000000  0.000000 
 5.746588  
 0.174312  0.201141  0.295474  0.445932   0.634368   0.838054   1.032423   1.194030   1.303383   1.347293   1.320464   1.226131   1.075673   0.887237   0.683551   0.489183   0.327576   0.218222 
 123.685928  
TUPLE  33.718788  
 52.705269  -40.818063  -41.087694  78.308099 1
 46.068257  -35.763474  -35.659674  68.358922 
 5.808236  -4.412738  -4.781928  8.723125 
 -6.140729  -50.592817  -23.877653  56.280405 1
 -4.544795  -38.890462  -18.547409  43.326078 
 -1.812261  -13.484629  -6.171403  14.940681 
 4.438164  
 1.760675  1.751713  1.745066  1.741534   1.741543   1.745093   1.751755   1.760726   1.770923   1.781117   1.790078   1.796725   1.800257   1.800248   1.796698   1.790036   1.781066   1.770868 
 72.387444  
TUPLE  35.796818  
 -42.303884  -38.590124  -63.310036  85.363792 1
 -8.231553  -7.032970  -12.522469  16.554542 
 -39.387415  -36.405641  -58.741876  79.544738 
 10.329828  -39.485810  -35.227182  53.914644 0
 10.486146  -40.083334  -35.760261  54.730693 
 0.000000  0.000000  0.000000  0.000000 
 2.542609  
 1.248904  1.452854  1.602015  1.678396   1.672786   1.585860   1.428103   1.218543   0.982455   0.748317   0.544367   0.395206   0.318824   0.324435   0.411361   0.569118   0.778678   1.014765 
 121.109276  
TUPLE  31.800991  
 -0.636773  46.773838  -36.777714  59.504601 1
 -0.433165  13.040407  -10.501542  16.749380 
 -0.231220  35.761784  -27.871044  45.340621 
 -34.781398  -22.205732  -120.545071  127.412536 0
 -34.641429  -22.116371  -120.059967  126.899873 
 0.000000  0.000000  0.000000  0.000000 
 4.834750  
 1.634362  1.418741  1.152575  0.867967   0.599245   0.378822   0.233283   0.180182   0.225925   0.364993   0.580614   0.846781   1.131388   1.400110   1.620534   1.766073   1.819173   1.773431 
 125.133568  
TUPLE  31.800991  
 -56.056249  -14.486575  44.403018  72.964319 3
 -56.648344  -14.639595  44.872027  73.743702 
 0.000000  0.000000  0.000000  0.000000 
 -1.094811  -32.585842  53.034836  62.255358 1
 -0.922842  -28.906454  47.095474  55.266970 
 -0.205826  -4.687144  7.579524  8.915105 
 4.395061  
 1.474681  1.480003  1.413096  1.282028   1.102608   0.896477   0.688498   0.503756   0.364533   0.287623   0.282300   0.349208   0.480276   0.659695   0.865826   1.073805   1.258547   1.397770 
 97.669441  
TUPLE  31.355324  
 -0.102015  -62.100264  -0.484512  62.102238 2
 -0.324827  -38.299337  -0.076246  38.301045 
 0.216355  -27.731088  -0.438930  27.736719 
 28.086189  27.985609  2.933338  39.757173 1
 17.503309  16.328879  1.435710  23.980802 
 13.613428  14.676424  1.814141  20.100551 
 2.801647  
 1.765862  1.869037  1.860501  1.741283   1.525765   1.239939   0.918281   0.599588   0.322298   0.119858   0.016683   0.025219   0.144437   0.359955   0.645781   0.967439   1.286132   1.563422 
 133.973938  
TUPLE  36.744804  
 -61.850895  -1.214635  57.540414  84.486140 1
 -10.333017  -0.192846  9.256672  13.874937 
 -53.116341  -1.053176  49.770805  72.798394 
 4.233553  -39.822094  135.843650  141.623513 1
 1.084188  -8.610032  30.099163  31.325504 
 3.242912  -32.092017  108.746244  113.429175 
 1.499454  
 0.732311  1.028985  1.309057  1.538745   1.690347   1.745577   1.697772   1.552700   1.327858   1.050365   0.753691   0.473619   0.243930   0.092329   0.037099   0.084904   0.229976   0.454818 
 128.025024  
TUPLE  36.744804  
 63.163853  55.391165  -41.431195  93.671753 1
 5.532952  4.771550  -3.794761  8.234132 
 58.257026  51.168690  -38.047129  86.369660 
 34.406571  -6.801202  -35.203534  49.692628 1
 4.206416  -0.873419  -4.678736  6.353491 
 31.190946  -6.123634  -31.538538  44.778026 
 4.971231  
 1.599243  1.590212  1.537312  1.446925   1.329953   1.200503   1.074189   0.966247   0.889697   0.853770   0.862801   0.915700   1.006087   1.123060   1.252510   1.378824   1.486765   1.563316 
 103.782745  
TUPLE  0.874500  
 111.689629  -25.500439  -39.838563  121.292855 1
 68.643590  -15.525646  -24.158670  74.408662 
 41.579711  -9.640008  -15.156867  45.294050 
 37.167186  53.571092  -48.476430  81.247928 0
 37.073068  53.435434  -48.353674  81.042306 
 0.000000  0.000000  0.000000  0.000000 
 5.579879  
 0.183833  0.221315  0.363622  0.593590   0.883482   1.198332   1.500164   1.752574   1.925117   1.996981   1.959499   1.817192   1.587224   1.297332   0.982482   0.680650   0.428240   0.255697 
 134.710144  
TUPLE  33.402683  
 -60.484116  72.836776  67.215949  116.109896 0
 -60.945055  73.391852  67.728189  116.994832 
 0.000000  0.000000  0.000000  0.000000 
 18.164130  39.660216  101.395115  110.380423 1
 13.941527  30.398518  77.736636  84.625293 
 4.302724  9.436642  24.105740  26.242496 
 2.406149  
 0.553145  0.423227  0.289633  0.168476   0.074369   0.018663   0.008078   0.043889   0.121778   0.232350   0.362268   0.495862   0.617019   0.711126   0.766831   0.777417   0.741606   0.663717 
 132.757202  
TUPLE  31.800991  
 -35.347237  58.780599  -9.614205  69.260515 1
 -6.906086  11.867540  -1.649893  13.830190 
 -29.020913  47.877172  -8.122003  56.572274 
 -27.467559  14.722725  49.646082  58.617053 2
 -17.986345  9.377035  32.291706  38.134121 
 -8.169458  4.642580  14.983447  17.688136 
 6.152778  
 0.293167  0.154789  0.125006  0.207410   0.392063   0.656692   0.969380   1.292411   1.586823   1.817106   1.955484   1.985267   1.902863   1.718210   1.453581   1.140893   0.817862   0.523450 
 125.647789  
TUPLE  36.744804  
 -42.467732  15.644714  -76.275279  88.691508 0
 -42.402953  15.620850  -76.158930  88.556330 
 0.000000  0.000000  0.000000  0.000000 
 26.099629  36.642286  -43.244451  62.401364 1
 20.548568  28.831803  -34.192422  49.220501 
 6.434975  9.051443  -10.516586  15.295566 
 3.760131  
 1.065577  0.723417  0.414411  0.175830   0.036451   0.013084   0.108549   0.311330   0.596969   0.931015   1.273175   1.582181   1.820762   1.960141   1.983508   1.888043   1.685262   1.399623 
 100.557968  
TUPLE  33.402683  
 44.035182  65.602837  8.351466  79.451724 1
 25.584854  37.752452  4.756702  45.852787 
 18.472005  27.882673  3.598874  33.639687 
 8.099209  -29.510102  -26.235495  40.308120 0
 7.875311  -28.694312  -25.510230  39.194073 
 0.000000  0.000000  0.000000  0.000000 
 2.370835  
 1.388250  1.371243  1.381354  1.417362   1.474926   1.547102   1.625184   1.699754   1.761819   1.803892   1.820899   1.810788   1.774779   1.717216   1.645040   1.566958   1.492388   1.430323 
 135.863235  
TUPLE  33.718788  
 -116.866147  0.544187  -85.833453  145.001290 1
 -53.210824  -0.122394  -39.363761  66.188609 
 -60.815123  0.653365  -44.383684  75.291671 
 -52.698007  -58.052425  -16.513438  80.124014 2
 -4.993209  -5.264467  -1.420360  7.394840 
 -49.190778  -54.424917  -15.558724  74.993006 
 4.147957  
 1.000000  1.000000  1.000000  1.000000   1.000000   1.000000   1.000000   1.000000   1.000000   1.000000   1.000000   1.000000   1.000000   1.000000   1.000000   1.000000   1.000000   1.000000 
 125.221107  
TUPLE  35.796818  
 28.708081  -84.300323  -233.687270  250.080864 1
 2.762137  -9.079327  -24.840760  26.592224 
 24.592243  -71.245902  -197.827220  211.698806 
 30.773837  21.827644  -64.352233  74.596816 0
 30.535630  21.658686  -63.854111  74.019527 
 0.000000  0.000000  0.000000  0.000000 
 0.696933  
 0.228885  0.341904  0.528808  0.767051   1.027898   1.279887   1.492626   1.640453   1.705540   1.680035   1.567015   1.380112   1.141869   0.881022   0.629032   0.416294   0.268466   0.203380 
 135.735306  
TUPLE  36.744804  
 -38.550682  -93.193055  -154.749610  184.712053 2
 -3.561440  -8.089324  -13.130634  15.828899 
 -38.176300  -92.808170  -154.412414  184.187254 
 -26.144491  -34.270589  9.537591  44.147178 1
 -17.715589  -23.053767  6.647237  29.824880 
 -9.197849  -12.224786  3.170856  15.624288 
 0.746567  
 0.191564  0.105538  0.116350  0.222697   0.411752   0.660711   0.939547   1.214628   1.452775   1.625264   1.711290   1.700477   1.594130   1.405076   1.156116   0.877280   0.602199   0.364053 
 137.893311  
TUPLE  31.800991  
 35.058640  44.076280  97.511012  112.606501 2
 7.864545  9.978266  21.548635  25.015595 
 33.056784  41.468682  92.268686  106.423615 
 -41.565666  26.513659  160.268380  167.680149 1
 -5.771128  3.460093  21.443518  22.474922 
 -35.279085  22.724771  136.837375  143.127616 
 0.727331  
 1.214305  1.490564  1.701944  1.822951   1.838990   1.748125   1.561316   1.301096   0.998851   0.691036   0.414777   0.203397   0.082390   0.066351   0.157216   0.344024   0.604244   0.906490 
 115.376007  
TUPLE  33.402683  
 -112.941174  57.780852  96.196591  159.210929 0
 -112.771518  57.694056  96.052088  158.971829 
 0.000000  0.000000  0.000000  0.000000 
 -30.626042  74.111549  90.349369  120.803496 1
 -9.918765  23.125898  28.129377  37.742156 
 -18.079684  44.627171  54.468374  72.699941 
 2.778581  
 1.764585  1.932064  1.994177  1.943430   1.785945   1.540718   1.237325   0.912361   0.605021   0.352375   0.184896   0.122784   0.173530   0.331015   0.576243   0.879635   1.204599   1.511939 
 119.232864  
TUPLE  44.201973  
 55.286615  11.123590  141.738357  152.545422 0
 57.565800  11.582159  147.581507  158.834154 
 0.000000  0.000000  0.000000  0.000000 
 -27.309040  28.502129  65.088575  76.122780 1
 -13.444059  13.880873  31.753514  37.171582 
 -21.797170  22.900035  52.240793  61.062647 
 0.222247  
 1.896608  1.812553  1.661560  1.461839   1.237481   1.015546   0.822803   0.682499   0.611558   0.618535   0.702590   0.853583   1.053304   1.277662   1.499597   1.692340   1.832644   1.903585 
 113.965256  
TUPLE  33.718788  
 -15.120412  -67.109432  20.609052  71.812504 1
 -7.146638  -31.495991  9.457547  33.653180 
 -7.413931  -33.128687  10.388445  35.502314 
 11.140257  -65.249854  -47.727583  81.606194 0
 10.066559  -58.961075  -43.127600  73.741124 
 0.000000  0.000000  0.000000  0.000000 
 5.942105  
 1.128003  1.430530  1.679872  1.845955   1.908745   1.860669   1.707527   1.467789   1.170372   0.851148   0.548620   0.299278   0.133195   0.070405   0.118481   0.271623   0.511361   0.808778 
 133.489975  
TUPLE  33.718788  
 -33.779226  66.323549  17.811462  76.531676 1
 -2.368219  4.670843  1.386824  5.419225 
 -30.799197  60.451442  16.102034  69.729915 
 44.711529  8.136732  24.378896  51.571870 3
 43.968166  8.001453  23.973577  50.721932 
 0.000000  0.000000  0.000000  0.000000 
 1.935451  
 0.178526  0.054719  0.018644  0.074653   0.215990   0.425609   0.678226   0.943371   1.189064   1.385672   1.509480   1.545555   1.489546   1.348208   1.138590   0.885973   0.620828   0.375134 
 125.943489  
TUPLE  33.718788  
 -41.587746  63.014679  189.565843  204.048032 3
 -42.238895  64.001310  192.533902  207.246859 
 0.000000  0.000000  0.000000  0.000000 
 -20.314752  -26.740385  114.559153  119.379801 1
 -14.349530  -19.285064  81.625800  85.091794 
 -5.500139  -6.843089  30.310575  31.556751 
 2.447800  
 0.807454  0.777748  0.703169  0.592713   0.459701   0.320178   0.190972   0.087666   0.022722   0.003972   0.033678   0.108257   0.218714   0.351725   0.491249   0.620455   0.723760   0.788704 
 101.804214  
TUPLE  44.201973  
 44.734799  -37.610116  -221.892965  229.460696 0
 46.884195  -39.417188  -232.554369  240.485751 
 0.000000  0.000000  0.000000  0.000000 
 13.732235  33.596595  -79.685538  87.561923 0
 13.724344  33.577290  -79.639749  87.511720 
 0.000000  0.000000  0.000000  0.000000 
 5.245226  
 0.265531  0.214581  0.264786  0.410091   0.632969   0.906538   1.197802   1.471630   1.694995   1.840954   1.891904   1.841699   1.696395   1.473517   1.199947   0.908683   0.634855   0.411491 
 105.710487  
TUPLE  36.744804  
 22.261431  89.509973  36.657109  99.253968 2
 11.320764  46.356447  18.795407  51.287100 
 11.076859  43.701132  18.085965  48.576339 
 67.423420  16.747771  22.487898  73.021305 1
 29.033391  6.928551  9.970309  31.470131 
 37.694114  9.646357  12.285478  40.802569 
 1.548251  
 1.692770  1.555659  1.408342  1.268587   1.153251   1.076245   1.046857   1.068631   1.138942   1.249309   1.386420   1.533737   1.673492   1.788828   1.865834   1.895222   1.873448   1.803137 
 127.149673  
TUPLE  33.402683  
 -36.754913  -30.912618  -163.912903  170.803845 1
 -22.738958  -18.811081  -101.484269  105.688189 
 -14.131766  -12.198933  -62.945104  65.655351 
 28.414794  -25.613838  -62.985102  73.692553 1
 6.168496  -5.602130  -14.337321  16.583500 
 21.285161  -19.145315  -46.517299  54.621228 
 1.670974  
 1.259266  1.565122  1.807549  1.957308   1.996334   1.919922   1.737286   1.470457   1.151617   0.819223   0.513368   0.270940   0.121182   0.082155   0.158568   0.341203   0.608032   0.926872 
 111.908318  
TUPLE  33.402683  
 35.570752  43.316350  -2.560902  56.108313 1
 7.563677  9.346250  -0.387095  12.030416 
 33.505182  40.665429  -2.569642  52.753158 
 9.728283  -39.664789  -24.753237  47.756232 0
 9.587626  -39.091294  -24.395341  47.065953 
 0.000000  0.000000  0.000000  0.000000 
 4.094139  
 1.794018  1.661375  1.445695  1.172993   0.876159   0.590998   0.351903   0.187713   0.118232   0.151840   0.284483   0.500163   0.772866   1.069699   1.354860   1.593955   1.758145   1.827626 
 134.181686  
TUPLE  35.796818  
 33.144969  -36.266424  -35.534442  60.634471 2
 12.335058  -13.621492  -13.578068  22.849116 
 18.580588  -20.205662  -19.566337  33.710850 
 18.636188  25.901843  22.040077  38.781155 1
 11.249310  14.858768  13.262526  22.874528 
 9.950128  14.605654  11.808977  21.255595 
 6.009516  
 0.129153  0.256708  0.469767  0.742632   1.042392   1.332890   1.579089   1.751294   1.828733   1.802067   1.674512   1.461453   1.188588   0.888829   0.598330   0.352131   0.179927   0.102487 
 138.956009  
TUPLE  33.402683  
 62.971447  7.329594  -32.236101  71.121673 1
 38.943751  4.524607  -20.241070  44.122649 
 23.951971  2.796173  -11.956266  26.916278 
 -11.012015  -35.364812  -0.702861  37.046301 0
 -11.015993  -35.377586  -0.703115  37.059945 
 0.000000  0.000000  0.000000  0.000000 
 0.445845  
 1.806342  1.890598  1.913055  1.871006   1.769522   1.620844   1.442904   1.257165   1.086029   0.950138   0.865883   0.843425   0.885474   0.986958   1.135637   1.313576   1.499316   1.670451 
 136.720032  
TUPLE  31.355324  
 28.351767  35.384581  20.742090  49.861063 1
 5.220294  6.548392  3.916171  9.246014 
 25.639059  31.965795  18.660462  45.026709 
 27.470630  -18.773853  39.625649  51.742488 0
 27.460532  -18.766952  39.611083  51.723657 
 0.000000  0.000000  0.000000  0.000000 
 4.760862  
 0.984685  1.254479  1.517308  1.741471   1.899931   1.973574   1.953520   1.842185   1.653000   1.408782   1.138987   0.876158   0.651995   0.493536   0.419892   0.439947   0.551281   0.740467 
 112.119080  
TUPLE  35.796818  
 -29.050468  85.825497  -32.195124  96.158575 2
 -18.038214  50.887324  -19.103519  57.270069 
 -8.136704  26.442765  -9.904783  29.411558 
 20.948758  42.834785  -15.568117  50.160099 1
 5.397651  11.774661  -4.164751  13.606686 
 16.483288  32.966197  -12.096120  38.791794 
 0.352126  
 0.495390  0.522831  0.608262  0.741381   0.906129   1.082638   1.249616   1.386924   1.478001   1.511861   1.484420   1.398988   1.265870   1.101122   0.924613   0.757635   0.620327   0.529250 
 113.308167  
TUPLE  33.402683  
 -7.180091  -168.085136  -100.225484  195.829810 1
 -4.882914  -116.624019  -69.627102  135.915258 
 -1.995704  -44.403733  -26.390223  51.692712 
 49.674944  -46.107119  -43.188797  80.366278 1
 4.020020  -3.701249  -3.313678  6.392163 
 46.487193  -43.178362  -40.598714  75.323993 
 0.787637  
 0.273699  0.439625  0.684079  0.977577   1.284718   1.568457   1.794570   1.935785   1.975070   1.907686   1.741760   1.497306   1.203809   0.896668   0.612929   0.386815   0.245600   0.206315 
 112.923264  
TUPLE  33.402683  
 -75.295695  -38.338449  -5.143695  84.650670 3
 -72.781341  -37.058217  -4.971931  81.834471 
 0.000000  0.000000  0.000000  0.000000 
 -22.929463  30.561832  -4.986583  38.531181 1
 -9.817889  12.700353  -1.825854  16.156829 
 -13.061263  17.794414  -3.149787  22.297469 
 1.890250  
 1.929348  1.992344  1.971276  1.868686   1.696947   1.476774   1.234722   0.999988   0.800883   0.661422   0.598426   0.619494   0.722084   0.893823   1.113996   1.356047   1.590782   1.789887 
 126.562088  
TUPLE  44.201973  
 -8.510223  -65.344551  80.452290  103.994737 0
 -8.289768  -63.651815  78.368192  101.300873 
 0.000000  0.000000  0.000000  0.000000 
 -29.487523  16.747404  58.191897  67.351959 1
 -12.706948  7.270934  25.781808  29.648847 
 -16.576235  9.360415  32.006837  37.240365 
 4.944628  
 1.566127  1.419269  1.286865  1.184885   1.125629   1.116244   1.157862   1.245464   1.368483   1.512082   1.658939   1.791343   1.893323   1.952579   1.961964   1.920346   1.832744   1.709725 
 150.127274  
TUPLE  0.001334  
 11.835526  79.656985  -40.565306  90.171276 1
 3.797561  26.043697  -12.931510  29.324718 
 8.350095  55.714012  -28.703589  63.227284 
 35.547419  0.690698  -0.842238  35.564103 1
 26.893843  0.414529  -0.623471  26.904624 
 6.352469  0.231458  -0.164246  6.360238 
 4.872452  
 0.943072  1.068153  1.181136  1.268396   1.319406   1.328015   1.293184   1.219113   1.114738   0.992647   0.867567   0.754583   0.667323   0.616313   0.607704   0.642535   0.716606   0.820981 
 112.689796  
TUPLE  35.796818  
 52.042452  -53.123366  -46.702667  87.815989 1
 27.033233  -27.884349  -24.630816  45.989446 
 26.939690  -27.209587  -23.804248  45.086239 
 25.236578  17.023728  9.527055  31.897601 1
 21.936865  14.582514  8.225267  27.596200 
 3.858232  2.817972  1.512634  5.013303 
 3.100584  
 1.393640  1.096152  0.801613  0.545550   0.358848   0.264025   0.272519   0.383305   0.583020   0.847577   1.145065   1.439603   1.695666   1.882368   1.977191   1.968698   1.857912   1.658196 
 126.668968  
TUPLE  33.718788  
 -50.199053  104.491633  -196.058816  227.766339 1
 -21.419717  44.966424  -84.039615  97.690633 
 -26.377701  54.526113  -102.639344  119.179416 
 34.787451  53.730911  -80.852716  103.122933 1
 8.917900  14.244600  -21.007063  26.902671 
 29.734768  45.456327  -68.829164  87.680705 
 0.375847  
 0.687317  1.006922  1.322459  1.595870   1.794177   1.893462   1.881749   1.760452   1.544199   1.259076   0.939471   0.623934   0.350523   0.152216   0.052931   0.064644   0.185941   0.402194 
 111.037186  
TUPLE  31.800991  
 -77.210313  -80.168064  -16.808222  112.564946 1
 -67.758748  -71.491639  -14.825375  99.609807 
 -9.604051  -8.831326  -2.015816  13.202721 
 -105.816838  14.928713  -8.286231  107.185500 1
 -98.827791  13.979896  -7.708427  100.108986 
 -3.418529  0.445096  -0.298206  3.462889 
 5.724385  
 0.379774  0.388624  0.444057  0.539389   0.663120   0.800327   0.934461   1.049342   1.131115   1.169917   1.161067   1.105634   1.010302   0.886571   0.749364   0.615230   0.500349   0.418576 
 132.708618  
TUPLE  35.796818  
 -74.296385  71.183510  24.926942  105.869719 0
 -71.737944  68.732263  24.068568  102.224127 
 0.000000  0.000000  0.000000  0.000000 
 39.580882  18.509420  -17.048982  46.903226 1
 26.168484  12.410556  -11.350446  31.107291 
 16.271077  7.435684  -6.929878  19.185379 
 0.917832  
 1.274066  1.395520  1.436581  1.392296   1.268008   1.078706   0.847224   0.601481   0.371118   0.183921   0.062467   0.021406   0.065690   0.189979   0.379281   0.610763   0.856506   1.086868 
 152.190475  
TUPLE  33.402683  
 37.760726  84.944153  -109.808200  143.872243 1
 3.188944  6.488239  -8.327341  11.028631 
 36.317550  82.383083  -106.557547  139.500774 
 -61.211877  49.862551  -90.827892  120.344813 3
 -60.495936  49.279342  -89.765553  118.944798 
 0.000000  0.000000  0.000000  0.000000 
 6.006563  
 1.744283  1.552840  1.329491  1.101174   0.895427   0.737067   0.645195   0.630891   0.695881   0.832325   1.023768   1.247117   1.475434   1.681181   1.839540   1.931413   1.945717   1.880727 
 133.153351  
TUPLE  33.718788  
 -54.695847  -30.919904  -19.444574  65.770568 3
 -54.417963  -30.762818  -19.345785  65.447253 
 0.000000  0.000000  0.000000  0.000000 
 34.578091  -40.169779  -10.127901  53.961374 1
 24.059807  -27.569417  -7.225319  37.298415 
 11.607295  -13.865480  -3.221553  18.367838 
 5.498276  
 0.158768  0.124590  0.162760  0.268673   0.429555   0.626000   0.834316   1.029375   1.187652   1.290054   1.324232   1.286062   1.180149   1.019267   0.822822   0.614506   0.419447   0.261170 
 137.487930  
TUPLE  31.355324  
 -87.544017  64.841090  -60.452721  124.590744 1
 -86.007928  64.311938  -59.415024  122.733669 
 -4.150123  2.465294  -2.842798  5.603652 
 23.521607  36.396697  3.399256  43.468845 2
 6.251325  9.939044  0.812274  11.770425 
 19.353520  29.681198  2.888044  35.562388 
 2.808478  
 1.182830  1.239094  1.328899  1.441411   1.563061   1.679176   1.775750   1.841136   1.867446   1.851508   1.795243   1.705439   1.592926   1.471276   1.355161   1.258587   1.193202   1.166891 
 134.849487  
TUPLE  31.800991  
 6.555285  -57.515046  79.445845  98.298497 0
 6.557840  -57.537471  79.476821  98.336923 
 0.000000  0.000000  0.000000  0.000000 
 49.409568  -5.590377  166.072670  173.357115 1
 4.682718  -0.629112  15.391297  16.100780 
 44.042324  -4.883815  148.380571  154.856030 
 0.135692  
 0.624801  0.661636  0.736628  0.840732   0.961391   1.084053   1.193922   1.277747   1.325417   1.331182   1.294348   1.219356   1.115252   0.994592   0.871930   0.762061   0.678236   0.630566 
 130.964706  
TUPLE  33.718788  
 160.144428  93.399979  -60.461448  195.000976 1
 14.393753  8.266237  -5.526889  17.495050 
 144.709162  84.526313  -54.541344  176.239087 
 35.171035  56.667620  -105.461919  124.781558 1
 27.258172  43.154917  -80.421716  95.252437 
 5.837571  10.169134  -18.817597  22.172251 
 2.472797  
 0.527535  0.564204  0.617143  0.679966   0.745095   0.804676   0.851522   0.879982   0.886625   0.870648   0.833979   0.781041   0.718218   0.653089   0.593508   0.546662   0.518201   0.511559 
 135.417953  
TUPLE  31.355324  
 -57.433614  -20.420045  135.575766  148.648534 1
 -47.192303  -16.697358  111.648055  122.356948 
 -8.958795  -3.266695  20.900242  22.973238 
 -40.576925  33.804861  31.002536  61.240613 3
 -40.131553  33.433813  30.662249  60.581233 
 0.000000  0.000000  0.000000  0.000000 
 1.493207  
 0.589139  0.387206  0.272472  0.258775   0.347768   0.528716   0.779794   1.070719   1.366401   1.631176   1.833108   1.947842   1.961539   1.872547   1.691599   1.440520   1.149596   0.853914 
 110.065918  
TUPLE  33.718788  
 -16.990116  95.626299  -65.813654  117.322164 1
 -4.741093  25.513415  -17.445575  31.269472 
 -12.235532  70.036932  -48.315809  85.961129 
 -57.979244  28.487355  -67.802285  93.649730 0
 -54.398977  26.728237  -63.615437  87.866892 
 0.000000  0.000000  0.000000  0.000000 
 0.265084  
 1.068176  1.403500  1.690972  1.895920   1.993624   1.972298   1.834516   1.596895   1.288097   0.945367   0.610043   0.322570   0.117622   0.019919   0.041244   0.179027   0.416647   0.725446 
 94.858734  
TUPLE  31.800991  
 52.326211  -2.502121  32.880300  61.849876 1
 32.466725  -1.387545  19.931510  38.122147 
 20.703181  -1.154919  13.478942  24.731672 
 -18.980086  28.274987  17.429655  38.255868 1
 -6.676591  10.816229  6.822283  14.426736 
 -12.500435  17.752007  10.788113  24.244509 
 1.488506  
 0.304856  0.133877  0.054468  0.076205   0.196466   0.400748   0.664409   0.955650   1.239341   1.481265   1.652244   1.731653   1.709916   1.589654   1.385373   1.121711   0.830471   0.546780 
 108.241959  
TUPLE  35.796818  
 -50.379312  45.458814  -33.719439  75.773210 3
 -51.319284  46.306970  -34.348568  77.192333 
 0.000000  0.000000  0.000000  0.000000 
 -11.201799  -30.381363  -35.008283  47.687393 1
 -1.148330  -3.384887  -3.671639  5.126064 
 -10.872623  -29.218179  -33.896700  46.053452 
 0.978394  
 0.718301  0.960830  1.173204  1.329807   1.411751   1.409153   1.322324   1.161739   0.946767   0.703335   0.460806   0.248432   0.091829   0.009884   0.012483   0.099311   0.259896   0.474869 
 135.356491  
TUPLE  31.800991  
 -44.444339  3.503814  -46.311555  64.283249 0
 -41.950245  3.307189  -43.712678  60.676011 
 0.000000  0.000000  0.000000  0.000000 
 6.121661  -41.522891  -33.466534  53.680854 1
 2.820087  -20.321333  -16.668556  26.434252 
 3.631691  -23.440723  -18.602695  30.145234 
 0.715598  
 1.116164  0.848383  0.584242  0.355600   0.190036   0.107518   0.117999   0.220216   0.401838   0.640961   0.908742   1.172883   1.401524   1.567088   1.649606   1.639125   1.536909   1.355286 
 110.727669  
TUPLE  33.402683  
 54.849239  -28.428035  -55.605451  83.117739 1
 4.404100  -2.191135  -4.393318  6.596809 
 51.105729  -26.579280  -51.881832  77.524166 
 -33.246770  -27.183390  -5.590231  43.307449 1
 -22.885358  -19.107634  -3.499202  30.018414 
 -12.488439  -9.814764  -2.448769  16.071881 
 1.606749  
 1.491728  1.600827  1.621834  1.552215   1.400367   1.184604   0.930952   0.670005   0.433236   0.249203   0.140104   0.119097   0.188716   0.340565   0.556327   0.809979   1.070926   1.307695 
 159.847366  
TUPLE  36.744804  
 149.108678  7.139418  53.624478  158.618895 1
 28.729165  1.620718  10.258900  30.549241 
 119.192580  5.461869  42.938719  126.808733 
 45.286735  50.359091  -1.452624  67.742428 1
 9.691787  11.157218  -0.260543  14.781800 
 35.974719  39.624182  -1.204263  53.532464 
 3.893011  
 1.629484  1.363297  1.057104  0.747837   0.472799   0.265163   0.149973   0.141122   0.239679   0.433755   0.699943   1.006136   1.315402   1.590440   1.798077   1.913267   1.922117   1.823561 
 141.044769  
TUPLE  33.402683  
 -158.116831  46.648462  531.328979  556.316003 2
 -142.925784  42.202023  480.338131  502.924975 
 -6.116584  1.769246  20.497447  21.465345 
 -95.646975  -44.263454  550.556038  560.552895 1
 -17.456326  -8.091329  101.724547  103.528237 
 -76.048902  -35.180971  436.503285  444.473028 
 2.848409  
 0.535894  0.611453  0.670413  0.705664   0.712954   0.691403   0.643611   0.575342   0.494831   0.411788   0.336229   0.277268   0.242017   0.234728   0.256278   0.304070   0.372339   0.452851 
 121.486061  
TUPLE  36.744804  
 -32.045916  -53.029277  11.081607  62.943204 1
 -14.494726  -23.293276  4.859139  27.862241 
 -18.035560  -30.537535  6.389964  36.037097 
 38.551249  -5.605663  41.024916  56.574429 1
 10.887900  -1.338486  11.976755  16.241923 
 30.148644  -4.628559  31.692928  43.986636 
 0.545532  
 0.564249  0.827065  1.082771  1.300523   1.454060   1.524861   1.504386   1.395107   1.210202   0.971975   0.709160   0.453454   0.235701   0.082165   0.011364   0.031838   0.141118   0.326023 
 135.321472  
TUPLE  35.796818  
 -9.016218  -64.137598  -55.162481  85.075396 1
 -2.624389  -20.103558  -17.540906  26.809389 
 -6.702784  -46.246016  -39.524018  61.202839 
 47.834394  9.322207  -59.548373  76.948304 0
 47.488147  9.254728  -59.117334  76.391444 
 0.000000  0.000000  0.000000  0.000000 
 2.812521  
 1.879433  1.669893  1.380125  1.045080   0.705168   0.401389   0.170382   0.040010   0.025998   0.130036   0.339575   0.629343   0.964388   1.304300   1.608080   1.839087   1.969459   1.983471 
 132.915634  
TUPLE  1.274791  
 38.168806  -28.154819  -27.265482  54.707934 1
 34.500365  -25.134226  -24.593201  49.263065 
 3.302993  -2.751023  -2.411228  4.930531 
 -28.852454  -8.273449  -23.581854  38.170904 2
 -11.338252  -3.246710  -9.456565  15.117645 
 -18.325389  -5.259350  -14.788294  24.145702 
 4.410561  
 1.187698  1.367818  1.555459  1.727987   1.864594   1.948802   1.970455   1.926941   1.823508   1.672633   1.492512   1.304872   1.132343   0.995737   0.911529   0.889876   0.933390   1.036822 
 112.734978  
TUPLE  31.800991  
 -8.623351  -65.807501  97.257168  117.745259 0
 -8.590607  -65.557621  96.887871  117.298249 
 0.000000  0.000000  0.000000  0.000000 
 55.899349  -27.806067  31.050231  69.728269 1
 3.431588  -1.521917  1.847037  4.186055 
 57.183523  -28.629929  31.822648  71.430577 
 2.303867  
 1.138715  1.220882  1.252061  1.228492   1.153017   1.034740   0.887926   0.730284   0.580827   0.457583   0.375416   0.344236   0.367805   0.443280   0.561558   0.708372   0.866014   1.015470 
 115.188232  
TUPLE  33.718788  
 -52.077917  -23.984848  38.752269  69.203473 1
 -26.888273  -12.332667  19.782333  35.586993 
 -26.761387  -12.376061  20.139504  35.706534 
 -7.952881  47.955818  18.780975  52.112703 1
 -1.665596  10.043886  3.645229  10.814852 
 -6.612595  39.873550  15.903975  43.434791 
 5.820707  
 1.367857  1.615569  1.803443  1.908819   1.918987   1.832721   1.660425   1.422882   1.148742   0.871070   0.623358   0.435484   0.330108   0.319940   0.406206   0.578502   0.816046   1.090186 
 111.995361  
TUPLE  35.796818  
 -10.388570  -40.452716  -66.621934  78.630952 1
 -0.487850  -2.420793  -3.722402  4.469227 
 -10.102059  -38.815927  -64.190716  75.691440 
 23.405092  -20.607043  3.216410  31.349543 1
 9.754516  -8.430344  1.729212  13.008879 
 15.067924  -13.424603  1.681975  20.251161 
 3.618016  
 1.413859  1.559179  1.613975  1.571638   1.437274   1.227090   0.966437   0.686753   0.421773   0.203457   0.058137   0.003341   0.045678   0.180041   0.390225   0.650879   0.930562   1.195543 
 112.496605  
TUPLE  35.796818  
 -133.825586  -77.833187  -69.623694  169.749083 1
 -76.778876  -44.768932  -40.107378  97.508329 
 -55.864126  -32.376482  -28.901075  70.741272 
 -40.025139  -39.555293  21.449189  60.222094 0
 -39.976083  -39.506814  21.422900  60.148447 
 0.000000  0.000000  0.000000  0.000000 
 5.387999  
 0.598066  0.575827  0.627682  0.747376   0.920472   1.126093   1.339438   1.534774   1.688540   1.782191   1.804430   1.752575   1.632881   1.459785   1.254164   1.040819   0.845483   0.691717 
 100.121841  
TUPLE  31.355324  
 46.914421  69.695717  -126.440872  151.808267 1
 42.508739  63.045384  -114.510288  137.456680 
 5.946501  8.939361  -16.083306  19.338149 
 -31.472158  6.257900  -57.991773  66.277476 1
 -7.882881  1.614393  -13.743149  15.926070 
 -24.377257  4.800186  -45.700584  52.017825 
 5.548228  
 0.476313  0.375513  0.295961  0.247252   0.235261   0.261434   0.322614   0.411422   0.517146   0.627036   0.727835   0.807387   0.856096   0.868087   0.841914   0.780734   0.691926   0.586202 
 129.417923  
TUPLE  31.800991  
 -3.424775  42.561961  49.028860  65.015989 1
 -2.090615  20.722845  23.966580  31.752534 
 -1.318966  21.650316  24.844791  32.981172 
 25.524538  -16.395205  38.952307  49.371925 0
 25.449331  -16.346897  38.837536  49.226651 
 0.000000  0.000000  0.000000  0.000000 
 6.254384  
 1.668276  1.704840  1.647279  1.502536   1.288069   1.029746   0.758725   0.507694   0.306933   0.180654   0.144090   0.201651   0.346394   0.560861   0.819184   1.090205   1.341236   1.541998 
 94.113708  
TUPLE  35.796818  
 -91.489466  -55.516862  69.317662  127.504441 1
 -23.550781  -13.991042  17.494029  32.503063 
 -67.249315  -41.107499  51.301328  94.043295 
 -56.984948  2.447244  -27.241667  63.209032 1
 -7.270131  0.093936  -3.558521  8.096060 
 -49.443636  2.341717  -23.553488  54.817350 
 4.558482  
 1.136427  1.089804  1.010118  0.906982   0.792835   0.681446   0.586248   0.518725   0.487020   0.494958   0.541582   0.621267   0.724403   0.838550   0.949940   1.045138   1.112661   1.144366 
 119.882584  
TUPLE  35.796818  
 -47.559722  -18.488396  -12.513696  52.538943 1
 -33.847586  -13.469037  -8.726012  37.459802 
 -15.100342  -5.559014  -4.152943  16.618908 
 27.201996  -36.714918  -0.359525  45.695328 1
 21.794282  -28.762872  -0.127593  36.087800 
 6.723185  -9.727556  -0.249318  11.828226 
 3.951097  
 1.269355  1.179936  1.105244  1.054288   1.033214   1.044563   1.086967   1.155311   1.241352   1.334713   1.424131   1.498823   1.549779   1.570854   1.559505   1.517101   1.448756   1.362715 
 124.159821  
TUPLE  33.402683  
 -146.192165  60.827871  -83.161408  178.851891 0
 -157.277966  65.440469  -89.467566  192.414341 
 0.000000  0.000000  0.000000  0.000000 
 -53.282389  -11.111088  -87.629809  103.157417 1
 -8.034714  -1.869841  -13.548851  15.863284 
 -44.728823  -9.133047  -73.227639  86.292441 
 3.360644  
 1.287173  1.059197  0.796665  0.531243   0.294946   0.116273   0.016776   0.008455   0.092314   0.258238   0.486215   0.748747   1.014168   1.250466   1.429139   1.528636   1.536957   1.453098 
 118.612236  
TUPLE  36.744804  
 33.309577  -34.982850  -110.813411  120.883993 2
 5.479626  -6.010823  -19.213905  20.865041 
 29.792078  -31.032721  -98.127065  107.142856 
 30.326735  11.903539  -58.671682  67.110144 1
 15.491226  6.011324  -30.600280  34.821124 
 16.676488  6.614817  -31.633059  36.366601 
 5.075286  
 1.559780  1.411333  1.206434  0.969795   0.729959   0.515854   0.353305   0.261916   0.252710   0.326799   0.475246   0.680145   0.916784   1.156620   1.370725   1.533274   1.624663   1.633869 
 100.137360  
TUPLE  35.796818  
 15.722530  89.940668  -51.211037  104.685682 1
 12.026429  67.701156  -38.532387  78.821608 
 3.753496  22.567819  -12.865586  26.247604 
 24.570431  54.276999  -139.979148  152.131064 1
 12.051202  27.182024  -68.898363  75.040641 
 13.809713  29.945705  -78.432752  85.083302 
 1.384031  
 1.394947  1.132077  0.837547  0.546883   0.295142   0.112688   0.021527   0.032656   0.144732   0.344236   0.607106   0.901636   1.192301   1.444042   1.626496   1.717656   1.706527   1.594451 
 110.102318  
TUPLE  33.402683  
 25.649252  -48.425567  183.290511  191.306903 3
 25.296323  -47.759235  180.768448  188.678187 
 0.000000  0.000000  0.000000  0.000000 
 34.243556  36.850073  158.605011  166.391401 1
 7.492103  8.174387  35.728312  37.409677 
 27.488352  29.468674  126.289779  132.563715 
 0.802012  
 1.967680  1.883476  1.694024  1.422173   1.100714   0.768418   0.465366   0.228110   0.085267   0.054065   0.138269   0.327721   0.599572   0.921031   1.253327   1.556379   1.793635   1.936479 
 112.765549  
TUPLE  35.796818  
 51.776995  -45.688725  13.746131  70.407904 2
 22.581543  -19.751144  6.003128  30.595601 
 35.911757  -31.864140  9.526096  48.946881 
 17.398081  30.966729  49.691312  61.080750 1
 13.856813  24.336889  39.088584  48.085677 
 4.412032  8.179703  13.089744  16.054071 
 3.000622  
 0.439026  0.396510  0.447590  0.586105   0.795348   1.050081   1.319580   1.571338   1.774991   1.905975   1.948490   1.897410   1.758895   1.549652   1.294919   1.025421   0.773662   0.570009 
 117.362152  
TUPLE  35.796818  
 -34.485926  -27.263932  -34.622463  55.958163 1
 -3.441137  -2.978773  -3.734554  5.889048 
 -32.910147  -25.759882  -32.760653  53.102993 
 -10.375643  36.733611  20.934384  43.534590 2
 -4.457768  14.873176  8.493109  17.698459 
 -6.966230  25.572007  14.556491  30.246938 
 3.244962  
 0.097324  0.194618  0.365844  0.590348   0.841053   1.087719   1.300595   1.454005   1.529445   1.517817   1.420523   1.249297   1.024793   0.774088   0.527422   0.314546   0.161136   0.085695 
 121.858604  
TUPLE  31.800991  
 -65.658353  -13.540975  101.817465  121.906413 2
 -29.668960  -6.010704  46.480728  55.469391 
 -39.744029  -8.304608  61.159113  73.417299 
 22.381445  -34.273477  90.954549  99.741317 1
 6.195313  -8.772533  24.006202  26.299362 
 16.956434  -26.680533  70.078724  76.879238 
 4.988621  
 1.512729  1.237121  0.931850  0.633736   0.378735   0.197606   0.112193   0.132801   0.256942   0.469644   0.745251   1.050522   1.348637   1.603637   1.784767   1.870179   1.849572   1.725431 
 142.961349  
TUPLE  31.800991  
 -5.948840  157.264027  21.562703  158.846822 1
 -2.930884  84.392286  11.462696  85.217726 
 -2.253940  52.674056  7.330673  53.229629 
 39.681406  3.434020  -1.881670  39.874142 0
 39.259748  3.397530  -1.861675  39.450682 
 0.000000  0.000000  0.000000  0.000000 
 4.662175  
 1.356824  1.190344  1.044467  0.936787   0.880293   0.881798   0.941122   1.051108   1.198491   1.365494   1.531974   1.677851   1.785531   1.842025   1.840520   1.781196   1.671210   1.523827 
 128.978226  
TUPLE  31.800991  
 -36.051584  -64.001915  169.334545  184.581012 1
 -14.480326  -25.739002  66.867566  73.099021 
 -24.540026  -43.533329  116.411292  126.684532 
 -35.648648  38.300036  147.426047  156.435796 0
 -39.503790  42.441906  163.369101  173.353245 
 0.000000  0.000000  0.000000  0.000000 
 3.022868  
 1.075292  0.971629  0.909626  0.896760   0.934584   1.018535   1.138489   1.279975   1.425930   1.558749   1.662412   1.724416   1.737282   1.699458   1.615506   1.495553   1.354066   1.208111 
 142.861237  
TUPLE  33.402683  
 -19.257400  77.302819  -49.422794  93.750658 1
 -1.883782  6.322259  -3.904773  7.667224 
 -0.861778  4.698936  -3.141519  5.719268 
 38.361059  60.224501  -48.487948  86.311311 3
 38.409833  60.301068  -48.549593  86.426373 
 0.000000  0.000000  0.000000  0.000000 
 5.051155  
 0.145457  0.021111  0.010897  0.116047   0.323880   0.609327   0.937959   1.270138   1.565798   1.789279   1.913626   1.923840   1.818689   1.610856   1.325410   0.996778   0.664599   0.368938 
 106.599884  
TUPLE  0.874500  
 24.173255  -50.656480  -1.437792  56.147061 1
 10.091917  -20.552844  -0.408623  22.900931 
 13.856932  -29.633379  -1.015822  32.729220 
 39.101432  -7.569882  63.796340  75.207699 1
 35.490296  -6.591131  57.236317  67.668453 
 6.426878  -1.523868  11.154079  12.963743 
 4.343859  
 1.916669  1.918853  1.841679  1.694455   1.494939   1.267195   1.038693   0.836993   0.686424   0.605146   0.602962   0.680136   0.827360   1.026876   1.254620   1.483122   1.684821   1.835391 
 121.514046  
TUPLE  36.744804  
 52.964939  -35.743897  -41.850064  76.382844 3
 52.947420  -35.732076  -41.836223  76.365624 
 0.000000  0.000000  0.000000  0.000000 
 56.487996  19.313027  31.742440  67.612640 1
 48.735371  16.776910  27.396089  58.370937 
 8.499443  2.791451  4.766011  10.137348 
 4.944621  
 1.687058  1.625809  1.473611  1.248819   0.978548   0.695395   0.433514   0.224490   0.093536   0.056447   0.117695   0.269894   0.494685   0.764957   1.048109   1.309991   1.519014   1.649968 
 117.126671  
TUPLE  35.796818  
 44.379721  -42.789877  -58.743186  85.154537 1
 7.837905  -7.679007  -10.751976  15.363085 
 39.664138  -38.121341  -52.124071  75.785338 
 49.072363  27.436877  -50.902720  75.841716 2
 35.206715  19.785086  -36.571879  54.483798 
 14.818738  8.184676  -15.319483  22.832944 
 4.183281  
 1.679575  1.436548  1.134039  0.808537   0.499300   0.243629   0.072360   0.006150   0.052987   0.207220   0.450248   0.752756   1.078259   1.387495   1.643167   1.814436   1.880645   1.833808 
 111.881401  
TUPLE  33.718788  
 67.279432  24.438960  78.444334  106.194624 0
 65.901875  23.938568  76.838173  104.020365 
 0.000000  0.000000  0.000000  0.000000 
 40.471687  -46.219075  98.383515  115.989121 1
 35.955285  -40.958228  87.268973  102.889514 
 5.639960  -6.543958  13.845827  16.320468 
 1.483626  
 1.325584  0.995745  0.663539  0.369035   0.147754   0.026387   0.019571   0.128129   0.338967   0.626656   0.956494   1.288700   1.583204   1.804485   1.925853   1.932668   1.824110   1.613272 
 97.456337  
TUPLE  33.718788  
 -54.199391  57.739659  -34.450569  86.361356 0
 -53.354059  56.839111  -33.913254  85.014519 
 0.000000  0.000000  0.000000  0.000000 
 -11.419155  -47.577115  -14.618548  51.065458 1
 -0.406382  -1.925678  -0.595990  2.061084 
 -11.064681  -45.867704  -14.089009  49.242175 
 0.991448  
 0.503093  0.400519  0.294038  0.196495   0.119655   0.072785   0.061539   0.087273   0.146884   0.233181   0.335756   0.442237   0.539780   0.616620   0.663490   0.674736   0.649001   0.589391 
 147.682983  
TUPLE  33.718788  
 -12.576259  49.744404  -6.297242  51.694519 1
 -7.777599  31.690549  -4.171255  32.896820 
 -4.551246  17.075235  -2.002101  17.784941 
 31.136494  -18.531093  -30.361288  47.272513 0
 30.809115  -18.336251  -30.042060  46.775683 
 0.000000  0.000000  0.000000  0.000000 
 2.129967  
 1.866585  1.984253  1.985772  1.870959   1.653661   1.360089   1.025651   0.690686   0.395595   0.175971   0.058303   0.056784   0.171598   0.388895   0.682467   1.016905   1.351870   1.646961 
 133.110245  
TUPLE  33.402683  
 21.619802  -76.043958  -26.990258  83.537856 1
 6.808662  -24.749715  -8.730657  27.113652 
 13.240334  -45.769203  -16.298600  50.356618 
 32.810770  -51.667955  47.449919  77.444297 1
 9.065373  -13.828304  12.246578  20.576714 
 26.499700  -42.176916  39.186526  63.377665 
 2.522929  
 0.856700  1.194574  1.510316  1.765845   1.930340   1.983960   1.920238   1.746860   1.484737   1.165486   0.827613   0.511870   0.256341   0.091847   0.038226   0.101949   0.275327   0.537449 
 123.087585  
TUPLE  33.718788  
 -78.900427  -19.092753  -47.708627  94.159034 1
 -31.000815  -7.243611  -18.569999  36.856272 
 -43.567814  -10.800909  -26.519325  52.135466 
 -14.374867  -36.034328  -29.998914  49.041253 2
 -9.993824  -25.340891  -21.274472  34.563853 
 -4.436438  -10.832296  -8.840044  14.671056 
 1.960331  
 1.126242  1.437532  1.693830  1.864222   1.928157   1.877924   1.719580   1.472225   1.165694   0.836958   0.525668   0.269370   0.098977   0.035042   0.085276   0.243619   0.490974   0.797506 
 120.228546  
TUPLE  31.800991  
 4.106368  -107.908459  91.185665  141.336206 1
 1.724913  -47.013539  39.113765  61.181323 
 2.236255  -57.079391  48.847673  75.160968 
 -38.407955  -15.538879  124.219883  130.947345 1
 -44.033215  -17.098082  142.310908  149.945598 
 -9.580506  -4.592762  31.087830  32.853477 
 2.309046  
 0.666457  0.872015  1.108554  1.347545   1.560162   1.720760   1.809969   1.817029   1.741088   1.591306   1.385749   1.149210   0.910219   0.697602   0.537004   0.447795   0.440735   0.516675 
 130.481125  
TUPLE  33.718788  
 -86.444073  39.715383  -17.657186  96.755700 2
 -31.025375  14.490244  -6.385944  34.833042 
 -55.440705  25.235261  -11.275737  61.949215 
 -45.114494  54.447337  71.624857  100.647654 1
 -26.157248  30.781628  40.001768  56.849549 
 -23.757609  29.459195  39.244392  54.519801 
 4.648360  
 1.397181  1.599470  1.772342  1.894947   1.952496   1.938048   1.853345   1.708605   1.521284   1.313977   1.111687   0.938815   0.816210   0.758661   0.773110   0.857812   1.002553   1.189873 
 128.900116  
TUPLE  36.744804  
 -8.669640  89.970108  -98.815841  133.919205 0
 -8.808724  91.413469  -100.401111  136.067699 
 0.000000  0.000000  0.000000  0.000000 
 -42.856968  -10.408042  -68.779792  81.704998 1
 -25.444911  -6.041902  -41.149246  48.756825 
 -20.401258  -5.092119  -32.427745  38.648647 
 2.776563  
 1.517456  1.474706  1.345919  1.146630   0.900875   0.638295   0.390563   0.187558   0.053765   0.005322   0.048072   0.176859   0.376149   0.621904   0.884483   1.132215   1.335221   1.469013 
 125.895432  
TUPLE  33.402683  
 83.495409  7.827629  -14.264605  85.066057 1
 33.722631  3.184655  -6.112308  34.420019 
 49.275519  4.596355  -8.067345  50.142831 
 18.562228  45.282607  36.853827  61.263981 3
 18.395866  44.876769  36.523531  60.722724 
 0.000000  0.000000  0.000000  0.000000 
 1.925007  
 0.177143  0.270004  0.457311  0.716472   1.016230   1.320427   1.592375   1.799271   1.916162   1.928948   1.836087   1.648780   1.389619   1.089862   0.785664   0.513716   0.306820   0.189929 
 120.619751  
TUPLE  35.796818  
 -63.994119  7.683789  -244.454232  252.808543 1
 -13.949454  1.310186  -54.167063  55.949925 
 -54.761093  6.939900  -208.303647  215.493311 
 -34.672089  34.948461  -53.512230  72.712498 3
 -34.294540  34.567896  -52.929524  71.928804 
 0.000000  0.000000  0.000000  0.000000 
 1.443082  
 0.057967  0.025995  0.111334  0.303693   0.579870   0.906554   1.244341   1.552491   1.793835   1.939264   1.971237   1.885898   1.693539   1.417362   1.090678   0.752890   0.444741   0.203396 
 93.570305  
TUPLE  33.718788  
 -30.724792  56.605280  34.463503  73.047270 0
 -30.980649  57.076654  34.750494  73.655695 
 0.000000  0.000000  0.000000  0.000000 
 -61.927377  1.136482  23.480883  66.239290 1
 -37.108318  0.419351  14.155223  39.718924 
 -10.699061  0.458137  3.971763  11.422474 
 0.189045  
 1.693115  1.606262  1.450782  1.245428   1.014969   0.787201   0.589597   0.445991   0.373703   0.381453   0.468306   0.623787   0.829141   1.059600   1.287368   1.484972   1.628578   1.700865 
 117.826035  
TUPLE  33.402683  
 -54.424556  101.674750  343.184856  362.043689 0
 -49.619262  92.697606  312.884119  330.077883 
 0.000000  0.000000  0.000000  0.000000 
 16.641508  55.140017  53.049487  78.304594 0
 16.389114  54.303735  52.244911  77.117112 
 0.000000  0.000000  0.000000  0.000000 
 1.430716  
 0.484927  0.659910  0.817732  0.939357   1.010116   1.021473   0.972060   0.867835   0.721371   0.550332   0.375349   0.217528   0.095903   0.025144   0.013787   0.063200   0.167425   0.313889 
 130.181885  
TUPLE  33.402683  
 19.692736  -71.155421  53.104819  90.945146 3
 19.499117  -70.455814  52.582691  90.059795 
 0.000000  0.000000  0.000000  0.000000 
 -53.273506  -3.160143  6.211618  53.727434 1
 -38.999509  -1.609518  4.394721  39.279578 
 -16.376586  -1.676073  2.062215  16.591346 
 1.231142  
 1.552982  1.784945  1.929922  1.970425   1.901570   1.731662   1.481193   1.180375   0.865490   0.574519   0.342555   0.197579   0.157075   0.225930   0.395839   0.646307   0.947125   1.262010 
 140.858765  
TUPLE  33.718788  
 -90.832265  12.626440  87.001479  126.408800 1
 -71.579960  10.142800  68.313626  99.465260 
 -20.832381  2.703290  20.201293  29.144576 
 -3.005973  -47.379415  61.828135  77.952313 1
 -1.178196  -12.854419  16.707210  21.113374 
 -1.741055  -33.158084  43.337167  54.595037 
 0.756813  
 0.038783  0.020427  0.118217  0.320360   0.602472   0.930528   1.264959   1.565428   1.795694   1.927983   1.946339   1.848548   1.646406   1.364294   1.036238   0.701807   0.401338   0.171072 
 140.959549  
TUPLE  33.718788  
 -46.997242  84.099489  -9.878667  96.845511 2
 -17.223641  30.132532  -3.180184  34.853355 
 -31.594891  57.226078  -7.081313  65.751647 
 -83.147105  -2.042792  -46.872550  95.470676 1
 -43.781423  -0.670355  -24.163019  50.011332 
 -41.430345  -1.423171  -23.873445  47.837835 
 3.839930  
 0.223906  0.301965  0.446538  0.640188   0.859557   1.078187   1.269707   1.411017   1.485074   1.482945   1.404886   1.260313   1.066663   0.847294   0.628664   0.437144   0.295833   0.221777 
 137.028870  
TUPLE  33.718788  
 -0.440864  -51.010036  6.785759  51.461293 3
 -0.438718  -50.761726  6.752727  51.226524 
 0.000000  0.000000  0.000000  0.000000 
 31.182389  30.996464  11.074557  45.340578 1
 25.833825  25.818743  9.131913  37.648444 
 6.527895  6.350020  2.361489  9.409092 
 3.205697  
 1.389177  1.518005  1.656148  1.786945   1.894619   1.966182   1.993004   1.971850   1.905270   1.801296   1.672467   1.534324   1.403527   1.295853   1.224290   1.197468   1.218622   1.285202 
 142.479858  
TUPLE  0.001334  
 -11.889810  -61.064917  23.743620  66.588671 1
 -7.326209  -34.881167  13.832991  38.232712 
 -4.787797  -27.335207  10.358345  29.621784 
 -38.755357  -28.695627  -21.202891  52.678072 0
 -37.905239  -28.066174  -20.737796  51.522742 
 0.000000  0.000000  0.000000  0.000000 
 1.904609  
 1.184432  1.437497  1.625573  1.725976   1.726596   1.627359   1.440232   1.187788   0.900474   0.612944   0.359879   0.171803   0.071400   0.070779   0.170017   0.357144   0.609588   0.896902 
 123.797203  
TUPLE  44.201973  
 -44.625678  -1.884194  -111.797262  120.389489 0
 -43.627606  -1.842054  -109.296870  117.697011 
 0.000000  0.000000  0.000000  0.000000 
 13.789081  28.940403  -17.673551  36.606558 1
 10.358379  22.648345  -13.769239  28.457951 
 3.221816  5.853648  -3.636580  7.608431 
 4.109094  
 1.128984  0.899887  0.687167  0.516481   0.408417   0.376008   0.423164   0.544197   0.724508   0.942350   1.171447   1.384167   1.554853   1.662918   1.695326   1.648170   1.527138   1.346826 
 107.223808  
TUPLE  33.718788  
 -106.596760  -119.009156  -755.400989  772.111846 1
 -60.175359  -67.182297  -427.419279  436.831540 
 -39.775299  -44.406856  -280.883862  287.140741 
 -8.210856  -30.012270  -68.109522  74.880315 1
 -3.805701  -12.970044  -29.537362  32.483545 
 -3.883504  -15.135486  -34.245030  37.641796 
 5.815900  
 0.645854  0.816705  0.968898  1.084074   1.148343   1.153952   1.100226   0.993643   0.847060   0.678157   0.507306   0.355114   0.239938   0.175669   0.170059   0.223786   0.330368   0.476951 
 117.861908  
TUPLE  31.355324  
 8.521463  243.955247  171.167317  298.135923 1
 7.593159  265.876815  185.439923  324.247006 
 2.387283  19.750722  14.968297  24.896953 
 43.504231  29.929158  68.820606  86.744731 2
 13.688405  9.447600  21.635709  27.290163 
 40.216673  27.636923  63.638298  80.221797 
 6.083659  
 0.441272  0.432609  0.495256  0.621656   0.796564   0.998883   1.204211   1.387782   1.527454   1.606382   1.615044   1.552398   1.425997   1.251089   1.048770   0.843442   0.659872   0.520199 
 134.615814  
TUPLE  33.718788  
 198.145496  41.021912  -71.438138  214.587610 1
 109.657628  22.853934  -39.508732  118.777342 
 90.589934  18.603167  -32.687271  98.087154 
 59.983485  -47.934511  -26.298577  81.162498 1
 26.045761  -21.035254  -11.558015  35.418509 
 35.972771  -28.525522  -15.632788  48.498948 
 3.858534  
 1.789182  1.816608  1.840536  1.858081   1.867126   1.866580   1.856509   1.838128   1.813653   1.786038   1.758612   1.734683   1.717138   1.708094   1.708640   1.718711   1.737092   1.761566 
 126.744911  
TUPLE  36.744804  
 60.204174  7.783198  73.221322  95.113000 0
 61.530178  7.954624  74.834031  97.207975 
 0.000000  0.000000  0.000000  0.000000 
 -22.036653  -35.042238  3.468755  41.540400 1
 -15.952671  -24.836927  2.451580  29.620776 
 -8.099220  -13.409907  1.334391  15.723288 
 2.919957  
 0.152905  0.329786  0.565916  0.832814   1.098286   1.330315   1.500913   1.589504   1.585402   1.489103   1.312221   1.076091   0.809194   0.543721   0.311693   0.141095   0.052504   0.056605 
 141.565674  
TUPLE  33.402683  
 -62.397994  -80.457196  -97.171753  140.745230 1
 -59.446842  -76.344491  -93.296797  134.412500 
 -6.604211  -8.823025  -9.563822  14.592679 
 -71.921971  -28.781603  -171.265405  187.970715 1
 -43.941438  -17.243550  -103.478288  113.736386 
 -29.719809  -12.234099  -71.928883  78.782756 
 1.809336  
 0.262188  0.234458  0.310444  0.480981   0.725499   1.014508   1.313146   1.585395   1.798417   1.926519   1.954249   1.878264   1.707727   1.463208   1.174200   0.875561   0.603312   0.390290 
 113.471527  
TUPLE  33.402683  
 37.010237  -36.654532  166.849164  174.791178 3
 48.594541  -48.127500  219.073408  229.505954 
 0.000000  0.000000  0.000000  0.000000 
 -6.310478  -46.141063  59.364074  75.451396 1
 -3.406487  -27.651022  35.751173  45.324927 
 -2.965918  -18.942853  24.195479  30.871796 
 6.107925  
 1.453688  1.130780  0.795296  0.487700   0.245092   0.096736   0.060524   0.140825   0.327952   0.599337   0.922245   1.257729   1.565325   1.807932   1.956289   1.992501   1.912200   1.725072 
 94.296410  
TUPLE  0.001334  
 -26.106137  -97.815528  40.438866  109.017016 1
 -5.572314  -20.771683  8.443340  23.104609 
 -20.622674  -77.376742  32.133152  86.284486 
 -29.533957  13.393996  40.540319  51.915038 1
 -25.052629  11.374338  34.900763  44.442013 
 -12.877255  5.827309  17.164373  22.235448 
 0.362602  
 0.122101  0.315080  0.581884  0.890335   1.203227   1.482823   1.695397   1.815311   1.828102   1.732226   1.539247   1.272442   0.963992   0.651099   0.371504   0.158930   0.039016   0.026225 
 123.717583  
TUPLE  0.001334  
 93.229572  -40.691149  -122.832224  159.484413 3
 91.162468  -39.788938  -120.108769  155.951063 
 0.000000  0.000000  0.000000  0.000000 
 26.014109  -33.736360  8.167284  43.377187 1
 5.291740  -6.272510  1.472300  8.338708 
 19.413352  -25.766251  6.284010  32.867688 
 1.603900  
 0.213027  0.113342  0.126192  0.250028   0.469912   0.759323   1.083355   1.402925   1.679486   1.879683   1.979368   1.966517   1.842682   1.622798   1.333386   1.009354   0.689785   0.413223 
 113.233574  
TUPLE  33.402683  
 -97.181475  177.446034  96.738412  224.253549 1
 -7.130035  13.136545  7.229275  16.603858 
 -88.644782  161.741041  88.108892  204.404640 
 -73.662361  26.502927  -0.262279  78.285486 2
 -10.238856  3.693933  -0.254427  10.888688 
 -71.342895  25.658296  -0.036050  75.840988 
 4.835977  
 0.021632  0.037619  0.122231  0.265262   0.449462   0.652613   0.850211   1.018424   1.136963   1.191529   1.175543   1.090931   0.947899   0.763699   0.560549   0.362950   0.194737   0.076199 
 124.472832  
TUPLE  33.402683  
 65.798513  31.710105  20.054056  75.743913 3
 64.983931  31.317536  19.805788  74.812910 
 0.000000  0.000000  0.000000  0.000000 
 33.169547  -47.676484  42.016211  71.684224 1
 13.228620  -19.983006  17.436948  29.637536 
 20.031534  -27.823712  24.694035  42.252040 
 5.798827  
 0.185002  0.059789  0.043070  0.136860   0.329848   0.598756   0.911150   1.229351   1.514978   1.733582   1.858795   1.875515   1.781724   1.588736   1.319828   1.007434   0.689233   0.403606 
 118.783768  
TUPLE  35.796818  
 64.429359  70.938182  55.579626  110.781148 3
 64.797133  71.343108  55.896885  111.419097 
 0.000000  0.000000  0.000000  0.000000 
 -6.720594  41.748569  -17.858964  45.902636 1
 -3.840183  23.299536  -9.918929  25.612887 
 -1.985225  12.888093  -5.561209  14.177071 
 1.781918  
 1.401226  1.320936  1.258851  1.222457   1.216145   1.240676   1.293091   1.367069   1.453686   1.542495   1.622784   1.684870   1.721263   1.727575   1.703044   1.650629   1.576652   1.490035 
 108.446861  
TUPLE  33.718788  
 44.158667  -24.864427  -2.750052  50.752245 0
 44.011363  -24.781484  -2.740879  50.583138 
 0.000000  0.000000  0.000000  0.000000 
 -10.704742  -33.190709  -48.358488  59.621791 1
 -7.266917  -22.232294  -33.283316  40.680236 
 -3.498414  -11.146275  -15.348883  19.289499 
 4.659516  
 1.144733  1.391506  1.574225  1.670851   1.669730   1.570997   1.386560   1.138666   0.857213   0.576150   0.329377   0.146658   0.050031   0.051152   0.149886   0.334322   0.582217   0.863669 
 124.644386  
TUPLE  35.796818  
 96.435536  -1.555837  -102.926766  141.053722 0
 94.756333  -1.528746  -101.134533  138.597666 
 0.000000  0.000000  0.000000  0.000000 
 5.717083  36.800335  0.733727  37.249001 0
 5.414242  34.850976  0.694861  35.276152 
 0.000000  0.000000  0.000000  0.000000 
 2.916510  
 1.050713  1.043886  1.017557  0.974902   0.921065   0.862539   0.806384   0.759374   0.727177   0.713678   0.720504   0.746833   0.789489   0.843326   0.901852   0.958006   1.005017   1.037214 
 141.059402  
TUPLE  35.796818  
 -78.634941  -38.031305  -144.194576  168.587988 1
 -46.779287  -23.141632  -85.948749  100.553686 
 -35.723712  -16.760352  -65.338732  76.329949 
 -51.251480  64.557374  -138.181242  160.898802 1
 -22.273867  27.340064  -58.311400  68.145749 
 -24.497430  31.573997  -67.790678  78.693301 
 0.951126  
 0.715277  0.529489  0.424528  0.413054   0.496450   0.664657   0.897388   1.166571   1.439740   1.683945   1.869732   1.974693   1.986168   1.902772   1.734564   1.501834   1.232650   0.959482 
 128.284912  
TUPLE  33.718788  
 83.351816  28.618055  -36.101909  95.235844 1
 15.850296  5.595765  -6.850235  18.151850 
 67.298615  22.952625  -29.163790  76.853571 
 8.891437  35.274646  12.189635  38.365942 1
 2.423370  8.820382  3.196502  9.690664 
 7.228133  29.469648  10.035140  31.959792 
 4.768826  
 1.053431  0.708782  0.399235  0.162126   0.026055   0.007433   0.108507   0.317085   0.608010   0.946192   1.290842   1.600389   1.837498   1.973569   1.992191   1.891117   1.682539   1.391614 
 125.183708  
TUPLE  33.402683  
 -45.367807  -63.373918  117.849900  141.290800 3
 -47.300297  -66.073404  122.869842  147.313741 
 0.000000  0.000000  0.000000  0.000000 
 27.819820  -44.138522  256.313563  261.569865 1
 12.306804  -19.406379  111.770491  114.108401 
 15.113963  -24.099010  140.866448  143.710016 
 6.235834  
 0.702100  0.799559  0.960425  1.165298   1.389465   1.605889   1.788466   1.915174   1.970731   1.948436   1.850977   1.690110   1.485238   1.261071   1.044647   0.862070   0.735362   0.679805 
 140.009735  
TUPLE  33.402683  
 -49.716699  13.785162  -68.004316  85.360224 3
 -49.831899  13.817108  -68.161893  85.564317 
 0.000000  0.000000  0.000000  0.000000 
 21.838893  35.345714  -0.951111  41.559131 1
 7.356494  12.058936  -0.650853  14.141394 
 15.401912  24.774843  -0.339988  29.174399 
 4.800936  
 0.617767  0.602024  0.550959  0.470733   0.371021   0.263850   0.162146   0.078177   0.022070   0.000593   0.016337   0.067401   0.147628   0.247340   0.354511   0.456214   0.540184   0.596290 
 121.689804  
TUPLE  31.800991  
 -85.048835  68.610323  -73.613444  131.755910 2
 -36.450447  29.729816  -31.583853  56.657358 
 -53.373852  42.732943  -46.162954  82.498264 
 -37.947690  -32.532628  -35.072661  61.061368 1
 -4.687209  -3.859035  -4.109153  7.332578 
 -34.496370  -29.733127  -32.105776  55.721247 
 2.024294  
 1.592981  1.515754  1.418654  1.313393   1.212667   1.128625   1.071403   1.047904   1.060962   1.109001   1.186228   1.283328   1.388589   1.489315   1.573357   1.630579   1.654078   1.641020 
 152.487823  
TUPLE  33.402683  
 62.921011  7.782242  -1.389111  63.415665 1
 53.201847  6.476090  -1.098215  53.605987 
 5.312634  0.761140  -0.193613  5.372069 
 19.125406  -49.865736  13.938777  55.196578 3
 23.582418  -61.486518  17.187090  68.066014 
 0.000000  0.000000  0.000000  0.000000 
 0.026228  
 1.874093  1.790805  1.683613  1.565446   1.450555   1.352799   1.283968   1.252365   1.261801   1.311137   1.394425   1.501617   1.619784   1.734675   1.832431   1.901262   1.932865   1.923429 
 100.002747  
TUPLE  33.402683  
 -48.128907  68.274191  212.630613  228.450289 0
 -48.009514  68.104825  212.103144  227.883619 
 0.000000  0.000000  0.000000  0.000000 
 -30.899018  -17.403752  28.447096  45.462921 1
 -4.352802  -2.233934  3.752702  6.167625 
 -28.243741  -16.125938  26.257215  41.799694 
 0.137779  
 1.137117  1.433626  1.690057  1.875481   1.967533   1.955110   1.839711   1.635255   1.366401   1.065579   0.769070   0.512639   0.327215   0.235163   0.247585   0.362984   0.567441   0.836294 
 104.986572  
TUPLE  31.355324  
 52.518498  -32.628561  57.487259  84.425118 1
 7.341268  -4.492730  7.679484  11.535718 
 47.917390  -29.838229  52.807179  77.298205 
 9.529821  50.011087  -14.561407  52.952440 2
 2.558143  14.517519  -4.667647  15.463146 
 6.800177  34.593556  -9.631710  36.559329 
 1.342815  
 1.966888  1.914129  1.805591  1.654365   1.478690   1.299757   1.139147   1.016232   0.945837   0.936453   0.989212   1.097750   1.248977   1.424651   1.603584   1.764194   1.887110   1.957505 
 159.544540  
TUPLE  33.718788  
 14.323279  43.910850  28.705827  54.381463 1
 14.036589  43.796503  28.716017  54.219818 
 2.156906  5.847869  3.737983  7.269151 
 44.268716  -3.993081  40.322765  60.013243 2
 25.868956  -2.459617  23.946468  35.337026 
 15.159077  -1.241152  13.424478  20.293565 
 5.865734  
 0.872743  0.588592  0.343721  0.167667   0.081663   0.096084   0.209189   0.407337   0.666628   0.955788   1.239939   1.484810   1.660864   1.746868   1.732447   1.619342   1.421194   1.161903 
 112.455544  
TUPLE  44.201973  
 101.302655  44.766339  -129.437270  170.353339 1
 28.515194  12.370482  -36.837324  48.199098 
 72.357568  32.205886  -92.050657  121.433844 
 13.261246  45.491800  -112.522303  122.092724 0
 13.248452  45.447912  -112.413747  121.975015 
 0.000000  0.000000  0.000000  0.000000 
 0.463127  
 0.239117  0.506206  0.832954  1.179949   1.505338   1.769875   1.941653   1.999953   1.937742   1.762526   1.495436   1.168688   0.821693   0.496304   0.231767   0.059989   0.001689   0.063900 
 103.751938  
TUPLE  1.274791  
 68.171903  -39.511049  24.181035  82.421198 0
 66.497066  -38.540348  23.586959  80.396407 
 0.000000  0.000000  0.000000  0.000000 
 34.670811  1.774411  -30.895792  46.473258 1
 28.652978  1.425860  -25.508312  38.389057 
 5.491630  0.321621  -4.918572  7.380516 
 3.298562  
 1.397597  1.330847  1.284363  1.263752   1.271500   1.306672   1.365027   1.439526   1.521182   1.600148   1.666898   1.713382   1.733993   1.726245   1.691073   1.632718   1.558220   1.476563 
 115.506531  
TUPLE  31.355324  
 -30.143097  30.310941  20.662960  47.479652 0
 -30.535888  30.705919  20.932216  48.098556 
 0.000000  0.000000  0.000000  0.000000 
 -20.979670  -30.814328  -22.975668  43.789847 0
 -20.113385  -29.541954  -22.026965  41.981924 
 0.000000  0.000000  0.000000  0.000000 
 1.173616  
 1.680797  1.474259  1.225407  0.964257   0.722308   0.528742   0.406905   0.371494   0.426779   0.566093   0.772631   1.021482   1.282632   1.524581   1.718148   1.839984   1.875395   1.820110 
 122.013000  
TUPLE  35.796818  
 102.822038  -29.221321  -25.530402  109.900221 3
 86.273300  -24.518282  -21.421401  92.218800 
 0.000000  0.000000  0.000000  0.000000 
 54.909834  -42.557487  55.856171  89.141132 1
 24.422888  -18.968070  24.788776  39.632916 
 36.401801  -28.173684  37.084186  59.110935 
 3.788511  
 0.270113  0.153437  0.138656  0.227552   0.409403   0.662274   0.955667   1.254193   1.521846   1.726343   1.843019   1.857800   1.768904   1.587054   1.334182   1.040789   0.742263   0.474610 
 135.764618  
TUPLE  36.744804  
 -87.057505  60.721961  -317.962802  335.211141 1
 -68.332532  47.478238  -249.600816  263.104741 
 -18.138040  12.834327  -66.218270  69.846875 
 -19.169919  -27.514164  -84.447210  90.861688 0
 -19.162393  -27.503363  -84.414060  90.826126 
 0.000000  0.000000  0.000000  0.000000 
 5.080552  
 1.329820  1.127567  0.881917  0.622501   0.380606   0.185410   0.060455   0.020813   0.071266   0.205728   0.407981   0.653630   0.913047   1.154941   1.350138   1.475093   1.514734   1.464281 
 122.898811  
TUPLE  0.008312  
 19.117705  40.706452  34.567903  56.722498 1
 17.158884  35.891933  30.608527  50.195215 
 3.653675  8.423294  7.023945  11.560936 
 -32.630044  13.782091  33.394617  48.681272 3
 -31.927501  13.485351  32.675611  47.643636 
 0.000000  0.000000  0.000000  0.000000 
 5.891971  
 0.734238  0.778858  0.893788  1.065166   1.272322   1.490269   1.692720   1.855256   1.958273   1.989346   1.944726   1.829796   1.658418   1.451262   1.233315   1.030864   0.868328   0.765311 
 103.605072  
TUPLE  33.402683  
 48.743467  -22.158238  25.614965  59.355198 1
 10.314437  -4.899167  5.485999  12.669062 
 39.492465  -17.742451  20.687794  47.983876 
 -20.630951  -21.866608  2.413851  30.159764 2
 -15.142428  -15.959787  1.870443  22.079990 
 -5.483987  -5.902009  0.542877  8.079320 
 4.843719  
 1.975853  1.852047  1.634647  1.349875   1.032078   0.719587   0.450093   0.256101   0.161010   0.176289   0.300094   0.517494   0.802266   1.120064   1.432555   1.702048   1.896040   1.991131 
 120.412682  
TUPLE  33.718788  
 -50.215479  40.995482  -205.781094  215.750046 1
 -39.687868  32.199208  -162.938854  170.765937 
 -9.778916  8.185045  -39.774085  41.768627 
 -35.068795  -17.112701  -62.453617  73.641831 1
 -9.362803  -4.525838  -16.557185  19.552625 
 -31.521682  -15.424773  -56.253529  66.302472 
 0.436104  
 0.976225  0.914572  0.853780  0.801184   0.763127   0.744198   0.746682   0.770279   0.812142   0.867222   0.928876   0.989667   1.042263   1.080321   1.099249   1.096765   1.073169   1.031306 
 106.438728  
TUPLE  33.718788  
 -8.553852  66.646934  86.910336  109.856218 0
 -8.547217  66.595241  86.842926  109.771100 
 0.000000  0.000000  0.000000  0.000000 
 -22.941189  40.668925  212.130213  217.208395 1
 -2.389058  4.249906  23.095762  23.605148 
 -22.166235  39.280419  203.959607  208.887130 
 3.959041  
 1.193576  1.328237  1.461534  1.577390   1.661831   1.704673   1.700747   1.650528   1.560073   1.440291   1.305631   1.172334   1.056478   0.972037   0.929195   0.933120   0.983339   1.073795 
 135.574799  
TUPLE  44.201973  
 -62.478617  -64.267037  -10.481881  90.242448 1
 -32.352022  -33.127577  -5.400815  46.618430 
 -30.338365  -31.357304  -5.116595  43.930566 
 -83.908561  17.143087  -20.738195  88.116995 1
 -58.934383  12.108993  -14.634675  61.919968 
 -26.209499  5.286451  -6.408800  27.495006 
 3.549115  
 1.829255  1.816679  1.785875  1.740559   1.686197   1.629345   1.576860   1.535074   1.509025   1.501857   1.514433   1.545236   1.590552   1.644914   1.701766   1.754251   1.796037   1.822086 
 119.947990  
TUPLE  35.796818  
 -10.230952  -64.322321  -13.370626  66.489150 1
 -4.597218  -27.180725  -5.704817  28.151211 
 -5.514354  -36.391032  -7.509790  37.565016 
 40.423630  5.838341  -5.923357  41.270355 0
 40.234572  5.811036  -5.895654  41.077575 
 0.000000  0.000000  0.000000  0.000000 
 1.181199  
 1.014372  1.227829  1.450661  1.655990   1.819051   1.920176   1.947168   1.896771   1.775064   1.596726   1.383269   1.160437   0.955107   0.792047   0.690922   0.663930   0.714327   0.836034 
 114.192619  
TUPLE  31.800991  
 31.527547  -56.874345  202.884915  213.051558 1
 18.323177  -33.280622  119.138686  125.049528 
 12.215365  -21.809601  77.381835  81.319373 
 47.436105  -10.329915  40.952279  63.513624 1
 22.597402  -4.554472  19.841533  30.415320 
 25.671122  -5.956715  21.829384  34.220304 
 4.469474  
 1.087376  1.221707  1.287150  1.275813   1.189062   1.037362   0.839009   0.617927   0.400783   0.213767   0.079436   0.013992   0.025330   0.112080   0.263781   0.462134   0.683216   0.900360 
 116.232086  
TUPLE  35.796818  
 -7.049711  -46.647307  48.290131  67.510047 1
 -5.556804  -36.239340  37.267402  52.278548 
 -1.582903  -11.003463  11.639196  16.095679 
 32.578102  -32.297127  185.624473  191.209001 0
 34.772801  -34.472898  198.129495  204.090286 
 0.000000  0.000000  0.000000  0.000000 
 3.051906  
 1.235550  0.902142  0.583851  0.319066   0.139725   0.067459   0.110984   0.265050   0.511076   0.819386   1.152793   1.471085   1.735869   1.915210   1.987476   1.943951   1.789885   1.543860 
 121.690247  
TUPLE  31.800991  
 -72.141673  7.409793  20.471607  75.355244 1
 -10.782637  1.107155  2.683047  11.167331 
 -62.533001  6.423217  18.121697  65.422077 
 -6.475676  -43.955500  8.587461  45.252236 0
 -6.384657  -43.337685  8.466760  44.616412 
 0.000000  0.000000  0.000000  0.000000 
 0.420098  
 0.964897  0.664048  0.390740  0.177937   0.051307   0.026123   0.105422   0.279641   0.527765   0.819868   1.120717   1.394025   1.606828   1.733458   1.758642   1.679342   1.505124   1.257000 
 119.417374  
TUPLE  35.796818  
 70.215496  -53.699788  -48.110470  100.640452 3
 71.342530  -54.561725  -48.882694  102.263132 
 0.000000  0.000000  0.000000  0.000000 
 36.514234  10.966502  8.813376  39.130922 1
 25.621546  7.426054  6.161025  27.378598 
 12.273201  3.955064  2.985563  13.236533 
 4.252554  
 0.900187  0.960593  0.992993  0.993479   0.961993   0.902332   0.821692   0.729800   0.637738   0.556612   0.496206   0.463806   0.463320   0.494807   0.554468   0.635108   0.727000   0.819061 
 108.697372  
TUPLE  33.718788  
 38.117793  72.524378  -25.251185  85.734321 1
 5.568598  10.953978  -4.143158  12.968583 
 34.038544  64.404088  -22.094648  76.122931 
 -32.100982  21.817602  3.801162  38.999098 0
 -32.082341  21.804933  3.798955  38.976701 
 0.000000  0.000000  0.000000  0.000000 
 2.737854  
 1.666153  1.451672  1.195017  0.927144   0.680362   0.484437   0.363001   0.330700   0.391430   0.537867   0.752347   1.009002   1.276876   1.523657   1.719582   1.841018   1.873319   1.812589 
 105.771324  
TUPLE  35.796818  
 -48.343846  61.206167  -25.341884  82.009350 1
 -14.319744  17.561599  -7.232335  23.786361 
 -34.547127  44.306752  -18.383719  59.114902 
 -27.801434  17.553924  28.841575  43.736671 1
 -25.681982  16.500324  26.605609  40.493244 
 -4.042305  2.267692  4.230756  6.276956 
 1.495589  
 1.369497  1.564064  1.715387  1.805217   1.822718   1.765779   1.641267   1.464201   1.255938   1.041597   0.847031   0.695707   0.605878   0.588377   0.645316   0.769828   0.946893   1.155156 
 106.798042  
TUPLE  35.796818  
 24.861318  34.272670  -52.088723  67.126270 1
 12.487690  17.259902  -25.761400  33.429266 
 10.334147  14.201235  -22.054264  28.193589 
 27.226267  -28.663801  -36.520396  53.820279 1
 19.384637  -19.962060  -25.841133  37.974092 
 10.037278  -11.013318  -13.624432  20.191173 
 4.470644  
 1.332127  1.198404  1.021632  0.823132   0.626847   0.456452   0.332498   0.269936   0.276312   0.350857   0.484580   0.661352   0.859852   1.056137   1.226532   1.350486   1.413048   1.406672 
 106.652946  
TUPLE  0.001334  
 32.934733  -77.890244  310.501051  321.811264 0
 34.242331  -80.982696  322.828776  334.588064 
 0.000000  0.000000  0.000000  0.000000 
 22.422347  35.502506  141.825080  147.910592 1
 10.593379  16.730829  67.512593  70.357018 
 4.275150  6.811308  26.533323  27.725552 
 3.616064  
 0.995563  0.959528  0.888310  0.790498   0.677891   0.564070   0.462764   0.386192   0.343590   0.340096   0.376131   0.447349   0.545161   0.657768   0.771589   0.872895   0.949467   0.992069 
 132.968460  
TUPLE  33.718788  
 -101.135876  37.275584  143.669030  179.607140 1
 -69.266730  25.491353  98.337583  122.955230 
 -36.888323  13.634138  52.461459  65.565700 
 -4.159048  -37.917012  103.001625  109.837754 1
 -3.590778  -29.903478  81.962030  87.320705 
 -0.545339  -7.804468  20.471668  21.916079 
 4.591124  
 0.501766  0.259806  0.104338  0.054113   0.115190   0.280201   0.529244   0.832280   1.152759   1.452026   1.693986   1.849454   1.899678   1.838602   1.673591   1.424548   1.121512   0.801033 
 131.286087  
TUPLE  31.800991  
 -35.730151  -93.888004  -3.784792  100.528233 1
 -18.855731  -49.605804  -1.854695  53.101165 
 -16.426806  -43.105991  -1.882682  46.168487 
 -55.495705  14.982081  27.538584  63.738604 0
 -55.648832  15.023420  27.614570  63.914628 
 0.000000  0.000000  0.000000  0.000000 
 2.158025  
 0.724496  0.902101  1.126799  1.371491   1.606661   1.803945   1.939548   1.997113   1.969699   1.860610   1.683006   1.458307   1.213616   0.978446   0.781162   0.645559   0.587993   0.615408 
 137.613785  
TUPLE  0.305674  
 -18.481266  102.296417  1.857346  103.969052 1
 -4.846534  23.880460  0.587852  24.374788 
 -12.582384  72.591047  1.163735  73.682759 
 34.088649  16.725609  14.287355  40.569823 1
 22.124087  10.778221  8.901741  26.170704 
 13.476692  6.689315  6.019383  16.205535 
 5.243500  
 0.662689  0.390643  0.198162  0.108464   0.132366   0.266986   0.496087   0.792036   1.119136   1.437935   1.709981   1.902462   1.992160   1.968258   1.833638   1.604537   1.308588   0.981488 
 99.379311  
TUPLE  35.796818  
 -41.074189  -8.413752  25.427792  49.035220 3
 -40.556772  -8.307762  25.107477  48.426360 
 0.000000  0.000000  0.000000  0.000000 
 -29.089574  -25.614456  -30.016778  49.023572 1
 -11.691563  -10.220180  -11.646722  19.411603 
 -17.799558  -15.747858  -18.784405  30.293422 
 2.190586  
 1.086261  0.933208  0.755634  0.574959   0.412974   0.289216   0.218614   0.209683   0.263499   0.373572   0.526626   0.704199   0.884875   1.046860   1.170617   1.241219   1.250151   1.196335 
 101.148033  
TUPLE  33.718788  
 42.241627  61.825009  -90.743679  117.648214 1
 1.392279  2.086383  -3.061479  3.960249 
 41.124316  60.141066  -88.272885  114.456445 
 -46.686596  11.881744  -67.011769  82.531154 1
 -7.992620  2.027649  -11.077581  13.810345 
 -44.244885  11.266802  -63.901843  78.536708 
 4.344864  
 0.554962  0.589890  0.650545  0.729613   0.817556   0.903767   0.977848   1.030864   1.056420   1.051434   1.016507   0.955851   0.876784   0.788841   0.702629   0.628548   0.575532   0.549976 
 122.938652  
TUPLE  36.744804  
 -28.686685  48.096867  -16.794679  58.466193 0
 -32.933076  55.216480  -19.280738  67.120887 
 0.000000  0.000000  0.000000  0.000000 
 -44.178693  3.669902  -48.702273  65.856940 0
 -39.338517  3.267831  -43.366497  58.641881 
 0.000000  0.000000  0.000000  0.000000 
 0.027960  
 1.927222  1.864369  1.703604  1.464319   1.175374   0.871621   0.589696   0.363604   0.220616   0.177976   0.240829   0.401594   0.640879   0.929824   1.233577   1.515502   1.741594   1.884582 
 106.605209  
TUPLE  44.201973  
 -55.183836  22.564484  -44.391260  74.330314 1
 -43.106829  17.593293  -34.432410  57.907970 
 -13.527210  5.564171  -11.125430  18.377672 
 10.288488  -35.547762  -92.671663  99.787441 3
 10.750696  -37.144733  -96.834908  104.277859 
 0.000000  0.000000  0.000000  0.000000 
 2.849301  
 0.799658  1.028556  1.218749  1.347297   1.398694   1.366743   1.255295   1.077795   0.855650   0.615655   0.386757   0.196564   0.068016   0.016619   0.048571   0.160018   0.337518   0.559663 
 125.284668  
TUPLE  35.796818  
 -43.103461  28.135688  23.843329  56.727679 0
 -43.261466  28.238825  23.930731  56.935798 
 0.000000  0.000000  0.000000  0.000000 
 32.960737  7.758234  0.412777  33.864004 1
 33.456714  7.995108  0.014150  34.399028 
 12.022973  2.709813  0.555405  12.337814 
 0.082761  
 1.015396  1.240723  1.468870  1.672318   1.826528   1.912902   1.921020   1.849904   1.708130   1.512801   1.287473   1.059327   0.855879   0.701668   0.615295   0.607177   0.678293   0.820066 
 116.077049  
TUPLE  35.796818  
 -80.619506  71.845930  -22.178244  110.241629 1
 -69.279696  61.702955  -18.999331  94.699129 
 -5.756958  5.167677  -1.643082  7.909829 
 -58.342661  6.582103  35.679486  68.703828 1
 -49.576065  5.736859  30.186363  58.326098 
 -9.016777  0.873464  5.646122  10.675305 
 0.063109  
 0.862419  1.151941  1.412891  1.613795   1.730420   1.748701   1.666431   1.493534   1.250864   0.967691   0.678169   0.417219   0.216315   0.099690   0.081410   0.163679   0.336576   0.579246 
 111.036018  
TUPLE  0.305674  
 -48.708676  76.324433  125.253928  154.552583 1
 -5.195750  7.527636  12.679475  15.634887 
 -43.941025  69.467629  113.675330  140.280661 
 -60.111822  -9.319212  184.454364  194.225877 2
 -19.357402  -2.898056  59.994522  63.106813 
 -42.723380  -6.726409  130.501648  137.481943 
 4.253994  
 1.981186  1.925645  1.800757  1.621585   1.409738   1.190770   0.991091   0.834784   0.740704   0.720197   0.775737   0.900625   1.079798   1.291644   1.510613   1.710292   1.866599   1.960679 
 128.529419  
TUPLE  33.718788  
 -66.304702  -42.114189  -24.744350  82.354121 3
 -66.149683  -42.015717  -24.686497  82.167117 
 0.000000  0.000000  0.000000  0.000000 
 14.360475  -43.044472  -27.581401  53.101634 1
 9.196091  -28.959645  -18.612383  35.632420 
 6.359914  -17.665834  -11.263504  21.895546 
 5.204318  
 0.015900  0.124450  0.326092  0.596504   0.903071   1.208817   1.476864   1.674882   1.778986   1.776621   1.668071   1.466430   1.196018   0.889450   0.583704   0.315657   0.117639   0.013535 
 116.912643  
TUPLE  35.796818  
 2.287117  -79.644590  27.726942  84.363943 1
 0.001107  -4.382844  1.435603  4.614083 
 2.384869  -78.704352  27.489825  83.401267 
 -21.378823  23.933754  -1.633931  32.133291 3
 -21.101302  23.623068  -1.612720  31.742108 
 0.000000  0.000000  0.000000  0.000000 
 3.467046  
 1.801066  1.929553  1.989408  1.973412   1.883495   1.730501   1.532884   1.314479   1.101630   0.920009   0.791522   0.731667   0.747663   0.837581   0.990575   1.188192   1.406596   1.619445 
 133.034790  
TUPLE  31.800991  
 -75.708103  -67.700572  293.575889  310.647528 0
 -37.226476  -33.289088  144.354375  152.748745 
 0.000000  0.000000  0.000000  0.000000 
 -14.499909  31.436026  86.309268  92.993338 1
 -5.677962  12.073041  32.757049  35.370063 
 -8.774682  19.260507  53.270862  57.321594 
 0.682317  
 1.665927  1.685906  1.722433  1.771102   1.826041   1.880625   1.928271   1.963231   1.981288   1.980265   1.960285   1.923758   1.875090   1.820151   1.765566   1.717921   1.682961   1.664904 
 119.982880  
TUPLE  35.796818  
 -59.163001  -188.461266  82.609065  214.107840 1
 -36.662910  -116.240086  51.093146  132.160719 
 -22.362187  -71.781870  31.323356  81.448605 
 29.535157  -78.465015  75.971424  113.140361 0
 30.896899  -82.082706  79.474146  118.356869 
 0.000000  0.000000  0.000000  0.000000 
 2.021440  
 0.703116  0.964462  1.249818  1.524766   1.756144   1.916042   1.985177   1.955208   1.829751   1.623937   1.362591   1.077235   0.802287   0.570910   0.411011   0.341877   0.371845   0.497303 
 125.937363  
TUPLE  36.744804  
 85.917787  9.429899  -148.948011  172.210044 1
 85.769447  9.631640  -147.399539  170.809280 
 11.796910  1.076747  -21.742549  24.760516 
 26.575768  -26.011079  -46.865270  59.826426 0
 26.024582  -25.471605  -45.893276  58.585781 
 0.000000  0.000000  0.000000  0.000000 
 1.049746  
 0.732029  1.043637  1.353938  1.625505   1.825583   1.930039   1.926275   1.814745   1.608900   1.333569   1.021961   0.711660   0.440093   0.240015   0.135559   0.139323   0.250853   0.456698 
 82.931961  
TUPLE  0.008312  
 -18.217452  -74.301362  22.286787  79.682299 1
 -12.002163  -48.211132  14.414657  51.731683 
 -6.258059  -26.264680  7.924456  28.139154 
 -59.643424  -11.097435  -5.775673  60.941361 1
 -51.684044  -10.037474  -5.385974  52.924658 
 -9.316722  -1.312507  -0.521140  9.424107 
 5.323833  
 1.478588  1.739235  1.913083  1.979163   1.929505   1.770099   1.520171   1.209867   0.876613   0.560605   0.299958   0.126110   0.060030   0.109688   0.269094   0.519022   0.829326   1.162580 
 128.103516  
TUPLE  0.718627  
 20.772149  38.137576  -23.122803  49.199806 1
 2.367916  4.460686  -2.443692  5.612117 
 18.508888  33.869039  -20.795609  43.842517 
 18.906104  -34.390238  -40.594236  56.462565 1
 12.497416  -23.338286  -27.504357  38.175517 
 6.297231  -10.849213  -12.850565  17.958724 
 4.533390  
 1.506813  1.251410  0.959802  0.667158   0.408778   0.215824   0.111571   0.108593   0.207248   0.395638   0.651040   0.942649   1.235293   1.493673   1.686627   1.790880   1.793858   1.695203 
 144.211945  
TUPLE  33.402683  
 -102.231786  32.545545  83.759701  136.111125 0
 -63.519434  20.221447  52.042217  84.569718 
 0.000000  0.000000  0.000000  0.000000 
 -27.655266  -13.652324  -15.086232  34.333571 0
 -27.670529  -13.659858  -15.094558  34.352803 
 0.000000  0.000000  0.000000  0.000000 
 1.523293  
 0.404612  0.378315  0.438563  0.578091   0.780068   1.020133   1.269332   1.497606   1.677423   1.787094   1.813391   1.753143   1.613615   1.411638   1.171572   0.922374   0.694100   0.514283 
 106.020645  
TUPLE  33.718788  
 60.579335  8.683680  102.143486  119.073733 1
 12.581022  1.544725  21.323551  24.806886 
 45.873925  6.834437  77.237984  90.093567 
 -15.555959  32.792758  164.058895  168.025813 1
 -3.909964  8.264101  40.681463  41.696331 
 -10.543492  22.204521  111.750003  114.421534 
 3.715771  
 1.589619  1.540198  1.401374  1.189889   0.931254   0.656662   0.399235   0.190020   0.054253   0.008310   0.057731   0.196556   0.408040   0.666675   0.941267   1.198695   1.407909   1.543676 
 118.397438  
TUPLE  33.402683  
 -29.054999  -37.912163  14.421349  49.894893 0
 -29.185904  -38.082974  14.486323  50.119885 
 0.000000  0.000000  0.000000  0.000000 
 40.495331  -11.931500  -7.661761  42.906120 1
 7.275907  -1.787002  -1.497601  7.641628 
 33.822393  -10.322155  -6.278242  35.915675 
 4.248213  
 1.957855  1.892211  1.795877  1.680474   1.559920   1.448757   1.360392   1.305483   1.290653   1.317691   1.383336   1.479670   1.595073   1.715626   1.826790   1.915155   1.970064   1.984893 
 113.239166  
TUPLE  33.718788  
 -32.820060  -140.377223  30.335091  147.319852 1
 -17.831886  -77.121284  16.890202  80.938044 
 -13.435735  -56.615901  12.009997  59.414960 
 45.221579  -40.386937  30.751528  67.983472 1
 22.123292  -19.356437  15.103641  33.049224 
 24.866527  -22.609697  16.850323  37.596465 
 0.935265  
 1.405626  1.606544  1.780715  1.907131   1.970545   1.963307   1.886290   1.748785   1.567376   1.363944   1.163025   0.988854   0.862438   0.799025   0.806263   0.883279   1.020784   1.202193 
 125.924988  
TUPLE  36.744804  
 130.813264  -50.234200  -254.566616  290.585180 0
 126.181407  -48.455499  -245.552880  280.296128 
 0.000000  0.000000  0.000000  0.000000 
 25.421590  25.438758  -91.336092  98.161445 0
 24.426728  24.443225  -87.761698  94.320048 
 0.000000  0.000000  0.000000  0.000000 
 4.983191  
 0.431528  0.501073  0.640744  0.833695   1.056652   1.282723   1.484642   1.638053   1.724454   1.733422   1.663877   1.524206   1.331255   1.108299   0.882227   0.680308   0.526897   0.440496 
 122.905777  
TUPLE  0.028151  
 44.875573  -62.986571  -36.783293  85.639569 1
 37.763192  -53.074743  -30.887327  72.090454 
 8.010845  -11.172897  -6.632413  15.264809 
 -24.989355  -17.214250  3.026177  30.495180 1
 -22.817847  -15.798268  2.773299  27.891757 
 -3.162618  -2.098722  0.372901  3.816289 
 5.761843  
 0.974015  0.652293  0.366277  0.150463   0.030884   0.021961   0.124771   0.326913   0.604007   0.922630   1.244352   1.530369   1.746182   1.865762   1.874685   1.771875   1.569732   1.292639 
 138.367523  
TUPLE  36.744804  
 65.992580  44.792205  -75.704684  109.966183 1
 48.436781  33.060103  -55.523734  80.758880 
 12.283102  8.153281  -14.132275  20.422781 
 46.090305  -35.634513  -73.936014  94.131127 2
 6.390253  -4.728933  -10.343036  13.045920 
 51.686821  -40.173100  -82.821624  105.569407 
 5.806629  
 1.067118  1.398616  1.683281  1.886778   1.984563   1.964839   1.829988   1.596274   1.291886   0.953537   0.622039   0.337374   0.133877   0.036093   0.055816   0.190667   0.424381   0.728769 
 141.323029  
TUPLE  31.355324  
 -27.994527  -50.436468  -29.843535  64.947421 3
 -27.517430  -49.576902  -29.334926  63.848246 
 0.000000  0.000000  0.000000  0.000000 
 -26.983130  27.192468  -57.326893  68.948475 1
 -15.937752  16.435896  -33.861639  40.875185 
 -23.034546  22.838587  -48.936787  58.711317 
 3.255667  
 0.755874  0.823706  0.957581  1.141351   1.352851   1.566570   1.756731   1.900397   1.980241   1.986632   1.918799   1.784924   1.601154   1.389655   1.175936   0.985775   0.842108   0.762265 
 106.004494  
TUPLE  44.201973  
 -28.361493  35.888008  -11.972487  47.282807 0
 -28.751838  36.381941  -12.137267  47.933773 
 0.000000  0.000000  0.000000  0.000000 
 -16.987517  -29.915743  14.286748  37.251022 1
 -11.386505  -20.509041  9.532996  25.321350 
 -5.773183  -9.709896  4.898548  12.313640 
 2.632294  
 0.601456  0.844528  1.079998  1.279466   1.418872   1.481402   1.459514   1.355848   1.182908   0.961552   0.718481   0.483010   0.283543   0.144137   0.081607   0.103495   0.207161   0.380101 
 143.399109  
TUPLE  35.796818  
 -50.994692  1.604431  11.240517  52.243488 1
 -32.417621  0.869343  7.044901  33.185961 
 -17.897449  0.713709  4.045810  18.363411 
 -28.925627  13.959692  -26.785485  41.821371 1
 -4.998202  2.605401  -4.436637  7.174494 
 -24.958777  11.852031  -23.303892  36.145550 
 5.751825  
 0.777018  0.956727  1.151485  1.337800   1.493200   1.598942   1.642272   1.617964   1.528948   1.385963   1.206254   1.011496   0.825181   0.669780   0.564038   0.520708   0.545017   0.634032 
 102.311050  
TUPLE  33.402683  
 -97.419844  -40.320387  -401.448608  415.063061 0
 -93.220739  -38.582450  -384.144897  397.172549 
 0.000000  0.000000  0.000000  0.000000 
 -5.608831  -41.074348  -60.261793  73.144000 0
 -5.344096  -39.135653  -57.417456  69.691767 
 0.000000  0.000000  0.000000  0.000000 
 0.377456  
 0.474183  0.248746  0.096529  0.035890   0.074143   0.206675   0.417501   0.681191   0.965940   1.237405   1.462841   1.615059   1.675698   1.637444   1.504912   1.294087   1.030397   0.745647 
 114.836037  
TUPLE  31.800991  
 39.044045  -15.207663  34.541490  54.303085 1
 34.580725  -13.583515  30.645342  48.161135 
 5.130482  -1.884007  4.486371  7.072275 
 -15.305012  38.408398  58.176307  71.371781 1
 -9.359733  24.996479  37.444043  45.983740 
 -7.086991  16.277077  25.072052  30.721241 
 2.926746  
 0.776382  0.834556  0.935870  1.068104   1.215309   1.359729   1.483945   1.572975   1.616080   1.608062   1.549888   1.448574   1.316340   1.169135   1.024715   0.900499   0.811469   0.768364 
 128.685333  
TUPLE  33.402683  
 27.162924  100.689300  68.618912  124.838755 3
 21.579235  79.991318  54.513411  99.183450 
 0.000000  0.000000  0.000000  0.000000 
 -30.594835  10.400231  27.777174  42.611972 1
 -14.436069  4.769539  13.045741  20.033957 
 -14.842595  5.183281  13.536476  20.746649 
 3.086237  
 0.882108  1.117458  1.363881  1.591655   1.773308   1.886928   1.918812   1.865115   1.732312   1.536422   1.301072   1.054649   0.826875   0.645222   0.531602   0.499718   0.553415   0.686218 
 110.769218  
TUPLE  35.796818  
 -5.349546  -57.808746  6.977022  58.473478 1
 -0.857683  -9.972181  1.320120  10.096644 
 -5.399035  -57.639743  6.840063  58.294890 
 -35.839996  -29.270372  -70.193901  84.074037 1
 -24.109994  -19.967760  -47.381485  56.789329 
 -11.551953  -9.157203  -22.463707  26.868910 
 5.721601  
 0.019627  0.007665  0.096801  0.276284   0.524465   0.811411   1.102511   1.362655   1.560465   1.672082   1.684044   1.594909   1.415426   1.167245   0.880299   0.589199   0.329055   0.131245 
 115.983223  
TUPLE  33.402683  
 -118.569650  50.808149  -90.662391  157.670223 1
 -11.293949  4.441788  -8.845722  15.018290 
 -106.838211  46.178879  -81.482149  142.078327 
 -16.553976  -36.665361  -27.827836  48.915961 1
 -5.773715  -12.592979  -9.953384  17.058964 
 -12.569591  -28.035560  -20.882379  37.149417 
 0.693993  
 0.668974  0.635518  0.671305  0.772020   0.925514   1.113274   1.312654   1.499605   1.651577   1.750242   1.783699   1.747911   1.647197   1.493702   1.305942   1.106563   0.919612   0.767639 
 130.607590  
TUPLE  33.402683  
 9.612076  80.737518  71.803193  108.474132 3
 9.816058  82.450867  73.326946  110.781364 
 0.000000  0.000000  0.000000  0.000000 
 -40.953573  26.048389  131.536872  140.205786 1
 -4.336802  2.645564  13.713404  14.624767 
 -39.908935  25.496797  128.397420  136.852934 
 1.066328  
 0.341632  0.587061  0.856083  1.116252   1.336186   1.489358   1.557294   1.531800   1.415950   1.223718   0.978289   0.709267   0.449098   0.229164   0.075992   0.008056   0.033550   0.149400 
 109.703072  
TUPLE  0.008312  
 61.695085  -66.810581  -29.292336  95.540453 1
 13.861794  -15.252770  -6.643481  21.655292 
 44.427480  -47.869606  -21.031805  68.612355 
 -5.393655  -30.795410  -46.586547  56.104859 1
 -3.188012  -17.538773  -27.084533  32.424734 
 -2.469224  -14.761572  -21.778640  26.425905 
 6.117095  
 1.768171  1.671956  1.507290  1.294033   1.057908   0.827395   0.630297   0.490387   0.424540   0.440699   0.536914   0.701581   0.914837   1.150962   1.381475   1.578573   1.718483   1.784330 
 99.848129  
TUPLE  36.744804  
 38.326178  108.796348  -17.135446  116.615457 1
 29.953763  84.837838  -13.363254  90.957587 
 7.528388  21.562594  -3.394835  23.090370 
 -21.942602  42.109414  -48.355890  67.771474 1
 -7.644422  13.970311  -16.540683  22.961282 
 -17.657748  34.586340  -39.218827  55.191898 
 3.880332  
 0.795885  0.808296  0.884879  1.016395   1.186983   1.376067   1.560840   1.719016   1.831517   1.884774   1.872363   1.795780   1.664264   1.493676   1.304592   1.119819   0.961643   0.849142 
 114.974098  
TUPLE  36.744804  
 -96.415512  -25.964600  -58.571048  115.761302 1
 -42.445510  -11.116009  -25.708683  50.854133 
 -60.754059  -16.675543  -36.983588  73.054318 
 -34.979761  -43.637869  -77.230721  95.354242 0
 -35.176385  -43.883161  -77.664841  95.890337 
 0.000000  0.000000  0.000000  0.000000 
 2.562509  
 0.079986  0.248005  0.487778  0.770385   1.061740   1.326701   1.533309   1.656645   1.681832   1.605833   1.437814   1.198041   0.915434   0.624079   0.359118   0.152510   0.029174   0.003987 
 110.377007  
TUPLE  0.028151  
 52.732503  0.739175  -41.796769  67.292148 1
 3.842861  0.051879  -3.217373  5.014104 
 51.764711  0.727597  -40.858232  65.950951 
 -19.293870  -25.940084  7.204970  33.121790 1
 -13.269134  -18.016928  4.673194  22.859086 
 -6.169948  -8.118395  2.586004  10.520562 
 3.904937  
 1.306194  1.006118  0.715939  0.470657   0.299856   0.224138   0.252635   0.381909   0.596370   0.870149   1.170225   1.460404   1.705686   1.876487   1.952205   1.923708   1.794433   1.579973 
 148.010803  
TUPLE  35.796818  
 -20.891488  39.023044  57.999570  72.960279 1
 -12.327306  21.978660  33.427338  41.862039 
 -9.543282  18.873249  27.290454  34.526234 
 39.082291  -8.060772  34.505232  52.754266 1
 10.464992  -2.133267  10.004831  14.634993 
 28.459394  -5.894937  24.360987  37.923123 
 1.865535  
 0.167897  0.135343  0.148972  0.207140   0.302831   0.424503   0.557481   0.685726   0.793769   0.868579   0.901132   0.887503   0.829335   0.733644   0.611972   0.478994   0.350750   0.242707 
 119.630943  
TUPLE  35.796818  
 9.650574  -110.165516  74.531485  133.358602 1
 3.925172  -42.569502  29.004155  51.660720 
 5.390659  -63.774747  42.942086  77.073462 
 39.761952  -32.740602  44.984445  68.385379 1
 17.907718  -14.610865  20.463382  30.869616 
 19.374906  -16.088277  21.716006  33.253914 
 4.566288  
 1.125243  0.996018  0.821054  0.621452   0.421289   0.244706   0.113002   0.042064   0.040446   0.108344   0.237568   0.412533   0.612134   0.812298   0.988880   1.120584   1.191523   1.193141 
 117.191040  
TUPLE  31.800991  
 43.141110  -68.242336  -126.942102  150.440915 1
 7.786041  -11.692920  -22.436993  26.472344 
 35.659603  -57.031145  -105.401204  125.034358 
 12.881264  45.257658  -48.798045  67.789614 2
 8.039869  27.507758  -29.850384  41.380927 
 5.211019  19.048549  -20.347901  28.356867 
 2.903208  
 1.563137  1.353525  1.085390  0.791072   0.506071   0.264762   0.096250   0.020860   0.047686   0.173492   0.383104   0.651239   0.945557   1.230558   1.471867   1.640379   1.715769   1.688943 
 155.577728  
TUPLE  0.874500  
 -63.831786  28.930227  -17.111270  72.140492 3
 -62.798318  28.461830  -16.834229  70.984299 
 0.000000  0.000000  0.000000  0.000000 
 19.514066  33.356801  56.352597  68.330741 1
 3.395667  6.341410  10.118764  12.415833 
 18.240586  30.642997  52.362267  63.352486 
 0.684837  
 1.310969  1.482444  1.653587  1.803755   1.914835   1.973430   1.972473   1.912078   1.799531   1.648406   1.476930   1.305788   1.155620   1.044540   0.985944   0.986902   1.047297   1.159844 
 156.690964  
TUPLE  36.744804  
 45.338916  -46.455378  -70.276692  95.668871 2
 23.768688  -24.390403  -36.581605  49.980752 
 25.166094  -25.749391  -39.268788  53.277331 
 -32.795879  -15.389350  -27.519908  45.494473 1
 -27.117382  -12.505403  -22.647027  37.478592 
 -6.416529  -3.230268  -5.492184  9.043715 
 4.873294  
 1.838632  1.894724  1.856296  1.727983   1.525261   1.272582   1.000422   0.741608   0.527357   0.383510   0.327418   0.365846   0.494159   0.696881   0.949560   1.221720   1.480534   1.694785 
 106.520554  
TUPLE  31.800991  
 106.903269  -50.920694  421.893388  438.195456 0
 98.051170  -46.704218  386.958608  401.910811 
 0.000000  0.000000  0.000000  0.000000 
 2.916909  -37.025263  167.703271  171.766602 1
 0.873844  -7.023343  30.713675  31.518887 
 2.203882  -32.043247  146.235621  149.721414 
 4.813499  
 1.335127  1.187712  0.982197  0.743369   0.500036   0.281546   0.114253   0.018335   0.005360   0.076895   0.224310   0.429826   0.668653   0.911987   1.130477   1.297770   1.393688   1.406662 
 105.083862  
TUPLE  31.800991  
 115.686116  -84.926714  -38.866270  148.682249 0
 122.226386  -89.728014  -41.063560  157.088005 
 0.000000  0.000000  0.000000  0.000000 
 56.052786  4.885796  -58.182516  80.938192 1
 20.403883  1.586199  -21.277772  29.522830 
 40.047560  3.683002  -41.470528  57.768456 
 6.210718  
 1.970907  1.995659  1.936116  1.799460   1.602173   1.368051   1.125333   0.903294   0.728715   0.622653   0.597901   0.657444   0.794100   0.991387   1.225509   1.468227   1.690266   1.864845 
 121.548729  
TUPLE  31.800991  
 -3.509910  -106.392557  -8.142617  106.761406 1
 -2.381574  -67.450867  -4.954729  67.674664 
 -0.336068  -14.926574  -1.349922  14.991866 
 25.364391  -16.177886  45.948713  54.921404 1
 4.378194  -3.121728  8.616294  10.157449 
 22.299067  -13.893530  39.710740  47.615540 
 3.058042  
 1.732785  1.658617  1.491228  1.250807   0.966352   0.672173   0.403753   0.193466   0.066677   0.038678   0.112846   0.280235   0.520656   0.805110   1.099289   1.367709   1.577996   1.704785 
 114.776375  
TUPLE  33.402683  
 -162.222135  -32.835893  -20.225398  166.743167 0
 -164.211632  -33.238593  -20.473442  168.788168 
 0.000000  0.000000  0.000000  0.000000 
 -47.537735  24.740791  2.656929  53.656334 1
 -40.397151  21.116530  2.095724  45.631669 
 -6.767211  3.429938  0.540337  7.607221 
 3.312477  
 0.231890  0.257567  0.380545  0.585992   0.849128   1.138215   1.418385   1.655844   1.821953   1.896675   1.870999   1.748021   1.542573   1.279437   0.990350   0.710181   0.472721   0.306613 
 100.480095  
TUPLE  53.569981  
 -70.913488  38.540693  71.194559  107.623293 0
 -68.729643  37.353797  69.002058  104.309028 
 0.000000  0.000000  0.000000  0.000000 
 -15.233467  -50.165535  1.637545  52.453036 0
 -14.646954  -48.234081  1.574496  50.433702 
 0.000000  0.000000  0.000000  0.000000 
 6.194405  
 0.153067  0.281558  0.427699  0.573862   0.702418   0.797862   0.848681   0.848747   0.798050   0.702706   0.574215   0.428075   0.281911   0.153355   0.057911   0.007092   0.007026   0.057723 
 134.052368  
TUPLE  33.402683  
 -84.736563  -31.556086  106.691362  139.853918 3
 -85.583435  -31.871457  107.757660  141.257179 
 0.000000  0.000000  0.000000  0.000000 
 -8.884596  -34.860569  89.033664  96.027021 1
 -5.538965  -21.799353  55.561855  59.941898 
 -3.855090  -15.060189  38.577174  41.591917 
 6.172427  
 1.696248  1.771008  1.766951  1.684565   1.533788   1.332805   1.105858   0.880321   0.683395   0.538834   0.464074   0.468132   0.550517   0.701294   0.902277   1.129224   1.354761   1.551687 
 119.998962  
TUPLE  31.800991  
 30.143067  110.613945  -107.151018  156.924790 0
 32.891016  120.697903  -116.919284  171.230667 
 0.000000  0.000000  0.000000  0.000000 
 -18.479234  29.124282  -128.393183  132.945535 1
 -15.599298  25.097053  -110.036314  113.935114 
 -2.938153  4.118989  -18.761384  19.432101 
 3.468830  
 1.911633  1.938267  1.962838  1.982385   1.994548   1.997861   1.991924   1.977454   1.956195   1.930713   1.904079   1.879507   1.859961   1.847798   1.844485   1.850422   1.864892   1.886150 
 114.538605  
TUPLE  35.796818  
 -75.292128  124.407082  -522.912251  542.755239 2
 -27.150301  44.184258  -187.061256  194.116770 
 -48.499316  80.813540  -338.333906  351.226953 
 12.033280  48.243861  -79.810883  94.032159 1
 2.195158  7.196954  -12.367871  14.477520 
 9.689900  40.452666  -66.459942  78.404429 
 1.322392  
 0.424443  0.314000  0.217358  0.146174   0.109035   0.110419   0.150159   0.223463   0.321489   0.432413   0.542856   0.639498   0.710682   0.747821   0.746438   0.706697   0.633393   0.535367 
 105.455894  
TUPLE  35.796818  
 64.385513  -72.684274  290.204928  306.018624 1
 13.555042  -15.333993  60.504860  63.872749 
 51.847912  -58.498863  234.285973  246.982304 
 8.011527  -85.496150  94.537443  127.714934 1
 3.285562  -34.514749  37.764678  51.266492 
 3.959521  -42.802224  47.728628  64.231989 
 4.583352  
 1.811747  1.669717  1.439685  1.149398   0.833867   0.531150   0.277761   0.104260   0.031575   0.068473   0.210503   0.440535   0.730823   1.046354   1.349070   1.602460   1.775960   1.848645 
 116.017654  
TUPLE  33.718788  
 -55.653716  -2.800271  -133.360693  144.534605 3
 -55.374299  -2.786217  -132.691129  143.813234 
 0.000000  0.000000  0.000000  0.000000 
 1.705818  50.709770  -173.323771  180.597675 1
 1.591436  44.756043  -152.286685  158.735283 
 0.127370  6.339782  -22.356612  23.238877 
 0.184783  
 0.622331  0.895548  1.191002  1.473057   1.707693   1.866610   1.930639   1.892058   1.755520   1.537494   1.264277   0.968823   0.686768   0.452132   0.293216   0.229187   0.267768   0.404305 
 131.350555  
TUPLE  33.402683  
 -52.517449  -19.237186  69.860792  89.491240 1
 -15.074420  -5.834135  20.462541  26.077008 
 -39.418000  -14.126467  52.025412  66.783213 
 -13.589754  38.119113  -1.948116  40.515964 0
 -13.573308  38.072984  -1.945759  40.467175 
 0.000000  0.000000  0.000000  0.000000 
 5.075380  
 0.135521  0.062911  0.106535  0.261131   0.508051   0.817514   1.152194   1.471723   1.737562   1.917647   1.990256   1.946632   1.792037   1.545117   1.235654   0.900974   0.581444   0.315605 
 119.776009  
TUPLE  33.402683  
 58.765334  237.851192  -95.400776  262.921780 0
 63.857123  258.460079  -103.666885  285.702970 
 0.000000  0.000000  0.000000  0.000000 
 44.447556  17.443461  -36.394667  60.036917 1
 22.548429  9.187094  -18.509721  30.585349 
 20.474473  7.697261  -16.718407  27.531350 
 1.079619  
 0.398675  0.432203  0.441402  0.425163   0.385444   0.327037   0.256986   0.183740   0.116134   0.062322   0.028795   0.019596   0.035835   0.075553   0.133960   0.204011   0.277257   0.344863 
 139.336563  
TUPLE  33.718788  
 -4.425456  98.275245  -7.733791  98.678366 3
 -4.414000  98.020727  -7.713761  98.429957 
 0.000000  0.000000  0.000000  0.000000 
 -61.020513  14.159801  6.080759  62.936306 1
 -29.208869  6.121659  2.682468  29.964109 
 -39.745764  9.879258  4.188935  41.169052 
 5.299418  
 0.565996  0.752158  0.994503  1.263798   1.527563   1.753985   1.915752   1.993355   1.977432   1.869905   1.683742   1.441398   1.172103   0.908337   0.681916   0.520148   0.442546   0.458468 
 126.169876  
TUPLE  33.402683  
 10.985603  47.030537  -153.201807  160.634208 0
 10.649986  45.593726  -148.521399  155.726798 
 0.000000  0.000000  0.000000  0.000000 
 36.096447  -24.118243  -210.385843  214.818170 1
 25.975926  -17.201525  -152.044863  155.204062 
 11.179880  -7.624541  -64.515384  65.919469 
 3.061367  
 0.631359  0.513199  0.479952  0.535627   0.673509   0.876968   1.121463   1.377505   1.614211   1.803032   1.921191   1.954439   1.898764   1.760881   1.557423   1.312927   1.056885   0.820179 
 122.004173  
TUPLE  35.796818  
 -58.688513  148.809156  -117.371004  198.404785 2
 -17.918041  45.654179  -36.162347  60.935171 
 -39.807049  100.712165  -79.281929  134.225926 
 -82.917759  47.790786  -64.586793  115.458944 1
 -27.693068  16.110683  -21.825143  38.766176 
 -55.393882  31.777611  -42.893435  76.929602 
 5.055967  
 0.561517  0.299618  0.115536  0.031474   0.057571   0.190679   0.414743   0.702739   1.019929   1.328056   1.589954   1.774036   1.858098   1.832002   1.698894   1.474829   1.186834   0.869644 
 108.760437  
TUPLE  0.028151  
 -52.546476  64.010890  26.251176  86.877214 1
 -7.978569  10.194082  3.793243  13.490183 
 -47.346246  57.201249  23.845969  77.989092 
 39.973921  -7.767854  2.770623  40.815809 1
 17.961780  -3.718023  1.299293  18.389043 
 21.793133  -4.007272  1.456150  22.206698 
 3.610416  
 1.239390  1.084892  0.890003  0.678226   0.475107   0.305144   0.188838   0.140216   0.165143   0.260612   0.415110   0.609999   0.821776   1.024895   1.194858   1.311164   1.359786   1.334859 
 151.441666  
TUPLE  31.800991  
 51.775364  -15.310089  12.141133  55.339807 1
 36.847101  -10.946942  8.333087  39.331975 
 16.206033  -4.740968  4.107786  17.378274 
 43.480720  31.332096  -80.710536  96.883765 0
 42.858421  30.883669  -79.555401  95.497260 
 0.000000  0.000000  0.000000  0.000000 
 1.008755  
 1.413679  1.617645  1.756179  1.812572   1.780021   1.662453   1.474049   1.237532   0.981430   0.736633   0.532667   0.394133   0.337741   0.370292   0.487859   0.676264   0.912781   1.168882 
 121.956795  
TUPLE  0.718627  
 -190.526604  79.171681  81.692028  221.905677 1
 -73.757847  30.591339  32.142887  86.076911 
 -114.491131  47.633875  48.572562  133.178516 
 -24.597421  -23.817360  2.986952  34.368905 0
 -24.299238  -23.528632  2.950742  33.952553 
 0.000000  0.000000  0.000000  0.000000 
 0.302844  
 1.198429  1.417047  1.604749  1.738895   1.803305   1.790211   1.701191   1.546983   1.346187   1.123022   0.904404   0.716702   0.582556   0.518146   0.531240   0.620260   0.774467   0.975263 
 131.131577  
TUPLE  36.744804  
 39.693384  -32.416292  18.116303  54.356059 1
 28.928098  -23.865595  13.258996  39.777153 
 7.336860  -5.750813  3.292552  9.887390 
 37.417217  5.913091  -32.392009  49.842301 0
 37.200747  5.878882  -32.204611  49.554145 
 0.000000  0.000000  0.000000  0.000000 
 4.538552  
 0.348877  0.195055  0.145866  0.207243   0.371782   0.619638   0.920916   1.239277   1.536323   1.776224   1.930046   1.979235   1.917858   1.753319   1.505462   1.204185   0.885823   0.588778 
 99.383835  
TUPLE  33.718788  
 -15.442481  79.289125  -59.765950  100.484846 0
 -16.498281  84.710111  -63.852140  107.355071 
 0.000000  0.000000  0.000000  0.000000 
 -18.273613  41.337857  30.552037  54.554288 0
 -17.951613  40.609441  30.013678  53.593166 
 0.000000  0.000000  0.000000  0.000000 
 1.562301  
 1.178851  1.356049  1.498325  1.588519   1.615753   1.576741   1.476188   1.326224   1.144936   0.954190   0.776993   0.634717   0.544522   0.517289   0.556301   0.656853   0.806817   0.988105 
 118.750862  
TUPLE  33.402683  
 56.931534  5.371554  10.008670  58.053653 2
 14.275235  0.862161  2.479963  14.515349 
 45.277375  4.756694  7.989497  46.223065 
 9.178926  -43.223238  49.651488  66.466317 1
 1.545179  -8.189992  9.095474  12.337369 
 7.938229  -36.467045  42.203050  56.338055 
 4.739196  
 1.447818  1.121126  0.782352  0.472358   0.228532   0.080284   0.045495   0.128361   0.318887   0.594093   0.920784   1.259558   1.569553   1.813379   1.961627   1.996415   1.913550   1.723024 
 132.888290  
TUPLE  33.718788  
 21.527691  -59.734440  49.401004  80.449388 1
 1.411250  -4.032479  3.467413  5.504085 
 20.717274  -57.369137  47.312363  77.193920 
 -48.095013  -15.987562  11.989469  52.081473 3
 -47.199859  -15.690003  11.766319  51.124845 
 0.000000  0.000000  0.000000  0.000000 
 4.279242  
 1.589736  1.619050  1.551332  1.394750   1.168189   0.898977   0.619584   0.363710   0.162215   0.039405   0.010091   0.077809   0.234391   0.460952   0.730164   1.009557   1.265432   1.466926 
 109.524040  
TUPLE  33.718788  
 114.309666  -18.154130  12.011509  116.363862 1
 6.649359  -0.962174  0.735972  6.760244 
 107.042807  -17.093887  11.210651  108.977339 
 77.318671  31.030231  -74.873302  112.013675 3
 76.804153  30.823741  -74.375058  111.277124 
 0.000000  0.000000  0.000000  0.000000 
 5.657039  
 0.752438  0.554984  0.428446  0.388086   0.438773   0.574392   0.778587   1.026728   1.288885   1.533440   1.730894   1.857432   1.897792   1.847105   1.711486   1.507291   1.259150   0.996993 
 130.575592  
TUPLE  35.796818  
 -55.252568  -63.054695  -78.363818  114.759003 1
 -2.992525  -3.349976  -4.513368  6.369264 
 -52.915953  -60.453263  -74.780730  109.758239 
 -14.684401  32.671652  -1.003873  35.834010 1
 -7.093892  16.346522  -0.671398  17.832620 
 -6.390279  13.654707  -0.250423  15.078714 
 2.518487  
 1.434904  1.543417  1.658934  1.767525   1.856090   1.913948   1.934120   1.914173   1.856513   1.768094   1.659582   1.544064   1.435474   1.346908   1.289051   1.268879   1.288826   1.346486 
 143.300186  
TUPLE  33.718788  
 77.876607  -60.300074  466.508004  476.791970 1
 3.230936  -2.762497  20.317729  20.758129 
 76.537891  -59.002732  457.525294  467.620342 
 -25.940643  -35.185296  258.250271  261.923891 0
 -27.060087  -36.703685  269.394823  273.227010 
 0.000000  0.000000  0.000000  0.000000 
 5.615233  
 0.683680  0.790106  0.853593  0.866483   0.827220   0.740542   0.616902   0.471213   0.321048   0.184519   0.078092   0.014606   0.001716   0.040978   0.127657   0.251297   0.396985   0.547150 
 120.240784  
TUPLE  36.744804  
 1.380483  70.957823  -13.877000  72.315209 1
 0.347351  36.184411  -6.909016  36.840009 
 1.072167  36.779837  -7.360375  37.524649 
 43.611757  8.928989  -5.117408  44.809598 0
 43.941143  8.996427  -5.156058  45.148246 
 0.000000  0.000000  0.000000  0.000000 
 2.312386  
 1.705405  1.904030  1.993628  1.963391   1.816969   1.572019   1.258089   0.913041   0.578495   0.294800   0.096175   0.006578   0.036814   0.183237   0.428186   0.742117   1.087164   1.421711 
 120.833427  
TUPLE  31.800991  
 -84.282711  -44.379491  -58.992651  112.041276 1
 -42.207910  -21.967830  -29.389435  55.927199 
 -47.827772  -25.440923  -33.629940  63.763057 
 -27.461418  42.676936  -38.851989  63.913436 2
 -5.017635  8.174116  -7.450612  12.145943 
 -22.644548  34.814822  -31.685414  52.254000 
 3.123861  
 1.324401  1.599880  1.797365  1.893035   1.875352   1.746448   1.521872   1.228709   0.902320   0.582073   0.306594   0.109109   0.013439   0.031122   0.160026   0.384602   0.677765   1.004154 
 154.127640  
TUPLE  31.800991  
 -6.183808  -65.930739  -23.818502  70.373453 3
 -5.778448  -61.608874  -22.257162  65.767502 
 0.000000  0.000000  0.000000  0.000000 
 49.912778  -22.004181  28.589327  61.585867 1
 27.551662  -12.223438  15.644135  33.959755 
 20.513931  -8.966407  11.887152  25.348381 
 5.197452  
 0.612835  0.701111  0.859373  1.068531   1.303357   1.535529   1.737043   1.883593   1.957504   1.949860   1.861583   1.703322   1.494164   1.259337   1.027165   0.825652   0.679101   0.605191 
 135.918869  
TUPLE  36.744804  
 34.496231  71.802455  -4.910192  79.810353 1
 4.663014  9.817094  -0.769443  10.896355 
 30.224615  62.800048  -4.196461  69.821214 
 32.832859  31.244121  57.694859  73.368170 0
 31.566217  30.038770  55.469078  70.537875 
 0.000000  0.000000  0.000000  0.000000 
 3.414014  
 0.428933  0.325657  0.274684  0.282163   0.347192   0.461927   0.612529   0.780834   0.946542   1.089665   1.192942   1.243914   1.236435   1.171407   1.056672   0.906069   0.737764   0.572057 
 111.244469  
TUPLE  36.744804  
 64.499212  -40.045592  -28.951137  81.252484 1
 12.574362  -7.543502  -5.401628  15.627414 
 51.303256  -32.116160  -23.270501  64.846020 
 63.582253  24.491312  -83.637034  107.878083 0
 18.103427  6.973278  -23.813516  30.715854 
 0.000000  0.000000  0.000000  0.000000 
 5.734315  
 1.873230  1.715179  1.491083  1.227972   0.957580   0.712522   0.522354   0.410013   0.389051   0.461994   0.620045   0.844141   1.107253   1.377644   1.622703   1.812871   1.925211   1.946174 
 106.880898  
TUPLE  36.744804  
 63.973291  16.881112  87.325562  109.559608 1
 67.856356  17.900511  91.536477  115.342357 
 20.247030  5.347989  28.727455  35.550360 
 -15.397042  38.301661  39.364174  57.040549 3
 -15.392902  38.291361  39.353588  57.038771 
 0.000000  0.000000  0.000000  0.000000 
 0.316615  
 1.269988  1.372477  1.494733  1.622008   1.738952   1.831460   1.888374   1.902829   1.873082   1.802720   1.700231   1.577976   1.450700   1.333756   1.241248   1.184334   1.169879   1.199627 
 101.000381  
TUPLE  0.001334  
 -49.797636  5.729282  53.327956  73.188114 2
 -22.700979  2.274723  24.270655  33.310554 
 -32.646585  4.093092  35.000682  48.038251 
 8.789408  39.079643  62.307551  74.072283 1
 5.586321  27.118470  43.766713  51.789604 
 3.968025  15.362121  23.963194  28.740092 
 0.916656  
 0.704900  0.498785  0.358503  0.300972   0.333132   0.451105   0.640660   0.878935   1.137191   1.384277   1.590392   1.730675   1.788206   1.756045   1.638073   1.448517   1.210242   0.951986 
 98.399963  
TUPLE  31.355324  
 -56.309374  -21.235623  -51.588228  79.265646 1
 -51.304693  -19.360128  -46.990162  72.215517 
 -3.176750  -1.186140  -2.923394  4.479187 
 -55.701102  12.000110  -76.043641  95.022369 1
 -36.048199  7.649487  -48.567593  60.965711 
 -17.064392  3.793031  -23.942610  29.645360 
 4.391565  
 0.835435  1.124620  1.385521  1.586670   1.703804   1.722797   1.641356   1.469306   1.227397   0.944808   0.655623   0.394722   0.193573   0.076438   0.057446   0.138886   0.310937   0.552846 
 116.854691  
TUPLE  44.201973  
 67.409071  46.618487  -64.618604  104.368722 1
 42.815892  29.778927  -41.371696  66.570427 
 25.555336  17.504937  -24.169182  39.289510 
 29.374072  -9.664863  -0.384074  30.925608 1
 12.992217  -4.538466  0.023963  13.762828 
 16.741372  -5.244689  -0.412738  17.549042 
 2.718924  
 0.401420  0.381504  0.441541  0.574289   0.763738   0.987037   1.217253   1.426618   1.589880   1.687347   1.707263   1.647226   1.514477   1.325029   1.101730   0.871514   0.662149   0.498887 
 98.637741  
TUPLE  31.800991  
 39.953392  43.863517  5.786242  59.613440 1
 17.204657  18.842447  2.796121  25.668577 
 22.895528  25.182229  3.011380  34.167770 
 29.233177  -13.221149  -39.086615  50.568181 1
 4.568908  -2.403749  -6.327281  8.167429 
 25.962350  -11.404477  -34.494951  44.654513 
 0.555877  
 1.871872  1.758121  1.599173  1.414198   1.225509   1.055863   0.925722   0.850784   0.840086   0.894919   1.008670   1.167619   1.352593   1.541282   1.710928   1.841069   1.916008   1.926705 
 160.856339  
TUPLE  33.718788  
 -63.761522  -10.087409  27.092702  70.009299 1
 -58.513505  -8.911429  25.012807  64.256547 
 -4.707439  -1.090456  1.850199  5.175957 
 10.172195  -28.262162  43.052586  52.495224 1
 1.095309  -2.759207  4.590352  5.468431 
 9.828950  -27.592473  41.645255  50.914618 
 3.211341  
 1.478082  1.396048  1.241198  1.032210   0.794289   0.556134   0.346468   0.190581   0.107274   0.106597   0.188631   0.343480   0.552469   0.790389   1.028545   1.238211   1.394098   1.477404 
 116.045532  
TUPLE  33.718788  
 68.296408  -35.988125  -231.073125  243.627449 1
 60.833465  -32.093487  -206.352270  217.513175 
 5.627815  -2.927632  -18.511880  19.569140 
 23.629197  -60.881635  -301.768395  308.754071 0
 23.313345  -60.067830  -297.734657  304.626988 
 0.000000  0.000000  0.000000  0.000000 
 4.816511  
 0.463470  0.433056  0.490958  0.630192   0.833964   1.077696   1.331992   1.566178   1.752009   1.867070   1.897485   1.839583   1.700349   1.496577   1.252844   0.998549   0.764362   0.578531 
 116.051758  
TUPLE  35.796818  
 -51.759548  76.962104  -132.550875  161.777472 1
 -46.574003  69.090840  -118.982317  145.256646 
 -6.319281  9.557029  -16.471927  20.065212 
 32.626040  26.099934  3.520650  41.929226 1
 25.901056  20.614606  2.798403  33.221638 
 5.693119  4.659864  0.610899  7.383586 
 1.545953  
 0.326075  0.417316  0.491881  0.540776   0.558103   0.541772   0.493754   0.419840   0.328945   0.232032   0.140791   0.066226   0.017331   0.000004   0.016335   0.064353   0.138267   0.229162 
 154.173798  
TUPLE  33.402683  
 -130.130402  -177.263154  376.330194  435.867597 1
 -104.966612  -143.070278  303.958356  351.962776 
 -26.636228  -36.198633  76.630077  88.837023 
 4.854452  -60.954124  96.892969  114.574074 3
 4.746287  -59.595986  94.734064  112.025827 
 0.000000  0.000000  0.000000  0.000000 
 2.723432  
 1.891320  1.860165  1.832988  1.813065   1.802799   1.803430   1.814880   1.835769   1.863577   1.894950   1.926104   1.953282   1.973205   1.983470   1.982840   1.971390   1.950501   1.922693 
 103.295830  
TUPLE  33.402683  
 7.105848  61.233859  -37.888833  72.357738 1
 6.780401  53.044943  -32.329324  62.489555 
 0.251147  7.548621  -5.163324  9.150021 
 -34.733430  -3.966769  10.804014  36.590616 1
 -8.920237  -1.028519  2.464264  9.312387 
 -27.782331  -3.163142  8.952260  29.360255 
 0.320397  
 0.681415  0.878178  1.049912  1.175902   1.240953   1.237219   1.165149   1.033437   0.857969   0.659909   0.463146   0.291412   0.165421   0.100370   0.104105   0.176174   0.307886   0.483354 
 116.923523  
TUPLE  33.402683  
 -46.080773  -3.868664  -4.692936  46.480403 1
 -18.277264  -1.820768  -2.277258  18.508889 
 -31.598939  -2.366539  -2.802210  31.811382 
 -7.615006  44.983561  14.261152  47.800518 1
 -3.923393  21.658166  6.849568  23.052228 
 -3.323040  21.148163  6.721335  22.438404 
 5.641292  
 1.004529  1.036354  1.010703  0.930671   0.805909   0.651468   0.485973   0.329387   0.200596   0.115134   0.083309   0.108960   0.188992   0.313754   0.468195   0.633690   0.790276   0.919067 
 120.092087  
TUPLE  36.744804  
 88.369583  -1.244905  64.364112  109.331934 1
 14.006439  -0.071299  10.265615  17.366282 
 81.476777  -1.273819  59.279718  100.768006 
 49.067454  -15.424984  -20.447356  55.350154 2
 30.794041  -9.553302  -12.809488  34.693529 
 19.169084  -6.153248  -8.011112  21.681468 
 4.299837  
 1.170506  0.850502  0.547264  0.297366   0.130950   0.068087   0.116362   0.269949   0.510326   0.808498   1.128502   1.431741   1.681639   1.848055   1.910917   1.862643   1.709055   1.468678 
 121.249168  
TUPLE  33.402683  
 -50.263646  -65.926453  -58.092890  101.230011 1
 -24.624880  -32.228280  -28.261773  49.434745 
 -22.011669  -28.940838  -25.639057  44.491181 
 -29.467579  -57.224279  -199.259946  209.397905 0
 -28.549358  -55.441147  -193.050927  202.873030 
 0.000000  0.000000  0.000000  0.000000 
 3.102299  
 1.699842  1.633727  1.576494  1.535049   1.514388   1.517005   1.542583   1.588038   1.647887   1.714911   1.781026   1.838259   1.879704   1.900365   1.897748   1.872170   1.826715   1.766866 
 120.357147  
TUPLE  33.718788  
 79.549121  -2.676907  -22.090854  82.602871 1
 27.625961  -0.527172  -7.795168  28.709855 
 53.261876  -2.194912  -14.667409  55.288301 
 -19.261670  -34.818134  2.305277  39.857605 0
 -16.991987  -30.715367  2.033636  35.161293 
 0.000000  0.000000  0.000000  0.000000 
 3.766544  
 1.000000  1.000000  1.000000  1.000000   1.000000   1.000000   1.000000   1.000000   1.000000   1.000000   1.000000   1.000000   1.000000   1.000000   1.000000   1.000000   1.000000   1.000000 
 129.961777  
TUPLE  36.744804  
 62.508814  -4.508750  60.737956  87.274166 1
 49.380290  -3.563627  48.002780  68.959400 
 12.572880  -0.905044  12.195272  17.539649 
 33.024706  -41.821820  -19.546590  56.760594 2
 3.786396  -5.038720  -2.528949  6.792684 
 32.281013  -40.636316  -18.818548  55.204933 
 4.015167  
 0.435296  0.223922  0.074153  0.004054   0.022080   0.126056   0.303442   0.532842   0.786587   1.034072   1.245446   1.395215   1.465314   1.447288   1.343311   1.165926   0.936526   0.682781 
 117.767303  
TUPLE  33.402683  
 15.352293  49.687350  42.864662  67.393657 3
 15.433538  49.950287  43.091495  67.756661 
 0.000000  0.000000  0.000000  0.000000 
 -20.903702  26.681239  116.580736  121.408077 1
 -3.677921  4.500106  20.459810  21.269729 
 -17.826130  22.947412  99.469104  103.626616 
 2.977302  
 0.948473  0.973146  0.983706  0.978881   0.959252   0.927186   0.886552   0.842250   0.799624   0.763816   0.739143   0.728583   0.733408   0.753038   0.785103   0.825737   0.870039   0.912665 
 88.295898  
TUPLE  0.718627  
 -17.561587  -69.761360  -5.538888  72.150787 1
 -1.802562  -7.877094  -0.732341  8.115026 
 -15.066369  -59.132780  -4.588085  61.194362 
 35.455162  -10.341692  0.113511  36.932803 1
 27.536281  -7.743927  0.092510  28.604951 
 12.162097  -3.835442  0.034585  12.753299 
 5.645270  
 0.506292  0.283355  0.154583  0.135507   0.228429   0.422141   0.693277   1.009136   1.331620   1.621832   1.844769   1.973542   1.992617   1.899695   1.705984   1.434847   1.118988   0.796504 
 113.943794  
TUPLE  35.796818  
 50.365409  112.526343  136.372582  183.837791 3
 50.988266  113.917947  138.059093  186.113558 
 0.000000  0.000000  0.000000  0.000000 
 -10.465993  30.921108  28.181553  43.125999 1
 -9.182121  27.370882  24.982460  38.178781 
 -1.758430  4.952280  4.476927  6.904943 
 5.107374  
 1.548145  1.523493  1.499220  1.478254   1.463123   1.455652   1.456742   1.466263   1.483065   1.505122   1.529774   1.554047   1.575014   1.590145   1.597616   1.596525   1.587005   1.570202 
 69.785751  
TUPLE  36.744804  
 -65.984688  -62.385329  -46.663682  102.095091 1
 -6.754859  -6.424387  -4.904047  10.534231 
 -63.380380  -59.885088  -44.694860  97.984413 
 -30.705555  -32.522407  28.508769  53.040437 0
 -30.311965  -32.105529  28.143338  52.360741 
 0.000000  0.000000  0.000000  0.000000 
 3.343514  
 0.800435  0.597185  0.409208  0.259177   0.165186   0.138574   0.182549   0.291808   0.453172   0.647179   0.850428   1.038405   1.188437   1.282427   1.309040   1.265065   1.155806   0.994442 
 119.774109  
TUPLE  33.718788  
 79.937417  -18.018664  -64.685836  104.397894 1
 17.092104  -3.965475  -14.153760  22.543589 
 59.697646  -13.343675  -47.984964  77.745981 
 25.184515  19.180382  -78.914010  85.026865 1
 9.071864  6.949901  -28.756819  30.944692 
 14.797178  11.228618  -46.035203  49.641681 
 1.363629  
 1.496297  1.724494  1.867570  1.908268   1.841679   1.675835   1.430739   1.135954   0.827034   0.541240   0.313043   0.169967   0.129269   0.195858   0.361702   0.606798   0.901583   1.210503 
 103.936256  
TUPLE  31.800991  
 42.811027  55.577769  176.960809  190.359661 1
 19.180998  24.941839  78.565066  84.631525 
 26.349774  34.166735  109.637906  117.822600 
 33.237114  -15.405841  15.231308  39.674153 0
 32.627332  -15.123199  14.951868  38.946524 
 0.000000  0.000000  0.000000  0.000000 
 3.611766  
 0.950146  0.914967  0.907808  0.929533   0.977521   1.045984   1.126664   1.209830   1.285452   1.344408   1.379586   1.386745   1.365021   1.317033   1.248570   1.167890   1.084723   1.009101 
 117.973511  
TUPLE  31.800991  
 -57.949263  -27.957162  98.144593  117.354511 1
 -59.477984  -28.089961  99.932837  119.638070 
 -5.707052  -3.358050  10.466480  12.385975 
 25.537232  -34.429575  47.073011  63.666429 1
 1.953474  -2.620748  3.794099  5.009895 
 25.258613  -34.066884  46.366188  62.836229 
 5.206460  
 0.310381  0.399252  0.483541  0.553081   0.599485   0.617155   0.603960   0.561492   0.494873   0.412139   0.323267   0.238978   0.169438   0.123034   0.105364   0.118559   0.161027   0.227646 
 106.990128  
TUPLE  31.355324  
 76.023497  2.115389  -103.961348  128.809972 1
 6.102756  0.276171  -8.378038  10.369711 
 70.952493  1.867910  -96.994216  120.190022 
 -14.408399  40.554927  -34.806067  55.351300 2
 -6.127608  17.653623  -15.239773  24.113651 
 -6.950402  19.156696  -16.352503  26.129759 
 0.215910  
 1.475320  1.427527  1.386989  1.358596   1.345773   1.350066   1.370957   1.405927   1.450757   1.500042   1.547835   1.588373   1.616766   1.629589   1.625296   1.604405   1.569435   1.524604 
 128.826004  
TUPLE  0.718627  
 51.605347  -16.894019  -42.011973  68.655120 1
 36.780488  -11.729271  -29.509357  48.592198 
 17.211122  -5.945939  -14.445277  23.243519 
 -1.092796  32.591176  -107.876690  112.697646 1
 -0.839885  17.810863  -58.976527  61.613168 
 -0.321908  16.838451  -55.712583  58.202639 
 4.620940  
 1.978483  1.914684  1.753639  1.514772   1.226893   0.924724   0.644713   0.420632   0.279509   0.238365   0.302163   0.463208   0.702075   0.989955   1.292123   1.572134   1.796215   1.937339 
 113.491058  
TUPLE  44.201973  
 94.859327  21.064590  83.756977  128.285775 1
 41.073829  8.626466  36.318313  55.502385 
 49.038581  11.384017  43.247329  66.368125 
 53.083626  55.324365  79.896867  110.734665 1
 21.990350  23.032424  32.917990  45.800454 
 34.619370  35.966879  52.286048  72.290845 
 4.476812  
 1.065181  0.792381  0.528026  0.304001   0.147325   0.076898   0.101213   0.217337   0.411265   0.659605   0.932405   1.196760   1.420786   1.577461   1.647889   1.623574   1.507449   1.313522 
 124.818054  
TUPLE  33.718788  
 -108.220370  39.732131  58.002391  129.052579 0
 -107.180541  39.350367  57.445078  127.812661 
 0.000000  0.000000  0.000000  0.000000 
 -37.642108  5.199765  89.868272  97.571882 0
 -38.144289  5.269135  91.067198  98.873680 
 0.000000  0.000000  0.000000  0.000000 
 5.479122  
 0.086687  0.017135  0.057843  0.203900   0.437688   0.731011   1.048489   1.351829   1.604444   1.775865   1.845417   1.804709   1.658652   1.424864   1.131541   0.814063   0.510723   0.258108 
 106.594574  
TUPLE  44.201973  
 94.289548  41.460428  96.747081  141.313423 2
 80.638330  35.472838  82.747759  120.863864 
 11.365849  4.982681  11.654388  17.026663 
 0.306209  36.672081  82.323097  90.122293 1
 0.388481  22.250136  48.941541  53.763495 
 -0.076150  15.155024  35.027202  38.165477 
 0.462530  
 1.314514  1.162560  1.035809  0.949549   0.914184   0.933980   1.006548   1.123137   1.269683   1.428511   1.580465   1.707215   1.793476   1.828841   1.809045   1.736477   1.619888   1.473342 
 126.315514  
TUPLE  31.800991  
 -75.793101  13.333991  108.425176  132.960176 1
 -59.099468  10.708365  84.925731  104.018342 
 -17.440062  2.756936  24.567250  30.254330 
 4.750302  -30.197634  31.810960  44.118019 1
 1.275124  -6.002658  6.474969  8.922026 
 3.351178  -23.406707  24.505610  34.053597 
 2.951071  
 1.888525  1.935369  1.872489  1.707468   1.460212   1.160542   0.844603   0.550502   0.313713   0.162794   0.115950   0.178830   0.343851   0.591108   0.890778   1.206716   1.500817   1.737607 
 122.281799  
TUPLE  53.569981  
 70.184277  -58.145254  -87.415950  126.286387 1
 41.935179  -35.069612  -52.348680  75.689105 
 24.436031  -19.916648  -30.318019  43.737776 
 9.585533  -83.052633  -20.308409  86.035189 1
 1.220639  -9.577890  -2.499361  9.974579 
 8.329047  -73.164193  -17.733112  75.742020 
 3.269169  
 0.809768  0.661352  0.584177  0.587551   0.671067   0.824652   1.029782   1.261714   1.492474   1.694230   1.842646   1.919822   1.916448   1.832932   1.679346   1.474217   1.242284   1.011524 
 147.751266  
TUPLE  35.796818  
 137.302247  -307.669029  -441.954911  555.730404 2
 105.798499  -238.126267  -341.733654  429.743355 
 31.060856  -68.550327  -98.795643  124.195717 
 -18.867365  -34.811867  -39.957442  56.253361 1
 -13.171142  -24.416726  -28.019640  39.430638 
 -6.381217  -11.659016  -13.388492  18.865909 
 6.267090  
 1.177811  0.949474  0.696397  0.449106   0.237428   0.086893   0.015659   0.032317   0.134858   0.310915   0.539252   0.792328   1.039619   1.251298   1.401833   1.473067   1.456409   1.353867 
 117.233200  
TUPLE  31.800991  
 -1.320172  -79.099328  -71.360409  106.539919 0
 -1.247525  -74.746598  -67.433541  100.677267 
 0.000000  0.000000  0.000000  0.000000 
 -30.311834  6.629032  -45.354825  54.952812 1
 -3.362082  0.439854  -4.938081  5.991760 
 -30.608234  6.989299  -45.890849  55.603080 
 4.423499  
 0.655456  0.455993  0.300252  0.207017   0.187534   0.244152   0.370042   0.550020   0.762379   0.981504   1.180966   1.336707   1.429942   1.449426   1.392808   1.266918   1.086940   0.874581 
 113.536797  
Analysed in total events  :      49523 events 
Analysed in total files   :          1 files  
__analysis completed__
